Workbook
Name Slicer_Column47: #N/A

Sheet FCS
A1: FIELD COMPACTION SUMMARY | P1: Reporte Nº: | S1: CV-QC-RM-CS-210011
A2: PRESA DE RELAVES ENLOZADA C1 | P2: Mes del reporte | S2: Diciembre
P3: Periodo : | S3: 44531 | T3: al | U3: 44530
A4: TEST IDENTIFICATION | N4: IN SITU DATA | Y4: LABORATORY TEST DATA | AH4: FIELD AND LABORATORY CORRELATION | AO4: REMARKS
A5: SOURCE (4): CYCLONE STATION
A6: FILL (2): TAILING | P6: Loose lift thickness= | U6: 30 cm | Y6: PROCTOR COMPACTION STANDARD-S (7)
A7: Test No./ code (1) | C7: File No. | D7: Resp. Guar. | E7: Turn | F7: Lift No. | G7: Date | H7: Location | Y7: SPECIFIED COMPACTION: | AC7: 98 | AD7: % | AE7: Proctor Compaction | AH7: One-Point Proctor | AX7: Sin Formula
H8: Easting | I8: Northing | J8: Elev. | K8: Cancha | L8: Sb/ Sp No. | M8: Depth (cm) | N8: No. Dens | O8: Corr. Moisture | P8: Moisture, % (6) | R8: Dry Density g/cm3 | T8: Wet density Dens | U8: Method (9) | V8: Compactor (5) | W8: Passes | X8: Real Passes | Y8: Specific Gravity | Z8: Max. Particle size | AA8: Percent passing (Control) | AE8: Max. Dry Density | AF8: Optimum Moisture | AG8: Curve Code | AH8: Dry Density | AI8: Wet density | AJ8: Moisture | AK8: Select. Curve | AL8: Moisture | AM8: Compaction % | AO8: Opinion (8) | AP8: Retest from | AQ8: Remarks | AR8: Retest on | AS8: R. Sem | AT8: R. Sem | AU8: R. Sem | AV8: R. Sem | AX8: revisar
A9: MWH-QA | B9: SMCV-QC | O9: k | P9: Oven | Q9: Dens. | R9: Corr. | S9: Dens. | U9: N/S/PR | W9: # | X9: # | Y9: g/cm3 | AA9: No. 30 | AB9: No. 50 | AC9: No. 100 | AD9: No. 200 | AE9: g/cm3 | AF9: % | AH9: g/cm3 | AI9: g/cm3 | AJ9: % | AK9: No. | AL9: +/- | AM9: Pass | AN9: Failure | AS9: AP East | AT9: Fail East | AU9: CA point | AV9: # Sem
B10: Column1 | C10: Column2 | D10: Column3 | E10: Column4 | F10: Column5 | G10: Column6 | H10: Column7 | I10: Column8 | J10: Column9 | K10: Column10 | L10: Column11 | M10: Column12 | N10: Column13 | O10: Column14 | P10: Column15 | Q10: Column16 | R10: Column17 | S10: Column18 | T10: Column19 | U10: Column20 | V10: Column21 | W10: Column22 | X10: Column23 | Y10: Column24 | Z10: Column25 | AA10: Column26 | AB10: Column27 | AC10: Column28 | AD10: Column29 | AE10: Column30 | AF10: Column31 | AG10: Column32 | AH10: Column33 | AI10: Column34 | AJ10: Column35 | AK10: Column36 | AL10: Column37 | AM10: Column38 | AN10: Column39 | AO10: Column40 | AP10: Column41 | AQ10: Column42 | AR10: Column43 | AS10: Column44 | AT10: Column45 | AU10: Column46 | AV10: Column47
B11: DN-261020 | D11: GM | E11: A | G11: 46082 | H11: 1845.17 | I11: 98.61 | J11: 2590.66 | K11: 4B-H | L11: Sp 57 | M11: 30 | N11: 88653 | O11: 67.5 | P11: 7.6 | Q11: 8.7361677 | R11: 1.7351301 | S11: 1.717 | T11: 1.867 | U11: N | V11: D6R+B6T | W11: 8 | X11: 4 | Y11: 2.807 | AE11: 1.714 | AF11: 16.2 | AH11: 1.7131783 | AI11: 1.989 | AJ11: 16.1 | AK11: PR-260003 | AL11: 0.1 | AM11: 101.2328 | AO11: Ok | AQ11: CA-260102 | AS11: =+IF(Table1[[#This Row],[Column40]]="ok",Table1[[#This Row],[Column7]],0) -> 1845.17 | AT11: =+IF(Table1[[#This Row],[Column40]]="No",Table1[[#This Row],[Column7]],0) -> 0 | AU11: =+IF(LEFT(Table1[[#This Row],[Column42]],2)="DN",IF(Table1[[#This Row],[Column40]]="ok","(CA)",_xlfn.CONCAT("(CA)",CHAR(10),"FAIL")),"") | AV11: =+IF(Table1[[#This Row],[Column6]]=0,"",_xlfn.CONCAT("Sem ",WEEKNUM(Table1[[#This Row],[Column6]],2))) -> Sem 9
B12: CA-260102 | D12: GM | E12: A | G12: 46082 | H12: 1845.17 | I12: 98.61 | J12: 2590.66 | K12: 4B-H | L12: Sp 57 | M12: 15 | P12: 7.6181873 | R12: 1.7292599 | T12: 1.8609981 | U12: S | V12: D6R+B6T | W12: 6 | X12: 8 | Z12: N° 16 | AA12: 98.614875 | AB12: 76.96477 | AC12: 35.350798 | AD12: 13.158687 | AE12: 1.714 | AF12: 16.2 | AG12: PR-260003 | AH12: 1.7130556 | AI12: 1.988715 | AJ12: 16.091677 | AK12: PR-260003 | AL12: 0.10832328 | AM12: 100.89031 | AO12: OK | AP12: 0 | AQ12: DN-261020 | AS12: =+IF(Table1[[#This Row],[Column40]]="ok",Table1[[#This Row],[Column7]],0) -> 1845.17 | AT12: =+IF(Table1[[#This Row],[Column40]]="No",Table1[[#This Row],[Column7]],0) -> 0 | AU12: =+IF(LEFT(Table1[[#This Row],[Column42]],2)="DN",IF(Table1[[#This Row],[Column40]]="ok","(CA)",_xlfn.CONCAT("(CA)",CHAR(10),"FAIL")),"") -> (CA) | AV12: =+IF(Table1[[#This Row],[Column6]]=0,"",_xlfn.CONCAT("Sem ",WEEKNUM(Table1[[#This Row],[Column6]],2))) -> Sem 9
B13: DN-261021 | D13: GM | E13: A | G13: 46082 | H13: 1769.33 | I13: 111.15 | J13: 2601.52 | K13: 4B-H | L13: Sp 54 | M13: 30 | N13: 88653 | O13: 67.5 | P13: 8.8 | Q13: 8.87471 | R13: 1.7251838 | S13: 1.724 | T13: 1.877 | U13: N | V13: D6R+B6T | W13: 8 | X13: 4 | Y13: 2.807 | AE13: 1.717 | AF13: 0 | AK13: PR-260031 | AM13: 100.47664 | AO13: Ok | AQ13: 0 | AS13: =+IF(Table1[[#This Row],[Column40]]="ok",Table1[[#This Row],[Column7]],0) -> 1769.33 | AT13: =+IF(Table1[[#This Row],[Column40]]="No",Table1[[#This Row],[Column7]],0) -> 0 | AU13: =+IF(LEFT(Table1[[#This Row],[Column42]],2)="DN",IF(Table1[[#This Row],[Column40]]="ok","(CA)",_xlfn.CONCAT("(CA)",CHAR(10),"FAIL")),"") | AV13: =+IF(Table1[[#This Row],[Column6]]=0,"",_xlfn.CONCAT("Sem ",WEEKNUM(Table1[[#This Row],[Column6]],2))) -> Sem 9
B14: DN-261022 | D14: GM | E14: A | G14: 46082 | H14: 1700.27 | I14: 129.83 | J14: 2604.08 | K14: 4A-H | L14: Sp 51 | M14: 30 | N14: 88653 | O14: 67.5 | P14: 10.5 | Q14: 10.152284 | R14: 1.7674208 | S14: 1.773 | T14: 1.953 | U14: N | V14: D6R+B6T | W14: 8 | X14: 4 | Y14: 2.807 | AE14: 1.717 | AF14: 0 | AK14: PR-260031 | AM14: 102.93656 | AO14: Ok | AQ14: 0 | AS14: =+IF(Table1[[#This Row],[Column40]]="ok",Table1[[#This Row],[Column7]],0) -> 1700.27 | AT14: =+IF(Table1[[#This Row],[Column40]]="No",Table1[[#This Row],[Column7]],0) -> 0 | AU14: =+IF(LEFT(Table1[[#This Row],[Column42]],2)="DN",IF(Table1[[#This Row],[Column40]]="ok","(CA)",_xlfn.CONCAT("(CA)",CHAR(10),"FAIL")),"") | AV14: =+IF(Table1[[#This Row],[Column6]]=0,"",_xlfn.CONCAT("Sem ",WEEKNUM(Table1[[#This Row],[Column6]],2))) -> Sem 9
B15: DN-261023 | D15: GM | E15: A | G15: 46082 | H15: 1723.48 | I15: 209.82 | J15: 2578.96 | K15: 4A-H | L15: Sp 52 | M15: 30 | N15: 88653 | O15: 67.5 | P15: 10.4 | Q15: 9.1967404 | R15: 1.6992754 | S15: 1.718 | T15: 1.876 | U15: N | V15: D6R+B6T | W15: 8 | X15: 4 | Y15: 2.807 | AE15: 1.717 | AK15: PR-260031 | AM15: 98.967697 | AO15: Ok | AQ15: 0 | AS15: =+IF(Table1[[#This Row],[Column40]]="ok",Table1[[#This Row],[Column7]],0) -> 1723.48 | AT15: =+IF(Table1[[#This Row],[Column40]]="No",Table1[[#This Row],[Column7]],0) -> 0 | AU15: =+IF(LEFT(Table1[[#This Row],[Column42]],2)="DN",IF(Table1[[#This Row],[Column40]]="ok","(CA)",_xlfn.CONCAT("(CA)",CHAR(10),"FAIL")),"") | AV15: =+IF(Table1[[#This Row],[Column6]]=0,"",_xlfn.CONCAT("Sem ",WEEKNUM(Table1[[#This Row],[Column6]],2))) -> Sem 9
B16: DN-261024 | D16: GM | E16: A | G16: 46082 | H16: 1801.93 | I16: 190.9 | J16: 2573.74 | K16: 4B-H | L16: Sp 55 | M16: 30 | N16: 88653 | O16: 67.5 | P16: 15.9 | Q16: 13.847013 | R16: 1.7592752 | S16: 1.791 | T16: 2.039 | U16: N | V16: D6R+B6T | W16: 8 | X16: 4 | Y16: 2.807 | AE16: 1.717 | AF16: 0 | AK16: PR-260031 | AM16: 102.46216 | AO16: Ok | AQ16: 0 | AS16: =+IF(Table1[[#This Row],[Column40]]="ok",Table1[[#This Row],[Column7]],0) -> 1801.93 | AT16: =+IF(Table1[[#This Row],[Column40]]="No",Table1[[#This Row],[Column7]],0) -> 0 | AU16: =+IF(LEFT(Table1[[#This Row],[Column42]],2)="DN",IF(Table1[[#This Row],[Column40]]="ok","(CA)",_xlfn.CONCAT("(CA)",CHAR(10),"FAIL")),"") | AV16: =+IF(Table1[[#This Row],[Column6]]=0,"",_xlfn.CONCAT("Sem ",WEEKNUM(Table1[[#This Row],[Column6]],2))) -> Sem 9
B17: DN-261025 | D17: GM | E17: A | G17: 46082 | H17: 1886.67 | I17: 167.36 | J17: 2571.16 | K17: 4B-H | L17: Sp 59 | M17: 30 | N17: 88653 | O17: 67.5 | P17: 7 | Q17: 8.4872979 | R17: 1.7560748 | S17: 1.732 | T17: 1.879 | U17: N | V17: D6R+B6T | W17: 8 | X17: 4 | Y17: 2.807 | AE17: 1.717 | AF17: 0 | AK17: PR-260031 | AM17: 102.27576 | AO17: Ok | AQ17: 0 | AS17: =+IF(Table1[[#This Row],[Column40]]="ok",Table1[[#This Row],[Column7]],0) -> 1886.67 | AT17: =+IF(Table1[[#This Row],[Column40]]="No",Table1[[#This Row],[Column7]],0) -> 0 | AU17: =+IF(LEFT(Table1[[#This Row],[Column42]],2)="DN",IF(Table1[[#This Row],[Column40]]="ok","(CA)",_xlfn.CONCAT("(CA)",CHAR(10),"FAIL")),"") | AV17: =+IF(Table1[[#This Row],[Column6]]=0,"",_xlfn.CONCAT("Sem ",WEEKNUM(Table1[[#This Row],[Column6]],2))) -> Sem 9
B18: DN-261026 | D18: GM | E18: A | G18: 46082 | H18: 1827.54 | I18: 252.76 | J18: 2555.87 | K18: 4B-M | L18: Sp 56 | M18: 30 | N18: 88653 | O18: 67.5 | P18: 10.7 | Q18: 10.075275 | R18: 1.7172538 | S18: 1.727 | T18: 1.901 | U18: N | V18: D6R+B6T | W18: 8 | X18: 4 | Y18: 2.807 | AE18: 1.717 | AF18: 0 | AK18: PR-260031 | AM18: 100.01478 | AO18: Ok | AQ18: 0 | AS18: =+IF(Table1[[#This Row],[Column40]]="ok",Table1[[#This Row],[Column7]],0) -> 1827.54 | AT18: =+IF(Table1[[#This Row],[Column40]]="No",Table1[[#This Row],[Column7]],0) -> 0 | AU18: =+IF(LEFT(Table1[[#This Row],[Column42]],2)="DN",IF(Table1[[#This Row],[Column40]]="ok","(CA)",_xlfn.CONCAT("(CA)",CHAR(10),"FAIL")),"") | AV18: =+IF(Table1[[#This Row],[Column6]]=0,"",_xlfn.CONCAT("Sem ",WEEKNUM(Table1[[#This Row],[Column6]],2))) -> Sem 9
B19: DN-261027 | D19: GM | E19: A | G19: 46082 | H19: 1761.91 | I19: 252.76 | J19: 2563.96 | K19: 4B-M | L19: Sp 54 | M19: 30 | N19: 88653 | O19: 67.5 | P19: 9.1 | Q19: 9.4903339 | R19: 1.7131072 | S19: 1.707 | T19: 1.869 | U19: N | V19: D6R+B6T | W19: 8 | X19: 4 | Y19: 2.807 | AE19: 1.717 | AF19: 16.3 | AH19: 1.7157623 | AI19: 1.992 | AJ19: 16.1 | AK19: PR-260031 | AL19: 0.2 | AM19: 99.773281 | AO19: Ok | AQ19: 0 | AS19: =+IF(Table1[[#This Row],[Column40]]="ok",Table1[[#This Row],[Column7]],0) -> 1761.91 | AT19: =+IF(Table1[[#This Row],[Column40]]="No",Table1[[#This Row],[Column7]],0) -> 0 | AU19: =+IF(LEFT(Table1[[#This Row],[Column42]],2)="DN",IF(Table1[[#This Row],[Column40]]="ok","(CA)",_xlfn.CONCAT("(CA)",CHAR(10),"FAIL")),"") | AV19: =+IF(Table1[[#This Row],[Column6]]=0,"",_xlfn.CONCAT("Sem ",WEEKNUM(Table1[[#This Row],[Column6]],2))) -> Sem 9
B20: DN-261028 | D20: GM | E20: A | G20: 46082 | H20: 1614.85 | I20: 155.49 | J20: 2597.06 | K20: 3C-H | L20: Sp 49 | M20: 30 | N20: 88653 | O20: 67.5 | P20: 10.8 | Q20: 9.9360837 | R20: 1.7075812 | S20: 1.721 | T20: 1.892 | U20: N | V20: D6R+B6T | W20: 8 | X20: 4 | Y20: 2.807 | AE20: 1.717 | AF20: 0 | AK20: PR-260031 | AM20: 99.45144 | AO20: Ok | AQ20: 0 | AS20: =+IF(Table1[[#This Row],[Column40]]="ok",Table1[[#This Row],[Column7]],0) -> 1614.85 | AT20: =+IF(Table1[[#This Row],[Column40]]="No",Table1[[#This Row],[Column7]],0) -> 0 | AU20: =+IF(LEFT(Table1[[#This Row],[Column42]],2)="DN",IF(Table1[[#This Row],[Column40]]="ok","(CA)",_xlfn.CONCAT("(CA)",CHAR(10),"FAIL")),"") | AV20: =+IF(Table1[[#This Row],[Column6]]=0,"",_xlfn.CONCAT("Sem ",WEEKNUM(Table1[[#This Row],[Column6]],2))) -> Sem 9
B21: DN-261029 | D21: GM | E21: A | G21: 46082 | H21: 1618.5 | I21: 238.34 | J21: 2571.8 | K21: 3C-H | L21: Sp 49 | M21: 30 | N21: 88653 | O21: 67.5 | P21: 9.4 | Q21: 9.3841642 | R21: 1.7047532 | S21: 1.705 | T21: 1.865 | U21: N | V21: D6R+B6T | W21: 8 | X21: 4 | Y21: 2.807 | AE21: 1.724 | AF21: 16.1 | AH21: 1.7226529 | AI21: 2 | AJ21: 16.1 | AK21: PR-260010 | AL21: 0 | AM21: 98.883596 | AO21: Ok | AQ21: 0 | AS21: =+IF(Table1[[#This Row],[Column40]]="ok",Table1[[#This Row],[Column7]],0) -> 1618.5 | AT21: =+IF(Table1[[#This Row],[Column40]]="No",Table1[[#This Row],[Column7]],0) -> 0 | AU21: =+IF(LEFT(Table1[[#This Row],[Column42]],2)="DN",IF(Table1[[#This Row],[Column40]]="ok","(CA)",_xlfn.CONCAT("(CA)",CHAR(10),"FAIL")),"") | AV21: =+IF(Table1[[#This Row],[Column6]]=0,"",_xlfn.CONCAT("Sem ",WEEKNUM(Table1[[#This Row],[Column6]],2))) -> Sem 9
B22: DN-261030 | D22: GM | E22: A | G22: 46082 | H22: 661.66 | I22: 45.54 | J22: 2635.6 | K22: 2A-H | L22: Plataforma | M22: 30 | N22: 88653 | O22: 67.5 | P22: 8.2 | Q22: 9.1514143 | R22: 1.818854 | S22: 1.803 | T22: 1.968 | U22: N | V22: B13T | W22: 4 | X22: 2 | Y22: 2.807 | AE22: 1.737 | AF22: 16.2 | AH22: 1.7358003 | AI22: 2.017 | AJ22: 16.2 | AK22: PR-260015 | AL22: 0 | AM22: 104.71238 | AO22: Ok | AQ22: CA-260103 | AS22: =+IF(Table1[[#This Row],[Column40]]="ok",Table1[[#This Row],[Column7]],0) -> 661.66 | AT22: =+IF(Table1[[#This Row],[Column40]]="No",Table1[[#This Row],[Column7]],0) -> 0 | AU22: =+IF(LEFT(Table1[[#This Row],[Column42]],2)="DN",IF(Table1[[#This Row],[Column40]]="ok","(CA)",_xlfn.CONCAT("(CA)",CHAR(10),"FAIL")),"") | AV22: =+IF(Table1[[#This Row],[Column6]]=0,"",_xlfn.CONCAT("Sem ",WEEKNUM(Table1[[#This Row],[Column6]],2))) -> Sem 9
B23: CA-260103 | D23: GM | E23: A1 | G23: 46082 | H23: 661.66 | I23: 45.54 | J23: 2635.6 | K23: 2A-H | L23: Plataforma | M23: 15 | P23: 8.2290363 | R23: 1.7630156 | T23: 1.9080948 | U23: S | V23: B13T | W23: 4/4 | X23: 4 | Z23: N° 16 | AA23: 98.998748 | AB23: 77.377972 | AC23: 35.294118 | AD23: 11.98373 | AE23: 1.737 | AF23: 16.2 | AG23: PR-260015 | AH23: 1.7362511 | AI23: 2.0174598 | AJ23: 16.196319 | AK23: PR-260015 | AL23: 0.0036809816 | AM23: 101.49773 | AO23: OK | AP23: 0 | AQ23: DN-261030 | AS23: =+IF(Table1[[#This Row],[Column40]]="ok",Table1[[#This Row],[Column7]],0) -> 661.66 | AT23: =+IF(Table1[[#This Row],[Column40]]="No",Table1[[#This Row],[Column7]],0) -> 0 | AU23: =+IF(LEFT(Table1[[#This Row],[Column42]],2)="DN",IF(Table1[[#This Row],[Column40]]="ok","(CA)",_xlfn.CONCAT("(CA)",CHAR(10),"FAIL")),"") -> (CA) | AV23: =+IF(Table1[[#This Row],[Column6]]=0,"",_xlfn.CONCAT("Sem ",WEEKNUM(Table1[[#This Row],[Column6]],2))) -> Sem 9
B24: DN-261031 | D24: GM | E24: B | G24: 46082 | H24: 1548.05 | I24: 138.03 | J24: 2604.431 | K24: 3C-H | L24: Sp 47 | M24: 30 | N24: 88653 | O24: 67.5 | P24: 8.6 | Q24: 7.1054164 | R24: 1.6933702 | S24: 1.717 | T24: 1.839 | U24: N | V24: D6R+B6T | W24: 8 | X24: 4 | Y24: 2.807 | AE24: 1.717 | AK24: PR-260031 | AM24: 98.623772 | AO24: Ok | AS24: =+IF(Table1[[#This Row],[Column40]]="ok",Table1[[#This Row],[Column7]],0) -> 1548.05 | AT24: =+IF(Table1[[#This Row],[Column40]]="No",Table1[[#This Row],[Column7]],0) -> 0 | AU24: =+IF(LEFT(Table1[[#This Row],[Column42]],2)="DN",IF(Table1[[#This Row],[Column40]]="ok","(CA)",_xlfn.CONCAT("(CA)",CHAR(10),"FAIL")),"") | AV24: =+IF(Table1[[#This Row],[Column6]]=0,"",_xlfn.CONCAT("Sem ",WEEKNUM(Table1[[#This Row],[Column6]],2))) -> Sem 9
B25: DN-261032 | D25: GM | E25: B | G25: 46082 | H25: 1470.97 | I25: 109.77 | J25: 2612.439 | K25: 3C-H | L25: Sp 45 | M25: 30 | N25: 88653 | O25: 67.5 | P25: 10.1 | Q25: 9.4393593 | R25: 1.7375114 | S25: 1.748 | T25: 1.913 | U25: N | V25: D6R+B6T | W25: 8 | X25: 4 | Y25: 2.807 | AE25: 1.717 | AF25: 0 | AK25: PR-260031 | AM25: 101.1946 | AO25: Ok | AS25: =+IF(Table1[[#This Row],[Column40]]="ok",Table1[[#This Row],[Column7]],0) -> 1470.97 | AT25: =+IF(Table1[[#This Row],[Column40]]="No",Table1[[#This Row],[Column7]],0) -> 0 | AU25: =+IF(LEFT(Table1[[#This Row],[Column42]],2)="DN",IF(Table1[[#This Row],[Column40]]="ok","(CA)",_xlfn.CONCAT("(CA)",CHAR(10),"FAIL")),"") | AV25: =+IF(Table1[[#This Row],[Column6]]=0,"",_xlfn.CONCAT("Sem ",WEEKNUM(Table1[[#This Row],[Column6]],2))) -> Sem 9
B26: DN-261033 | D26: GM | E26: B | G26: 46082 | H26: 1475.25 | I26: 190.77 | J26: 2589.265 | K26: 3C-H | L26: Sp 45 | M26: 30 | N26: 88653 | O26: 67.5 | P26: 8 | Q26: 8.8719154 | R26: 1.7157407 | S26: 1.702 | T26: 1.853 | U26: N | V26: D6R+B6T | W26: 8 | X26: 4 | Y26: 2.807 | AE26: 1.731 | AF26: 16.3 | AH26: 1.7185886 | AI26: 1.997 | AJ26: 16.2 | AK26: PR-260029 | AL26: 0.1 | AM26: 99.118471 | AO26: Ok | AS26: =+IF(Table1[[#This Row],[Column40]]="ok",Table1[[#This Row],[Column7]],0) -> 1475.25 | AT26: =+IF(Table1[[#This Row],[Column40]]="No",Table1[[#This Row],[Column7]],0) -> 0 | AU26: =+IF(LEFT(Table1[[#This Row],[Column42]],2)="DN",IF(Table1[[#This Row],[Column40]]="ok","(CA)",_xlfn.CONCAT("(CA)",CHAR(10),"FAIL")),"") | AV26: =+IF(Table1[[#This Row],[Column6]]=0,"",_xlfn.CONCAT("Sem ",WEEKNUM(Table1[[#This Row],[Column6]],2))) -> Sem 9
B27: DN-261034 | D27: GM | E27: B | G27: 46082 | H27: 1541.25 | I27: 219.06 | J27: 2580.76 | K27: 3C-H | L27: Sp 47 | M27: 30 | N27: 88653 | O27: 67.5 | P27: 8.7 | Q27: 8.7260035 | R27: 1.7194112 | S27: 1.719 | T27: 1.869 | U27: N | V27: D6R+B6T | W27: 8 | X27: 4 | Y27: 2.807 | AE27: 1.717 | AK27: PR-260031 | AM27: 100.14043 | AO27: Ok | AS27: =+IF(Table1[[#This Row],[Column40]]="ok",Table1[[#This Row],[Column7]],0) -> 1541.25 | AT27: =+IF(Table1[[#This Row],[Column40]]="No",Table1[[#This Row],[Column7]],0) -> 0 | AU27: =+IF(LEFT(Table1[[#This Row],[Column42]],2)="DN",IF(Table1[[#This Row],[Column40]]="ok","(CA)",_xlfn.CONCAT("(CA)",CHAR(10),"FAIL")),"") | AV27: =+IF(Table1[[#This Row],[Column6]]=0,"",_xlfn.CONCAT("Sem ",WEEKNUM(Table1[[#This Row],[Column6]],2))) -> Sem 9
B28: DN-261035 | D28: GM | E28: B | G28: 46082 | H28: 1571.96 | I28: 262.55 | J28: 2566.955 | K28: 3C-M | L28: Sp 48 | M28: 30 | N28: 88653 | O28: 67.5 | P28: 7.7 | Q28: 7.9512478 | R28: 1.7270195 | S28: 1.723 | T28: 1.86 | U28: N | V28: D6R+B6T | W28: 8 | X28: 4 | Y28: 2.807 | AE28: 1.717 | AF28: 0 | AK28: PR-260031 | AM28: 100.58355 | AO28: Ok | AS28: =+IF(Table1[[#This Row],[Column40]]="ok",Table1[[#This Row],[Column7]],0) -> 1571.96 | AT28: =+IF(Table1[[#This Row],[Column40]]="No",Table1[[#This Row],[Column7]],0) -> 0 | AU28: =+IF(LEFT(Table1[[#This Row],[Column42]],2)="DN",IF(Table1[[#This Row],[Column40]]="ok","(CA)",_xlfn.CONCAT("(CA)",CHAR(10),"FAIL")),"") | AV28: =+IF(Table1[[#This Row],[Column6]]=0,"",_xlfn.CONCAT("Sem ",WEEKNUM(Table1[[#This Row],[Column6]],2))) -> Sem 9
B29: DN-261036 | D29: GM | E29: B | G29: 46082 | H29: 1764.3 | I29: -45.39 | J29: 2635.217 | K29: 4B-H | L29: Sp 54 | M29: 30 | N29: 88653 | O29: 67.5 | P29: 16.2 | Q29: 17.275943 | R29: 1.711704 | S29: 1.696 | T29: 1.989 | U29: N | V29: B3.3T | W29: 12 | X29: 6 | Y29: 2.807 | AE29: 1.684 | AF29: 16.8 | AH29: 1.6772532 | AI29: 1.954 | AJ29: 16.5 | AK29: PRM-1562 | AL29: 0.3 | AM29: 101.64513 | AO29: Ok | AS29: =+IF(Table1[[#This Row],[Column40]]="ok",Table1[[#This Row],[Column7]],0) -> 1764.3 | AT29: =+IF(Table1[[#This Row],[Column40]]="No",Table1[[#This Row],[Column7]],0) -> 0 | AU29: =+IF(LEFT(Table1[[#This Row],[Column42]],2)="DN",IF(Table1[[#This Row],[Column40]]="ok","(CA)",_xlfn.CONCAT("(CA)",CHAR(10),"FAIL")),"") | AV29: =+IF(Table1[[#This Row],[Column6]]=0,"",_xlfn.CONCAT("Sem ",WEEKNUM(Table1[[#This Row],[Column6]],2))) -> Sem 9
B30: DN-261037 | D30: GM | E30: A | G30: 46083 | H30: 661.38 | I30: 24.75 | J30: 2635.6 | K30: 2A-H | L30: P.46 OF | M30: 30 | N30: 88653 | O30: 67.5 | P30: 8.9 | Q30: 9.212828 | R30: 1.7199265 | S30: 1.715 | T30: 1.873 | U30: N | V30: B7T | W30: 6 | X30: 3 | Y30: 2.807 | AE30: 1.717 | AF30: 16.3 | AH30: 1.7128117 | AI30: 1.992 | AJ30: 16.3 | AK30: PR-260031 | AL30: 0 | AM30: 100.17044 | AO30: Ok | AQ30: 0 | AS30: =+IF(Table1[[#This Row],[Column40]]="ok",Table1[[#This Row],[Column7]],0) -> 661.38 | AT30: =+IF(Table1[[#This Row],[Column40]]="No",Table1[[#This Row],[Column7]],0) -> 0 | AU30: =+IF(LEFT(Table1[[#This Row],[Column42]],2)="DN",IF(Table1[[#This Row],[Column40]]="ok","(CA)",_xlfn.CONCAT("(CA)",CHAR(10),"FAIL")),"") | AV30: =+IF(Table1[[#This Row],[Column6]]=0,"",_xlfn.CONCAT("Sem ",WEEKNUM(Table1[[#This Row],[Column6]],2))) -> Sem 10
B31: DN-261038 | D31: GM | E31: A | G31: 46083 | H31: 661 | I31: 18.19 | J31: 2635.6 | K31: 2A-H | L31: SA-OF | M31: 30 | N31: 88653 | O31: 67.5 | P31: 8.5 | Q31: 9.0079818 | R31: 1.762212 | S31: 1.754 | T31: 1.912 | U31: N | V31: B13T(*) | W31: 6 | X31: 3 | Y31: 2.807 | AE31: 1.74 | AF31: 0 | AK31: PRM-1565 | AM31: 101.27655 | AO31: Ok | AQ31: 0 | AS31: =+IF(Table1[[#This Row],[Column40]]="ok",Table1[[#This Row],[Column7]],0) -> 661 | AT31: =+IF(Table1[[#This Row],[Column40]]="No",Table1[[#This Row],[Column7]],0) -> 0 | AU31: =+IF(LEFT(Table1[[#This Row],[Column42]],2)="DN",IF(Table1[[#This Row],[Column40]]="ok","(CA)",_xlfn.CONCAT("(CA)",CHAR(10),"FAIL")),"") | AV31: =+IF(Table1[[#This Row],[Column6]]=0,"",_xlfn.CONCAT("Sem ",WEEKNUM(Table1[[#This Row],[Column6]],2))) -> Sem 10
B32: DN-261039 | D32: GM | E32: A | G32: 46083 | H32: 660.94 | I32: 84.9 | J32: 2635.54 | K32: 2A-H | L32: SA-UF | M32: 30 | N32: 88653 | O32: 67.5 | P32: 8.5 | Q32: 8.2758621 | R32: 1.7364055 | S32: 1.74 | T32: 1.884 | U32: N | V32: B13T(*) | W32: 6 | X32: 3 | Y32: 2.807 | AE32: 1.74 | AK32: PRM-1565 | AM32: 99.793421 | AO32: Ok | AQ32: 0 | AS32: =+IF(Table1[[#This Row],[Column40]]="ok",Table1[[#This Row],[Column7]],0) -> 660.94 | AT32: =+IF(Table1[[#This Row],[Column40]]="No",Table1[[#This Row],[Column7]],0) -> 0 | AU32: =+IF(LEFT(Table1[[#This Row],[Column42]],2)="DN",IF(Table1[[#This Row],[Column40]]="ok","(CA)",_xlfn.CONCAT("(CA)",CHAR(10),"FAIL")),"") | AV32: =+IF(Table1[[#This Row],[Column6]]=0,"",_xlfn.CONCAT("Sem ",WEEKNUM(Table1[[#This Row],[Column6]],2))) -> Sem 10
B33: DN-261040 | D33: GM | E33: A | G33: 46083 | H33: 818.24 | I33: 19.36 | J33: 2635.61 | K33: 2B-H | L33: P.76 UF | M33: 30 | N33: 88653 | O33: 67.5 | P33: 10.4 | Q33: 9.2677346 | R33: 1.7300725 | S33: 1.748 | T33: 1.91 | U33: N | V33: B7T | W33: 6 | X33: 3 | Y33: 2.807 | AE33: 1.717 | AF33: 16.3 | AH33: 1.7160069 | AI33: 1.994 | AJ33: 16.2 | AK33: PR-260031 | AL33: 0.1 | AM33: 100.76135 | AO33: Ok | AQ33: CA-260104 | AS33: =+IF(Table1[[#This Row],[Column40]]="ok",Table1[[#This Row],[Column7]],0) -> 818.24 | AT33: =+IF(Table1[[#This Row],[Column40]]="No",Table1[[#This Row],[Column7]],0) -> 0 | AU33: =+IF(LEFT(Table1[[#This Row],[Column42]],2)="DN",IF(Table1[[#This Row],[Column40]]="ok","(CA)",_xlfn.CONCAT("(CA)",CHAR(10),"FAIL")),"") | AV33: =+IF(Table1[[#This Row],[Column6]]=0,"",_xlfn.CONCAT("Sem ",WEEKNUM(Table1[[#This Row],[Column6]],2))) -> Sem 10
B34: CA-260104 | D34: GM | E34: A | G34: 46083 | H34: 818.24 | I34: 19.36 | J34: 2635.61 | K34: 2B-H | L34: P.76 UF | M34: 15 | P34: 10.364814 | R34: 1.7072373 | T34: 1.8841892 | U34: S | V34: B7T | W34: 4/4 | X34: 6 | Z34: N° 16 | AA34: 98.772588 | AB34: 72.690078 | AC34: 29.526083 | AD34: 10.398909 | AE34: 1.717 | AF34: 16.3 | AG34: PR-260031 | AH34: 1.7157619 | AI34: 1.9940381 | AJ34: 16.21881 | AK34: PR-260031 | AL34: 0.081190019 | AM34: 99.431407 | AO34: OK | AP34: 0 | AQ34: DN-261040 | AS34: =+IF(Table1[[#This Row],[Column40]]="ok",Table1[[#This Row],[Column7]],0) -> 818.24 | AT34: =+IF(Table1[[#This Row],[Column40]]="No",Table1[[#This Row],[Column7]],0) -> 0 | AU34: =+IF(LEFT(Table1[[#This Row],[Column42]],2)="DN",IF(Table1[[#This Row],[Column40]]="ok","(CA)",_xlfn.CONCAT("(CA)",CHAR(10),"FAIL")),"") -> (CA) | AV34: =+IF(Table1[[#This Row],[Column6]]=0,"",_xlfn.CONCAT("Sem ",WEEKNUM(Table1[[#This Row],[Column6]],2))) -> Sem 10
B35: DN-261041 | D35: GM | E35: A | G35: 46083 | H35: 810.7 | I35: 25.16 | J35: 2635.55 | K35: 2B-H | L35: SA-UF | M35: 30 | N35: 88653 | O35: 67.5 | P35: 8.2 | Q35: 9.5048378 | R35: 1.7781885 | S35: 1.757 | T35: 1.924 | U35: N | V35: B13T(*) | W35: 6 | X35: 3 | Y35: 2.807 | AE35: 1.74 | AF35: 0 | AK35: PRM-1565 | AM35: 102.19474 | AO35: Ok | AQ35: 0 | AS35: =+IF(Table1[[#This Row],[Column40]]="ok",Table1[[#This Row],[Column7]],0) -> 810.7 | AT35: =+IF(Table1[[#This Row],[Column40]]="No",Table1[[#This Row],[Column7]],0) -> 0 | AU35: =+IF(LEFT(Table1[[#This Row],[Column42]],2)="DN",IF(Table1[[#This Row],[Column40]]="ok","(CA)",_xlfn.CONCAT("(CA)",CHAR(10),"FAIL")),"") | AV35: =+IF(Table1[[#This Row],[Column6]]=0,"",_xlfn.CONCAT("Sem ",WEEKNUM(Table1[[#This Row],[Column6]],2))) -> Sem 10
B36: DN-261042 | D36: GM | E36: A | G36: 46083 | H36: 998.8 | I36: -30.77 | J36: 2635.6 | K36: 2C-H | L36: SA-OF | M36: 30 | N36: 88653 | O36: 67.5 | P36: 6.2 | Q36: 7.6484018 | R36: 1.7758945 | S36: 1.752 | T36: 1.886 | U36: N | V36: B13T(*) | W36: 6 | X36: 3 | Y36: 2.807 | AE36: 1.74 | AK36: PRM-1565 | AM36: 102.0629 | AO36: Ok | AQ36: 0 | AS36: =+IF(Table1[[#This Row],[Column40]]="ok",Table1[[#This Row],[Column7]],0) -> 998.8 | AT36: =+IF(Table1[[#This Row],[Column40]]="No",Table1[[#This Row],[Column7]],0) -> 0 | AU36: =+IF(LEFT(Table1[[#This Row],[Column42]],2)="DN",IF(Table1[[#This Row],[Column40]]="ok","(CA)",_xlfn.CONCAT("(CA)",CHAR(10),"FAIL")),"") | AV36: =+IF(Table1[[#This Row],[Column6]]=0,"",_xlfn.CONCAT("Sem ",WEEKNUM(Table1[[#This Row],[Column6]],2))) -> Sem 10
B37: DN-261043 | D37: GT | E37: B | G37: 46083 | H37: 1135.97 | I37: 62.23 | J37: 2626.19 | K37: 3A-H | L37: Sp 35 | M37: 30 | N37: 88653 | O37: 55.75 | P37: 11.2 | Q37: 12.116041 | R37: 1.772482 | S37: 1.758 | T37: 1.971 | U37: N | V37: D6R+B6T | W37: 8 | X37: 4 | Y37: 2.807 | AE37: 1.721 | AK37: PRM-1566 | AM37: 102.9914 | AO37: Ok | AS37: =+IF(Table1[[#This Row],[Column40]]="ok",Table1[[#This Row],[Column7]],0) -> 1135.97 | AT37: =+IF(Table1[[#This Row],[Column40]]="No",Table1[[#This Row],[Column7]],0) -> 0 | AU37: =+IF(LEFT(Table1[[#This Row],[Column42]],2)="DN",IF(Table1[[#This Row],[Column40]]="ok","(CA)",_xlfn.CONCAT("(CA)",CHAR(10),"FAIL")),"") | AV37: =+IF(Table1[[#This Row],[Column6]]=0,"",_xlfn.CONCAT("Sem ",WEEKNUM(Table1[[#This Row],[Column6]],2))) -> Sem 10
B38: DN-261044 | D38: GT | E38: B | G38: 46083 | H38: 1244.03 | I38: 54.69 | J38: 2628.41 | K38: 3A-H | L38: Sp 38 | M38: 30 | N38: 88653 | O38: 55.75 | P38: 12.4 | Q38: 12.036509 | R38: 1.747331 | S38: 1.753 | T38: 1.964 | U38: N | V38: D6R+B6T | W38: 8 | X38: 4 | Y38: 2.807 | AE38: 1.721 | AF38: 0 | AK38: PRM-1566 | AM38: 101.52998 | AO38: Ok | AS38: =+IF(Table1[[#This Row],[Column40]]="ok",Table1[[#This Row],[Column7]],0) -> 1244.03 | AT38: =+IF(Table1[[#This Row],[Column40]]="No",Table1[[#This Row],[Column7]],0) -> 0 | AU38: =+IF(LEFT(Table1[[#This Row],[Column42]],2)="DN",IF(Table1[[#This Row],[Column40]]="ok","(CA)",_xlfn.CONCAT("(CA)",CHAR(10),"FAIL")),"") | AV38: =+IF(Table1[[#This Row],[Column6]]=0,"",_xlfn.CONCAT("Sem ",WEEKNUM(Table1[[#This Row],[Column6]],2))) -> Sem 10
B39: DN-261045 | D39: GT | E39: B | G39: 46083 | H39: 1245.53 | I39: 120.8 | J39: 2609.94 | K39: 3A-H | L39: Sp 38 | M39: 30 | N39: 88653 | O39: 55.75 | P39: 12.3 | Q39: 11.794582 | R39: 1.7640249 | S39: 1.772 | T39: 1.981 | U39: N | V39: D6R+B6T | W39: 8 | X39: 4 | Y39: 2.807 | AE39: 1.721 | AK39: PRM-1566 | AM39: 102.5 | AO39: Ok | AS39: =+IF(Table1[[#This Row],[Column40]]="ok",Table1[[#This Row],[Column7]],0) -> 1245.53 | AT39: =+IF(Table1[[#This Row],[Column40]]="No",Table1[[#This Row],[Column7]],0) -> 0 | AU39: =+IF(LEFT(Table1[[#This Row],[Column42]],2)="DN",IF(Table1[[#This Row],[Column40]]="ok","(CA)",_xlfn.CONCAT("(CA)",CHAR(10),"FAIL")),"") | AV39: =+IF(Table1[[#This Row],[Column6]]=0,"",_xlfn.CONCAT("Sem ",WEEKNUM(Table1[[#This Row],[Column6]],2))) -> Sem 10
B40: DN-261046 | D40: GT | E40: B | G40: 46083 | H40: 1568.63 | I40: 497.41 | J40: 2499.77 | K40: 3C-M | L40: Contacto | M40: 30 | N40: 88653 | O40: 55.75 | P40: 7.9 | Q40: 7.1880391 | R40: 1.7275255 | S40: 1.739 | T40: 1.864 | U40: N | V40: Plancha 1T/Exc. | W40: 15 | X40: 15 | Y40: 2.807 | AE40: 1.721 | AK40: PRM-1566 | AM40: 100.37917 | AO40: Ok | AS40: =+IF(Table1[[#This Row],[Column40]]="ok",Table1[[#This Row],[Column7]],0) -> 1568.63 | AT40: =+IF(Table1[[#This Row],[Column40]]="No",Table1[[#This Row],[Column7]],0) -> 0 | AU40: =+IF(LEFT(Table1[[#This Row],[Column42]],2)="DN",IF(Table1[[#This Row],[Column40]]="ok","(CA)",_xlfn.CONCAT("(CA)",CHAR(10),"FAIL")),"") | AV40: =+IF(Table1[[#This Row],[Column6]]=0,"",_xlfn.CONCAT("Sem ",WEEKNUM(Table1[[#This Row],[Column6]],2))) -> Sem 10
B41: DN-261047 | D41: GT | E41: B | G41: 46083 | H41: 1932.2 | I41: -156.7 | J41: 2635.28 | K41: 4C-H | L41: P.180 UF | M41: 30 | N41: 88653 | O41: 55.75 | P41: 11.1 | Q41: 10.785463 | R41: 1.7011701 | S41: 1.706 | T41: 1.89 | U41: N | V41: B7T | W41: 6 | X41: 3 | Y41: 2.807 | AE41: 1.7307891 | AF41: 16.256701 | AH41: 1.7237522 | AI41: 2.003 | AJ41: 16.2 | AK41: PR-260029 | AL41: 0.056701094 | AM41: 98.288701 | AO41: Ok | AS41: =+IF(Table1[[#This Row],[Column40]]="ok",Table1[[#This Row],[Column7]],0) -> 1932.2 | AT41: =+IF(Table1[[#This Row],[Column40]]="No",Table1[[#This Row],[Column7]],0) -> 0 | AU41: =+IF(LEFT(Table1[[#This Row],[Column42]],2)="DN",IF(Table1[[#This Row],[Column40]]="ok","(CA)",_xlfn.CONCAT("(CA)",CHAR(10),"FAIL")),"") | AV41: =+IF(Table1[[#This Row],[Column6]]=0,"",_xlfn.CONCAT("Sem ",WEEKNUM(Table1[[#This Row],[Column6]],2))) -> Sem 10
B42: DN-261048 | D42: GT | E42: A | G42: 46084 | H42: 1310.39 | I42: 33.1 | J42: 2634.28 | K42: 3B-H | L42: Sp 40 | M42: 30 | N42: 85462 | O42: 67.5 | P42: 10.5 | Q42: 12.061155 | R42: 1.7909502 | S42: 1.766 | T42: 1.979 | U42: N | V42: D6R+B6T | W42: 8 | X42: 4 | Y42: 2.807 | AE42: 1.721 | AF42: 0 | AK42: PRM-1566 | AM42: 104.06451 | AO42: Ok | AQ42: 0 | AS42: =+IF(Table1[[#This Row],[Column40]]="ok",Table1[[#This Row],[Column7]],0) -> 1310.39 | AT42: =+IF(Table1[[#This Row],[Column40]]="No",Table1[[#This Row],[Column7]],0) -> 0 | AU42: =+IF(LEFT(Table1[[#This Row],[Column42]],2)="DN",IF(Table1[[#This Row],[Column40]]="ok","(CA)",_xlfn.CONCAT("(CA)",CHAR(10),"FAIL")),"") | AV42: =+IF(Table1[[#This Row],[Column6]]=0,"",_xlfn.CONCAT("Sem ",WEEKNUM(Table1[[#This Row],[Column6]],2))) -> Sem 10
B43: DN-261049 | D43: GT | E43: A | G43: 46084 | H43: 1392.1 | I43: 48.5 | J43: 2630.12 | K43: 3B-H | L43: Sp 42 | M43: 30 | N43: 85462 | O43: 67.5 | P43: 9.2 | Q43: 11.168981 | R43: 1.7591575 | S43: 1.728 | T43: 1.921 | U43: N | V43: D6R+B6T | W43: 8 | X43: 4 | Y43: 2.807 | AE43: 1.721 | AF43: 0 | AK43: PRM-1566 | AM43: 102.21717 | AO43: Ok | AQ43: 0 | AS43: =+IF(Table1[[#This Row],[Column40]]="ok",Table1[[#This Row],[Column7]],0) -> 1392.1 | AT43: =+IF(Table1[[#This Row],[Column40]]="No",Table1[[#This Row],[Column7]],0) -> 0 | AU43: =+IF(LEFT(Table1[[#This Row],[Column42]],2)="DN",IF(Table1[[#This Row],[Column40]]="ok","(CA)",_xlfn.CONCAT("(CA)",CHAR(10),"FAIL")),"") | AV43: =+IF(Table1[[#This Row],[Column6]]=0,"",_xlfn.CONCAT("Sem ",WEEKNUM(Table1[[#This Row],[Column6]],2))) -> Sem 10
B44: DN-261050 | D44: GT | E44: A | G44: 46084 | H44: 1478.91 | I44: 48.98 | J44: 2630.09 | K44: 3C-H | L44: Sp 45 | M44: 30 | N44: 85462 | O44: 67.5 | P44: 11.4 | Q44: 11.293055 | R44: 1.7692998 | S44: 1.771 | T44: 1.971 | U44: N | V44: D6R+B6T | W44: 8 | X44: 4 | Y44: 2.807 | AE44: 1.7212256 | AF44: 16.004057 | AH44: 1.7215517 | AI44: 1.997 | AJ44: 16 | AK44: PRM-1566 | AL44: 0.0040570144 | AM44: 102.79302 | AO44: Ok | AQ44: CA-260105 | AS44: =+IF(Table1[[#This Row],[Column40]]="ok",Table1[[#This Row],[Column7]],0) -> 1478.91 | AT44: =+IF(Table1[[#This Row],[Column40]]="No",Table1[[#This Row],[Column7]],0) -> 0 | AU44: =+IF(LEFT(Table1[[#This Row],[Column42]],2)="DN",IF(Table1[[#This Row],[Column40]]="ok","(CA)",_xlfn.CONCAT("(CA)",CHAR(10),"FAIL")),"") | AV44: =+IF(Table1[[#This Row],[Column6]]=0,"",_xlfn.CONCAT("Sem ",WEEKNUM(Table1[[#This Row],[Column6]],2))) -> Sem 10
B45: CA-260105 | D45: GT | E45: A | G45: 46084 | H45: 1478.91 | I45: 48.98 | J45: 2630.09 | K45: 3C-H | L45: Sp 45 | M45: 15 | P45: 11.380432 | R45: 1.7498126 | T45: 1.9489489 | U45: S | V45: D6R+B6T | W45: 6 | X45: 8 | Z45: N° 8 | AA45: 98.64026 | AB45: 76.32279 | AC45: 34.525569 | AD45: 10.8188 | AE45: 1.7212256 | AF45: 16.004057 | AG45: PRM-1566 | AH45: 1.7212162 | AI45: 1.9967042 | AJ45: 16.005426 | AK45: PRM-1566 | AL45: -0.0013685536 | AM45: 101.66085 | AO45: OK | AP45: 0 | AQ45: DN-261050 | AS45: =+IF(Table1[[#This Row],[Column40]]="ok",Table1[[#This Row],[Column7]],0) -> 1478.91 | AT45: =+IF(Table1[[#This Row],[Column40]]="No",Table1[[#This Row],[Column7]],0) -> 0 | AU45: =+IF(LEFT(Table1[[#This Row],[Column42]],2)="DN",IF(Table1[[#This Row],[Column40]]="ok","(CA)",_xlfn.CONCAT("(CA)",CHAR(10),"FAIL")),"") -> (CA) | AV45: =+IF(Table1[[#This Row],[Column6]]=0,"",_xlfn.CONCAT("Sem ",WEEKNUM(Table1[[#This Row],[Column6]],2))) -> Sem 10
B46: DN-261051 | D46: GT | E46: A | G46: 46084 | H46: 1573.76 | I46: 34.65 | J46: 2634.58 | K46: 3C-H | L46: Sp 48 | M46: 30 | N46: 85462 | O46: 67.5 | P46: 10 | Q46: 11.37931 | R46: 1.7618182 | S46: 1.74 | T46: 1.938 | U46: N | V46: D6R+B6T | W46: 8 | X46: 4 | Y46: 2.807 | AE46: 1.721 | AF46: 0 | AK46: PRM-1566 | AM46: 102.37177 | AO46: Ok | AQ46: 0 | AS46: =+IF(Table1[[#This Row],[Column40]]="ok",Table1[[#This Row],[Column7]],0) -> 1573.76 | AT46: =+IF(Table1[[#This Row],[Column40]]="No",Table1[[#This Row],[Column7]],0) -> 0 | AU46: =+IF(LEFT(Table1[[#This Row],[Column42]],2)="DN",IF(Table1[[#This Row],[Column40]]="ok","(CA)",_xlfn.CONCAT("(CA)",CHAR(10),"FAIL")),"") | AV46: =+IF(Table1[[#This Row],[Column6]]=0,"",_xlfn.CONCAT("Sem ",WEEKNUM(Table1[[#This Row],[Column6]],2))) -> Sem 10
B47: DN-261052 | D47: GT | E47: A | G47: 46084 | H47: 1419.68 | I47: 116.49 | J47: 2609.3 | K47: 3B-H | L47: Sp 43 | M47: 30 | N47: 85462 | O47: 67.5 | P47: 10.8 | Q47: 9.5613048 | R47: 1.7581227 | S47: 1.778 | T47: 1.948 | U47: N | V47: D6R+B6T | W47: 8 | X47: 4 | Y47: 2.807 | AE47: 1.721 | AF47: 0 | AK47: PRM-1566 | AM47: 102.15704 | AO47: Ok | AQ47: 0 | AS47: =+IF(Table1[[#This Row],[Column40]]="ok",Table1[[#This Row],[Column7]],0) -> 1419.68 | AT47: =+IF(Table1[[#This Row],[Column40]]="No",Table1[[#This Row],[Column7]],0) -> 0 | AU47: =+IF(LEFT(Table1[[#This Row],[Column42]],2)="DN",IF(Table1[[#This Row],[Column40]]="ok","(CA)",_xlfn.CONCAT("(CA)",CHAR(10),"FAIL")),"") | AV47: =+IF(Table1[[#This Row],[Column6]]=0,"",_xlfn.CONCAT("Sem ",WEEKNUM(Table1[[#This Row],[Column6]],2))) -> Sem 10
B48: DN-261053 | D48: GT | E48: A | G48: 46084 | H48: 1300.73 | I48: 114.06 | J48: 2610.41 | K48: 3B-H | L48: Sp 40 | M48: 30 | N48: 85462 | O48: 67.5 | P48: 8.4 | Q48: 11.580776 | R48: 1.7776753 | S48: 1.727 | T48: 1.927 | U48: N | V48: D6R+B6T | W48: 8 | X48: 4 | Y48: 2.807 | AE48: 1.721 | AF48: 0 | AK48: PRM-1566 | AM48: 103.29316 | AO48: Ok | AQ48: 0 | AS48: =+IF(Table1[[#This Row],[Column40]]="ok",Table1[[#This Row],[Column7]],0) -> 1300.73 | AT48: =+IF(Table1[[#This Row],[Column40]]="No",Table1[[#This Row],[Column7]],0) -> 0 | AU48: =+IF(LEFT(Table1[[#This Row],[Column42]],2)="DN",IF(Table1[[#This Row],[Column40]]="ok","(CA)",_xlfn.CONCAT("(CA)",CHAR(10),"FAIL")),"") | AV48: =+IF(Table1[[#This Row],[Column6]]=0,"",_xlfn.CONCAT("Sem ",WEEKNUM(Table1[[#This Row],[Column6]],2))) -> Sem 10
B49: DN-261054 | D49: GT | E49: A | G49: 46084 | H49: 648.45 | I49: 61.48 | J49: 2635.6 | K49: 2A-H | L49: SA-03 | M49: 30 | N49: 85462 | O49: 67.5 | P49: 9.8 | Q49: 10.166667 | R49: 1.8060109 | S49: 1.8 | T49: 1.983 | U49: N | V49: Vibro apisonadora | W49: 16 | X49: 8 | Y49: 2.807 | AE49: 1.74 | AF49: 0 | AK49: PRM-1565 | AM49: 103.79373 | AO49: Ok | AQ49: 0 | AS49: =+IF(Table1[[#This Row],[Column40]]="ok",Table1[[#This Row],[Column7]],0) -> 648.45 | AT49: =+IF(Table1[[#This Row],[Column40]]="No",Table1[[#This Row],[Column7]],0) -> 0 | AU49: =+IF(LEFT(Table1[[#This Row],[Column42]],2)="DN",IF(Table1[[#This Row],[Column40]]="ok","(CA)",_xlfn.CONCAT("(CA)",CHAR(10),"FAIL")),"") | AV49: =+IF(Table1[[#This Row],[Column6]]=0,"",_xlfn.CONCAT("Sem ",WEEKNUM(Table1[[#This Row],[Column6]],2))) -> Sem 10
B50: DN-261055 | D50: GT | E50: B | G50: 46084 | H50: 940.81 | I50: 389.14 | J50: 2532.09 | K50: 2C-M | L50: Sp 29 | M50: 30 | N50: 85462 | O50: 67.5 | P50: 13.3 | Q50: 14.006889 | R50: 1.7528685 | S50: 1.742 | T50: 1.986 | U50: N | V50: D6R+B6T | W50: 8 | X50: 4 | Y50: 2.807 | AE50: 1.69 | AF50: 0 | AK50: PRM-1567 | AM50: 103.72003 | AO50: Ok | AQ50: 0 | AS50: =+IF(Table1[[#This Row],[Column40]]="ok",Table1[[#This Row],[Column7]],0) -> 940.81 | AT50: =+IF(Table1[[#This Row],[Column40]]="No",Table1[[#This Row],[Column7]],0) -> 0 | AU50: =+IF(LEFT(Table1[[#This Row],[Column42]],2)="DN",IF(Table1[[#This Row],[Column40]]="ok","(CA)",_xlfn.CONCAT("(CA)",CHAR(10),"FAIL")),"") | AV50: =+IF(Table1[[#This Row],[Column6]]=0,"",_xlfn.CONCAT("Sem ",WEEKNUM(Table1[[#This Row],[Column6]],2))) -> Sem 10
B51: DN-261056 | D51: GT | E51: B | G51: 46084 | H51: 935.35 | I51: 510.87 | J51: 2496.94 | K51: 2B-L | L51: Sp 29 | M51: 30 | N51: 85462 | O51: 67.5 | P51: 11.5 | Q51: 13.079179 | R51: 1.729148 | S51: 1.705 | T51: 1.928 | U51: N | V51: D6R+B6T | W51: 8 | X51: 4 | Y51: 2.807 | AE51: 1.69 | AF51: 0 | AK51: PRM-1567 | AM51: 102.31645 | AO51: Ok | AQ51: 0 | AS51: =+IF(Table1[[#This Row],[Column40]]="ok",Table1[[#This Row],[Column7]],0) -> 935.35 | AT51: =+IF(Table1[[#This Row],[Column40]]="No",Table1[[#This Row],[Column7]],0) -> 0 | AU51: =+IF(LEFT(Table1[[#This Row],[Column42]],2)="DN",IF(Table1[[#This Row],[Column40]]="ok","(CA)",_xlfn.CONCAT("(CA)",CHAR(10),"FAIL")),"") | AV51: =+IF(Table1[[#This Row],[Column6]]=0,"",_xlfn.CONCAT("Sem ",WEEKNUM(Table1[[#This Row],[Column6]],2))) -> Sem 10
B52: DN-261057 | D52: GT | E52: B | G52: 46084 | H52: 1007.68 | I52: 427.05 | J52: 2521.61 | K52: 2C-M | L52: Sp 31 | M52: 30 | N52: 85462 | O52: 67.5 | P52: 14.3 | Q52: 14.649321 | R52: 1.7734033 | S52: 1.768 | T52: 2.027 | U52: N | V52: D6R+B6T | W52: 8 | X52: 4 | Y52: 2.807 | AE52: 1.69 | AF52: 0 | AK52: PRM-1566 | AM52: 104.93511 | AO52: Ok | AQ52: 0 | AS52: =+IF(Table1[[#This Row],[Column40]]="ok",Table1[[#This Row],[Column7]],0) -> 1007.68 | AT52: =+IF(Table1[[#This Row],[Column40]]="No",Table1[[#This Row],[Column7]],0) -> 0 | AU52: =+IF(LEFT(Table1[[#This Row],[Column42]],2)="DN",IF(Table1[[#This Row],[Column40]]="ok","(CA)",_xlfn.CONCAT("(CA)",CHAR(10),"FAIL")),"") | AV52: =+IF(Table1[[#This Row],[Column6]]=0,"",_xlfn.CONCAT("Sem ",WEEKNUM(Table1[[#This Row],[Column6]],2))) -> Sem 10
B53: DN-261058 | D53: GT | E53: B | G53: 46084 | H53: 1035.22 | I53: 570.43 | J53: 2478.32 | K53: 2C-L | L53: Sp 32 | M53: 30 | N53: 85462 | O53: 67.5 | P53: 13 | Q53: 13.636364 | R53: 1.7699115 | S53: 1.76 | T53: 2 | U53: N | V53: D6R+B6T | W53: 8 | X53: 4 | Y53: 2.807 | AE53: 1.69 | AF53: 0 | AK53: PRM-1567 | AM53: 104.72849 | AO53: Ok | AQ53: 0 | AS53: =+IF(Table1[[#This Row],[Column40]]="ok",Table1[[#This Row],[Column7]],0) -> 1035.22 | AT53: =+IF(Table1[[#This Row],[Column40]]="No",Table1[[#This Row],[Column7]],0) -> 0 | AU53: =+IF(LEFT(Table1[[#This Row],[Column42]],2)="DN",IF(Table1[[#This Row],[Column40]]="ok","(CA)",_xlfn.CONCAT("(CA)",CHAR(10),"FAIL")),"") | AV53: =+IF(Table1[[#This Row],[Column6]]=0,"",_xlfn.CONCAT("Sem ",WEEKNUM(Table1[[#This Row],[Column6]],2))) -> Sem 10
B54: DN-261059 | D54: GT | E54: B | G54: 46084 | H54: 1118.9 | I54: 439.21 | J54: 2516.92 | K54: 2C-M | L54: Sp 34 | M54: 30 | N54: 85462 | O54: 67.5 | P54: 14 | Q54: 10.305776 | R54: 1.7087719 | S54: 1.766 | T54: 1.948 | U54: N | V54: D6R+B6T | W54: 8 | X54: 4 | Y54: 2.807 | AE54: 1.69 | AF54: 0 | AK54: PRM-1567 | AM54: 101.11077 | AO54: Ok | AQ54: 0 | AS54: =+IF(Table1[[#This Row],[Column40]]="ok",Table1[[#This Row],[Column7]],0) -> 1118.9 | AT54: =+IF(Table1[[#This Row],[Column40]]="No",Table1[[#This Row],[Column7]],0) -> 0 | AU54: =+IF(LEFT(Table1[[#This Row],[Column42]],2)="DN",IF(Table1[[#This Row],[Column40]]="ok","(CA)",_xlfn.CONCAT("(CA)",CHAR(10),"FAIL")),"") | AV54: =+IF(Table1[[#This Row],[Column6]]=0,"",_xlfn.CONCAT("Sem ",WEEKNUM(Table1[[#This Row],[Column6]],2))) -> Sem 10
B55: DN-261060 | D55: GT | E55: B | G55: 46084 | H55: 1085.92 | I55: 590.98 | J55: 2472.27 | K55: 2C-L | L55: Sp 33 | M55: 30 | N55: 85462 | O55: 67.5 | P55: 9.9 | Q55: 10.48951 | R55: 1.7252047 | S55: 1.716 | T55: 1.896 | U55: N | V55: D6R+B6T | W55: 8 | X55: 4 | Y55: 2.807 | AE55: 1.7093798 | AF55: 17.146041 | AH55: 1.7079038 | AI55: 1.988 | AJ55: 16.4 | AK55: PR-260027 | AL55: 0.7460408 | AM55: 100.92577 | AO55: Ok | AQ55: CA-260106 | AS55: =+IF(Table1[[#This Row],[Column40]]="ok",Table1[[#This Row],[Column7]],0) -> 1085.92 | AT55: =+IF(Table1[[#This Row],[Column40]]="No",Table1[[#This Row],[Column7]],0) -> 0 | AU55: =+IF(LEFT(Table1[[#This Row],[Column42]],2)="DN",IF(Table1[[#This Row],[Column40]]="ok","(CA)",_xlfn.CONCAT("(CA)",CHAR(10),"FAIL")),"") | AV55: =+IF(Table1[[#This Row],[Column6]]=0,"",_xlfn.CONCAT("Sem ",WEEKNUM(Table1[[#This Row],[Column6]],2))) -> Sem 10
B56: CA-260106 | D56: GT | E56: B | G56: 46084 | H56: 1085.92 | I56: 590.98 | J56: 2472.27 | K56: 2C-L | L56: Sp 33 | M56: 15 | P56: 9.9440646 | R56: 1.677539 | T56: 1.8443546 | U56: S | V56: D6R+B6T | W56: 6 | X56: 8 | Z56: N° 16 | AA56: 98.443663 | AB56: 74.237071 | AC56: 32.549483 | AD56: 11.06648 | AE56: 1.7093798 | AF56: 17.146041 | AG56: PR-260027 | AH56: 1.7076344 | AI56: 1.988199 | AJ56: 16.43002 | AK56: PR-260027 | AL56: 0.71602051 | AM56: 98.13729 | AO56: OK | AP56: 0 | AQ56: DN-261060 | AS56: =+IF(Table1[[#This Row],[Column40]]="ok",Table1[[#This Row],[Column7]],0) -> 1085.92 | AT56: =+IF(Table1[[#This Row],[Column40]]="No",Table1[[#This Row],[Column7]],0) -> 0 | AU56: =+IF(LEFT(Table1[[#This Row],[Column42]],2)="DN",IF(Table1[[#This Row],[Column40]]="ok","(CA)",_xlfn.CONCAT("(CA)",CHAR(10),"FAIL")),"") -> (CA) | AV56: =+IF(Table1[[#This Row],[Column6]]=0,"",_xlfn.CONCAT("Sem ",WEEKNUM(Table1[[#This Row],[Column6]],2))) -> Sem 10
B57: DN-261061 | D57: GT | E57: B | G57: 46084 | H57: 1190.18 | I57: 416.6 | J57: 2524.54 | K57: 3A-M | L57: Sp 36 | M57: 30 | N57: 85462 | O57: 67.5 | P57: 16.5 | Q57: 16.512167 | R57: 1.7261803 | S57: 1.726 | T57: 2.011 | U57: N | V57: D6R+B6T | W57: 8 | X57: 4 | Y57: 2.807 | AE57: 1.69 | AF57: 0 | AK57: PRM-1567 | AM57: 102.14084 | AO57: Ok | AQ57: 0 | AS57: =+IF(Table1[[#This Row],[Column40]]="ok",Table1[[#This Row],[Column7]],0) -> 1190.18 | AT57: =+IF(Table1[[#This Row],[Column40]]="No",Table1[[#This Row],[Column7]],0) -> 0 | AU57: =+IF(LEFT(Table1[[#This Row],[Column42]],2)="DN",IF(Table1[[#This Row],[Column40]]="ok","(CA)",_xlfn.CONCAT("(CA)",CHAR(10),"FAIL")),"") | AV57: =+IF(Table1[[#This Row],[Column6]]=0,"",_xlfn.CONCAT("Sem ",WEEKNUM(Table1[[#This Row],[Column6]],2))) -> Sem 10
B58: DN-261062 | D58: GT | E58: B | G58: 46084 | H58: 1249.41 | I58: 390.98 | J58: 2531.04 | K58: 3A-M | L58: Sp 38 | M58: 30 | N58: 85462 | O58: 67.5 | P58: 14 | Q58: 12.839367 | R58: 1.75 | S58: 1.768 | T58: 1.995 | U58: N | V58: D6R+B6T | W58: 8 | X58: 4 | Y58: 2.807 | AE58: 1.69 | AF58: 0 | AK58: PRM-1567 | AM58: 103.5503 | AO58: Ok | AQ58: 0 | AS58: =+IF(Table1[[#This Row],[Column40]]="ok",Table1[[#This Row],[Column7]],0) -> 1249.41 | AT58: =+IF(Table1[[#This Row],[Column40]]="No",Table1[[#This Row],[Column7]],0) -> 0 | AU58: =+IF(LEFT(Table1[[#This Row],[Column42]],2)="DN",IF(Table1[[#This Row],[Column40]]="ok","(CA)",_xlfn.CONCAT("(CA)",CHAR(10),"FAIL")),"") | AV58: =+IF(Table1[[#This Row],[Column6]]=0,"",_xlfn.CONCAT("Sem ",WEEKNUM(Table1[[#This Row],[Column6]],2))) -> Sem 10
B59: DN-261063 | D59: GT | E59: B | G59: 46084 | H59: 1152.47 | I59: 531.83 | J59: 2489.86 | K59: 3A-L | L59: Sp 35 | M59: 30 | N59: 85462 | O59: 67.5 | P59: 10.1 | Q59: 12.543353 | R59: 1.7683924 | S59: 1.73 | T59: 1.947 | U59: N | V59: D6R+B6T | W59: 8 | X59: 4 | Y59: 2.807 | AE59: 1.69 | AF59: 0 | AK59: PRM-1567 | AM59: 104.6386 | AO59: Ok | AQ59: 0 | AS59: =+IF(Table1[[#This Row],[Column40]]="ok",Table1[[#This Row],[Column7]],0) -> 1152.47 | AT59: =+IF(Table1[[#This Row],[Column40]]="No",Table1[[#This Row],[Column7]],0) -> 0 | AU59: =+IF(LEFT(Table1[[#This Row],[Column42]],2)="DN",IF(Table1[[#This Row],[Column40]]="ok","(CA)",_xlfn.CONCAT("(CA)",CHAR(10),"FAIL")),"") | AV59: =+IF(Table1[[#This Row],[Column6]]=0,"",_xlfn.CONCAT("Sem ",WEEKNUM(Table1[[#This Row],[Column6]],2))) -> Sem 10
B60: DN-261064 | D60: GT | E60: B | G60: 46084 | H60: 1252.08 | I60: 531.59 | J60: 2489.66 | K60: 3A-L | L60: Sp 38 | M60: 30 | N60: 85462 | O60: 67.5 | P60: 12.7 | Q60: 12.98627 | R60: 1.7524401 | S60: 1.748 | T60: 1.975 | U60: N | V60: D6R+B6T | W60: 8 | X60: 4 | Y60: 2.807 | AE60: 1.69 | AF60: 0 | AK60: PRM-1567 | AM60: 103.69468 | AO60: Ok | AQ60: 0 | AS60: =+IF(Table1[[#This Row],[Column40]]="ok",Table1[[#This Row],[Column7]],0) -> 1252.08 | AT60: =+IF(Table1[[#This Row],[Column40]]="No",Table1[[#This Row],[Column7]],0) -> 0 | AU60: =+IF(LEFT(Table1[[#This Row],[Column42]],2)="DN",IF(Table1[[#This Row],[Column40]]="ok","(CA)",_xlfn.CONCAT("(CA)",CHAR(10),"FAIL")),"") | AV60: =+IF(Table1[[#This Row],[Column6]]=0,"",_xlfn.CONCAT("Sem ",WEEKNUM(Table1[[#This Row],[Column6]],2))) -> Sem 10
B61: DN-261065 | D61: GT | E61: B | G61: 46084 | H61: 1163.88 | I61: -29.34 | J61: 2635.89 | K61: 3A-H | L61: SA-OF | M61: 30 | N61: 85462 | O61: 67.5 | P61: 8.3 | Q61: 10.229885 | R61: 1.7710065 | S61: 1.74 | T61: 1.918 | U61: N | V61: B13T(*) | W61: 6 | X61: 3 | Y61: 2.807 | AE61: 1.721 | AF61: 0 | AK61: PRM-1566 | AM61: 102.90566 | AO61: Ok | AQ61: 0 | AS61: =+IF(Table1[[#This Row],[Column40]]="ok",Table1[[#This Row],[Column7]],0) -> 1163.88 | AT61: =+IF(Table1[[#This Row],[Column40]]="No",Table1[[#This Row],[Column7]],0) -> 0 | AU61: =+IF(LEFT(Table1[[#This Row],[Column42]],2)="DN",IF(Table1[[#This Row],[Column40]]="ok","(CA)",_xlfn.CONCAT("(CA)",CHAR(10),"FAIL")),"") | AV61: =+IF(Table1[[#This Row],[Column6]]=0,"",_xlfn.CONCAT("Sem ",WEEKNUM(Table1[[#This Row],[Column6]],2))) -> Sem 10
B62: DN-261066 | D62: GT | E62: A | G62: 46085 | H62: 1228.66 | I62: -25.66 | J62: 2635.9 | K62: 3A-H | L62: P.85 OF | M62: 30 | N62: 85462 | O62: 67.5 | P62: 10.7 | Q62: 10.414334 | R62: 1.7813911 | S62: 1.786 | T62: 1.972 | U62: N | V62: B3.3T | W62: 12 | X62: 6 | Y62: 2.807 | AE62: 1.721 | AF62: 0 | AK62: PRM-1566 | AM62: 103.50907 | AO62: Ok | AQ62: 0 | AS62: =+IF(Table1[[#This Row],[Column40]]="ok",Table1[[#This Row],[Column7]],0) -> 1228.66 | AT62: =+IF(Table1[[#This Row],[Column40]]="No",Table1[[#This Row],[Column7]],0) -> 0 | AU62: =+IF(LEFT(Table1[[#This Row],[Column42]],2)="DN",IF(Table1[[#This Row],[Column40]]="ok","(CA)",_xlfn.CONCAT("(CA)",CHAR(10),"FAIL")),"") | AV62: =+IF(Table1[[#This Row],[Column6]]=0,"",_xlfn.CONCAT("Sem ",WEEKNUM(Table1[[#This Row],[Column6]],2))) -> Sem 10
B63: DN-261067 | D63: GT | E63: A | G63: 46085 | H63: 1303.57 | I63: 19.5 | J63: 2635.9 | K63: 3B-H | L63: P.119 UF | M63: 30 | N63: 85462 | O63: 67.5 | P63: 11.5 | Q63: 12.200557 | R63: 1.806278 | S63: 1.795 | T63: 2.014 | U63: N | V63: B3.3T | W63: 12 | X63: 6 | Y63: 2.807 | AE63: 1.721 | AF63: 0 | AK63: PRM-1566 | AM63: 104.95514 | AO63: Ok | AQ63: 0 | AS63: =+IF(Table1[[#This Row],[Column40]]="ok",Table1[[#This Row],[Column7]],0) -> 1303.57 | AT63: =+IF(Table1[[#This Row],[Column40]]="No",Table1[[#This Row],[Column7]],0) -> 0 | AU63: =+IF(LEFT(Table1[[#This Row],[Column42]],2)="DN",IF(Table1[[#This Row],[Column40]]="ok","(CA)",_xlfn.CONCAT("(CA)",CHAR(10),"FAIL")),"") | AV63: =+IF(Table1[[#This Row],[Column6]]=0,"",_xlfn.CONCAT("Sem ",WEEKNUM(Table1[[#This Row],[Column6]],2))) -> Sem 10
B64: DN-261068 | D64: GT | E64: A | G64: 46085 | H64: 1330.53 | I64: -3.27 | J64: 2635.9 | K64: 3B-H | L64: Plataforma | M64: 30 | N64: 85462 | O64: 67.5 | P64: 10.6 | Q64: 10.176236 | R64: 1.7522604 | S64: 1.759 | T64: 1.938 | U64: N | V64: B13T | W64: 4 | X64: 2 | Y64: 2.807 | AE64: 1.721 | AF64: 0 | AK64: PRM-1566 | AM64: 101.81641 | AO64: Ok | AQ64: 0 | AS64: =+IF(Table1[[#This Row],[Column40]]="ok",Table1[[#This Row],[Column7]],0) -> 1330.53 | AT64: =+IF(Table1[[#This Row],[Column40]]="No",Table1[[#This Row],[Column7]],0) -> 0 | AU64: =+IF(LEFT(Table1[[#This Row],[Column42]],2)="DN",IF(Table1[[#This Row],[Column40]]="ok","(CA)",_xlfn.CONCAT("(CA)",CHAR(10),"FAIL")),"") | AV64: =+IF(Table1[[#This Row],[Column6]]=0,"",_xlfn.CONCAT("Sem ",WEEKNUM(Table1[[#This Row],[Column6]],2))) -> Sem 10
B65: DN-261069 | D65: GT | E65: A | G65: 46085 | H65: 1171 | I65: -2.73 | J65: 2635.9 | K65: 3A-H | L65: Plataforma | M65: 30 | N65: 85462 | O65: 67.5 | P65: 14.9 | Q65: 12.569832 | R65: 1.7536989 | S65: 1.79 | T65: 2.015 | U65: N | V65: B13T | W65: 4 | X65: 2 | Y65: 2.807 | AE65: 1.721 | AF65: 0 | AK65: PRM-1566 | AM65: 101.89999 | AO65: Ok | AQ65: 0 | AS65: =+IF(Table1[[#This Row],[Column40]]="ok",Table1[[#This Row],[Column7]],0) -> 1171 | AT65: =+IF(Table1[[#This Row],[Column40]]="No",Table1[[#This Row],[Column7]],0) -> 0 | AU65: =+IF(LEFT(Table1[[#This Row],[Column42]],2)="DN",IF(Table1[[#This Row],[Column40]]="ok","(CA)",_xlfn.CONCAT("(CA)",CHAR(10),"FAIL")),"") | AV65: =+IF(Table1[[#This Row],[Column6]]=0,"",_xlfn.CONCAT("Sem ",WEEKNUM(Table1[[#This Row],[Column6]],2))) -> Sem 10
B66: DN-261070 | D66: GT | E66: A | G66: 46085 | H66: 1249.73 | I66: 24.13 | J66: 2635.8 | K66: 3A-H | L66: SA-UF | M66: 30 | N66: 85462 | O66: 67.5 | P66: 10.8 | Q66: 13.759909 | R66: 1.8131769 | S66: 1.766 | T66: 2.009 | U66: N | V66: B13T | W66: 4 | X66: 2 | Y66: 2.807 | AE66: 1.752 | AF66: 15.9 | AH66: 1.7523727 | AI66: 2.031 | AJ66: 15.9 | AK66: Pto.Pr. | AL66: 0 | AM66: 103.49183 | AO66: Ok | AQ66: CA-260107 | AS66: =+IF(Table1[[#This Row],[Column40]]="ok",Table1[[#This Row],[Column7]],0) -> 1249.73 | AT66: =+IF(Table1[[#This Row],[Column40]]="No",Table1[[#This Row],[Column7]],0) -> 0 | AU66: =+IF(LEFT(Table1[[#This Row],[Column42]],2)="DN",IF(Table1[[#This Row],[Column40]]="ok","(CA)",_xlfn.CONCAT("(CA)",CHAR(10),"FAIL")),"") | AV66: =+IF(Table1[[#This Row],[Column6]]=0,"",_xlfn.CONCAT("Sem ",WEEKNUM(Table1[[#This Row],[Column6]],2))) -> Sem 10
B67: CA-260107 | D67: GT | E67: A | G67: 46085 | H67: 1249.73 | I67: 24.13 | J67: 2635.8 | K67: 3A-H | L67: SA-UF | M67: 15 | P67: 10.807601 | R67: 1.7814483 | T67: 1.9739802 | U67: S | V67: B13T | W67: 4/4 | X67: 4 | Z67: N° 16 | AA67: 98.337292 | AB67: 75.445368 | AC67: 35.480998 | AD67: 13.687648 | AE67: 1.752 | AF67: 15.9 | AG67: Pto.Pr. | AH67: 1.7522204 | AI67: 2.0307251 | AJ67: 15.894383 | AK67: Pto.Pr. | AL67: 0.0056173958 | AM67: 101.68084 | AO67: OK | AP67: 0 | AQ67: DN-261070 | AS67: =+IF(Table1[[#This Row],[Column40]]="ok",Table1[[#This Row],[Column7]],0) -> 1249.73 | AT67: =+IF(Table1[[#This Row],[Column40]]="No",Table1[[#This Row],[Column7]],0) -> 0 | AU67: =+IF(LEFT(Table1[[#This Row],[Column42]],2)="DN",IF(Table1[[#This Row],[Column40]]="ok","(CA)",_xlfn.CONCAT("(CA)",CHAR(10),"FAIL")),"") -> (CA) | AV67: =+IF(Table1[[#This Row],[Column6]]=0,"",_xlfn.CONCAT("Sem ",WEEKNUM(Table1[[#This Row],[Column6]],2))) -> Sem 10
B68: DN-261071 | D68: GT | E68: A | G68: 46085 | H68: 1256.35 | I68: 203.83 | J68: 2584.93 | K68: 3A-H | L68: Sp 38 | M68: 30 | N68: 85462 | O68: 67.5 | P68: 10.3 | Q68: 10.112994 | R68: 1.7669991 | S68: 1.77 | T68: 1.949 | U68: N | V68: D6R+B6T | W68: 8 | X68: 4 | Y68: 2.807 | AE68: 1.69 | AF68: 0 | AK68: PRM-1567 | AM68: 104.55616 | AO68: Ok | AQ68: 0 | AS68: =+IF(Table1[[#This Row],[Column40]]="ok",Table1[[#This Row],[Column7]],0) -> 1256.35 | AT68: =+IF(Table1[[#This Row],[Column40]]="No",Table1[[#This Row],[Column7]],0) -> 0 | AU68: =+IF(LEFT(Table1[[#This Row],[Column42]],2)="DN",IF(Table1[[#This Row],[Column40]]="ok","(CA)",_xlfn.CONCAT("(CA)",CHAR(10),"FAIL")),"") | AV68: =+IF(Table1[[#This Row],[Column6]]=0,"",_xlfn.CONCAT("Sem ",WEEKNUM(Table1[[#This Row],[Column6]],2))) -> Sem 10
B69: DN-261072 | D69: GT | E69: A | G69: 46085 | H69: 1183.5 | I69: 231.38 | J69: 2577.64 | K69: 3A-H | L69: Sp 36 | M69: 30 | N69: 85462 | O69: 67.5 | P69: 12 | Q69: 11.060433 | R69: 1.7392857 | S69: 1.754 | T69: 1.948 | U69: N | V69: D6R+B6T | W69: 8 | X69: 4 | Y69: 2.807 | AE69: 1.69 | AF69: 0 | AK69: PRM-1567 | AM69: 102.91631 | AO69: Ok | AQ69: 0 | AS69: =+IF(Table1[[#This Row],[Column40]]="ok",Table1[[#This Row],[Column7]],0) -> 1183.5 | AT69: =+IF(Table1[[#This Row],[Column40]]="No",Table1[[#This Row],[Column7]],0) -> 0 | AU69: =+IF(LEFT(Table1[[#This Row],[Column42]],2)="DN",IF(Table1[[#This Row],[Column40]]="ok","(CA)",_xlfn.CONCAT("(CA)",CHAR(10),"FAIL")),"") | AV69: =+IF(Table1[[#This Row],[Column6]]=0,"",_xlfn.CONCAT("Sem ",WEEKNUM(Table1[[#This Row],[Column6]],2))) -> Sem 10
B70: DN-261073 | D70: GT | E70: A | G70: 46085 | H70: 1114.8 | I70: 256.33 | J70: 2569.51 | K70: 2C-M | L70: Sp 34 | M70: 30 | N70: 85462 | O70: 67.5 | P70: 11.9 | Q70: 11.212815 | R70: 1.7372654 | S70: 1.748 | T70: 1.944 | U70: N | V70: D6R+B6T | W70: 8 | X70: 4 | Y70: 2.807 | AE70: 1.69 | AF70: 0 | AK70: PRM-1567 | AM70: 102.79677 | AO70: Ok | AQ70: 0 | AS70: =+IF(Table1[[#This Row],[Column40]]="ok",Table1[[#This Row],[Column7]],0) -> 1114.8 | AT70: =+IF(Table1[[#This Row],[Column40]]="No",Table1[[#This Row],[Column7]],0) -> 0 | AU70: =+IF(LEFT(Table1[[#This Row],[Column42]],2)="DN",IF(Table1[[#This Row],[Column40]]="ok","(CA)",_xlfn.CONCAT("(CA)",CHAR(10),"FAIL")),"") | AV70: =+IF(Table1[[#This Row],[Column6]]=0,"",_xlfn.CONCAT("Sem ",WEEKNUM(Table1[[#This Row],[Column6]],2))) -> Sem 10
B71: DN-261074 | D71: GT | E71: A | G71: 46085 | H71: 1113.07 | I71: 340.75 | J71: 2547.51 | K71: 2C-M | L71: Sp 34 | M71: 30 | N71: 85462 | O71: 67.5 | P71: 11.8 | Q71: 13.205352 | R71: 1.7406082 | S71: 1.719 | T71: 1.946 | U71: N | V71: D6R+B6T | W71: 8 | X71: 4 | Y71: 2.807 | AE71: 1.69 | AF71: 0 | AK71: PRM-1567 | AM71: 102.99457 | AO71: Ok | AQ71: 0 | AS71: =+IF(Table1[[#This Row],[Column40]]="ok",Table1[[#This Row],[Column7]],0) -> 1113.07 | AT71: =+IF(Table1[[#This Row],[Column40]]="No",Table1[[#This Row],[Column7]],0) -> 0 | AU71: =+IF(LEFT(Table1[[#This Row],[Column42]],2)="DN",IF(Table1[[#This Row],[Column40]]="ok","(CA)",_xlfn.CONCAT("(CA)",CHAR(10),"FAIL")),"") | AV71: =+IF(Table1[[#This Row],[Column6]]=0,"",_xlfn.CONCAT("Sem ",WEEKNUM(Table1[[#This Row],[Column6]],2))) -> Sem 10
B72: DN-261075 | D72: GT | E72: A | G72: 46085 | H72: 1172.48 | I72: 329.98 | J72: 2550.97 | K72: 3A-M | L72: Sp 36 | M72: 30 | N72: 85462 | O72: 67.5 | P72: 12.4 | Q72: 13.649343 | R72: 1.7704626 | S72: 1.751 | T72: 1.99 | U72: N | V72: D6R+B6T | W72: 8 | X72: 4 | Y72: 2.807 | AE72: 1.69 | AF72: 0 | AK72: PRM-1567 | AM72: 104.7611 | AO72: Ok | AQ72: 0 | AS72: =+IF(Table1[[#This Row],[Column40]]="ok",Table1[[#This Row],[Column7]],0) -> 1172.48 | AT72: =+IF(Table1[[#This Row],[Column40]]="No",Table1[[#This Row],[Column7]],0) -> 0 | AU72: =+IF(LEFT(Table1[[#This Row],[Column42]],2)="DN",IF(Table1[[#This Row],[Column40]]="ok","(CA)",_xlfn.CONCAT("(CA)",CHAR(10),"FAIL")),"") | AV72: =+IF(Table1[[#This Row],[Column6]]=0,"",_xlfn.CONCAT("Sem ",WEEKNUM(Table1[[#This Row],[Column6]],2))) -> Sem 10
B73: DN-261076 | D73: GT | E73: A | G73: 46085 | H73: 1237.13 | I73: 346 | J73: 2544.44 | K73: 3A-M | L73: Sp 38 | M73: 30 | N73: 85462 | O73: 67.5 | P73: 12.3 | Q73: 12.098188 | R73: 1.7079252 | S73: 1.711 | T73: 1.918 | U73: N | V73: D6R+B6T | W73: 8 | X73: 4 | Y73: 2.807 | AE73: 1.69 | AF73: 0 | AK73: PRM-1567 | AM73: 101.06066 | AO73: Ok | AQ73: 0 | AS73: =+IF(Table1[[#This Row],[Column40]]="ok",Table1[[#This Row],[Column7]],0) -> 1237.13 | AT73: =+IF(Table1[[#This Row],[Column40]]="No",Table1[[#This Row],[Column7]],0) -> 0 | AU73: =+IF(LEFT(Table1[[#This Row],[Column42]],2)="DN",IF(Table1[[#This Row],[Column40]]="ok","(CA)",_xlfn.CONCAT("(CA)",CHAR(10),"FAIL")),"") | AV73: =+IF(Table1[[#This Row],[Column6]]=0,"",_xlfn.CONCAT("Sem ",WEEKNUM(Table1[[#This Row],[Column6]],2))) -> Sem 10
B74: DN-261077 | D74: GT | E74: B | G74: 46085 | H74: 649.46 | I74: 61.67 | J74: 2636.33 | K74: 2A-H | L74: SA-03 | M74: 30 | N74: 88653 | O74: 67.5 | P74: 10.1 | Q74: 11.049724 | R74: 1.8256131 | S74: 1.81 | T74: 2.01 | U74: N | V74: Vibro apisonadora | W74: 16 | X74: 8 | Y74: 2.807 | AE74: 1.74 | AF74: 0 | AK74: PRM-1565 | AM74: 104.92029 | AO74: Ok | AQ74: 0 | AS74: =+IF(Table1[[#This Row],[Column40]]="ok",Table1[[#This Row],[Column7]],0) -> 649.46 | AT74: =+IF(Table1[[#This Row],[Column40]]="No",Table1[[#This Row],[Column7]],0) -> 0 | AU74: =+IF(LEFT(Table1[[#This Row],[Column42]],2)="DN",IF(Table1[[#This Row],[Column40]]="ok","(CA)",_xlfn.CONCAT("(CA)",CHAR(10),"FAIL")),"") | AV74: =+IF(Table1[[#This Row],[Column6]]=0,"",_xlfn.CONCAT("Sem ",WEEKNUM(Table1[[#This Row],[Column6]],2))) -> Sem 10
B75: DN-261078 | D75: GT | E75: B | G75: 46085 | H75: 1089.42 | I75: 270.46 | J75: 2565.82 | K75: 2C-M | L75: Sp 33 | M75: 30 | N75: 88653 | O75: 67.5 | P75: 10.8 | Q75: 10.318332 | R75: 1.8140794 | S75: 1.822 | T75: 2.01 | U75: N | V75: D6R+B6T | W75: 8 | X75: 4 | Y75: 2.807 | AE75: 1.769 | AF75: 0 | AK75: PR-260032 | AM75: 102.5483 | AO75: Ok | AQ75: 0 | AS75: =+IF(Table1[[#This Row],[Column40]]="ok",Table1[[#This Row],[Column7]],0) -> 1089.42 | AT75: =+IF(Table1[[#This Row],[Column40]]="No",Table1[[#This Row],[Column7]],0) -> 0 | AU75: =+IF(LEFT(Table1[[#This Row],[Column42]],2)="DN",IF(Table1[[#This Row],[Column40]]="ok","(CA)",_xlfn.CONCAT("(CA)",CHAR(10),"FAIL")),"") | AV75: =+IF(Table1[[#This Row],[Column6]]=0,"",_xlfn.CONCAT("Sem ",WEEKNUM(Table1[[#This Row],[Column6]],2))) -> Sem 10
B76: DN-261079 | D76: GT | E76: B | G76: 46085 | H76: 1023.47 | I76: 257.88 | J76: 2569.76 | K76: 2C-M | L76: Sp 31 | M76: 30 | N76: 88653 | O76: 67.5 | P76: 12.8 | Q76: 8.4412222 | R76: 1.856383 | S76: 1.931 | T76: 2.094 | U76: N | V76: D6R+B6T | W76: 8 | X76: 4 | Y76: 2.807 | AE76: 1.7692808 | AF76: 16.242786 | AH76: 1.7644024 | AI76: 2.052 | AJ76: 16.3 | AK76: PR-260032 | AL76: -0.057213682 | AM76: 104.92303 | AO76: Ok | AQ76: 0 | AS76: =+IF(Table1[[#This Row],[Column40]]="ok",Table1[[#This Row],[Column7]],0) -> 1023.47 | AT76: =+IF(Table1[[#This Row],[Column40]]="No",Table1[[#This Row],[Column7]],0) -> 0 | AU76: =+IF(LEFT(Table1[[#This Row],[Column42]],2)="DN",IF(Table1[[#This Row],[Column40]]="ok","(CA)",_xlfn.CONCAT("(CA)",CHAR(10),"FAIL")),"") | AV76: =+IF(Table1[[#This Row],[Column6]]=0,"",_xlfn.CONCAT("Sem ",WEEKNUM(Table1[[#This Row],[Column6]],2))) -> Sem 10
B77: DN-261080 | D77: GT | E77: B | G77: 46085 | H77: 972.92 | I77: 228.97 | J77: 2577.48 | K77: 2C-H | L77: Sp 30 | M77: 30 | N77: 88653 | O77: 67.5 | P77: 10.7 | Q77: 9.5551895 | R77: 1.802168 | S77: 1.821 | T77: 1.995 | U77: N | V77: D6R+B6T | W77: 8 | X77: 4 | Y77: 2.807 | AE77: 1.769 | AF77: 16.2 | AH77: 1.7568729 | AI77: 2.045 | AJ77: 16.4 | AK77: PR-260032 | AL77: -0.2 | AM77: 101.87496 | AO77: Ok | AQ77: CA-260108 | AS77: =+IF(Table1[[#This Row],[Column40]]="ok",Table1[[#This Row],[Column7]],0) -> 972.92 | AT77: =+IF(Table1[[#This Row],[Column40]]="No",Table1[[#This Row],[Column7]],0) -> 0 | AU77: =+IF(LEFT(Table1[[#This Row],[Column42]],2)="DN",IF(Table1[[#This Row],[Column40]]="ok","(CA)",_xlfn.CONCAT("(CA)",CHAR(10),"FAIL")),"") | AV77: =+IF(Table1[[#This Row],[Column6]]=0,"",_xlfn.CONCAT("Sem ",WEEKNUM(Table1[[#This Row],[Column6]],2))) -> Sem 10
B78: CA-260108 | D78: GT | E78: B | G78: 46085 | H78: 972.92 | I78: 228.97 | J78: 2577.48 | K78: 2C-H | L78: Sp 30 | M78: 15 | P78: 10.700562 | R78: 1.8112695 | T78: 2.0050855 | U78: S | V78: D6R+B6T | W78: 6 | X78: 8 | Z78: N° 8 | AA78: 98.997658 | AB78: 80.489288 | AC78: 40.022627 | AD78: 14.614412 | AE78: 1.769 | AF78: 16.2 | AG78: PR-260032 | AH78: 1.7570429 | AI78: 2.044546 | AJ78: 16.3629 | AK78: PR-260032 | AL78: -0.16289996 | AM78: 102.38946 | AO78: OK | AP78: 0 | AQ78: DN-261080 | AS78: =+IF(Table1[[#This Row],[Column40]]="ok",Table1[[#This Row],[Column7]],0) -> 972.92 | AT78: =+IF(Table1[[#This Row],[Column40]]="No",Table1[[#This Row],[Column7]],0) -> 0 | AU78: =+IF(LEFT(Table1[[#This Row],[Column42]],2)="DN",IF(Table1[[#This Row],[Column40]]="ok","(CA)",_xlfn.CONCAT("(CA)",CHAR(10),"FAIL")),"") -> (CA) | AV78: =+IF(Table1[[#This Row],[Column6]]=0,"",_xlfn.CONCAT("Sem ",WEEKNUM(Table1[[#This Row],[Column6]],2))) -> Sem 10
B79: DN-261081 | D79: GT | E79: B | G79: 46085 | H79: 983.55 | I79: 390.05 | J79: 2533.03 | K79: 2C-M | L79: Sp 30 | M79: 30 | N79: 88653 | O79: 67.5 | P79: 10.7 | Q79: 9.5936795 | R79: 1.7542909 | S79: 1.772 | T79: 1.942 | U79: N | V79: D6R+B6T | W79: 8 | X79: 4 | Y79: 2.807 | AE79: 1.769 | AK79: PR-260032 | AM79: 99.168506 | AO79: Ok | AQ79: 0 | AS79: =+IF(Table1[[#This Row],[Column40]]="ok",Table1[[#This Row],[Column7]],0) -> 983.55 | AT79: =+IF(Table1[[#This Row],[Column40]]="No",Table1[[#This Row],[Column7]],0) -> 0 | AU79: =+IF(LEFT(Table1[[#This Row],[Column42]],2)="DN",IF(Table1[[#This Row],[Column40]]="ok","(CA)",_xlfn.CONCAT("(CA)",CHAR(10),"FAIL")),"") | AV79: =+IF(Table1[[#This Row],[Column6]]=0,"",_xlfn.CONCAT("Sem ",WEEKNUM(Table1[[#This Row],[Column6]],2))) -> Sem 10
B80: DN-261082 | D80: GT | E80: B | G80: 46085 | H80: 1001.28 | I80: 339.79 | J80: 2548.54 | K80: 2C-M | L80: Sp 31 | M80: 30 | N80: 88653 | O80: 67.5 | P80: 9.6 | Q80: 9.1216216 | R80: 1.7682482 | S80: 1.776 | T80: 1.938 | U80: N | V80: D6R+B6T | W80: 8 | X80: 4 | Y80: 2.807 | AE80: 1.769 | AF80: 0 | AK80: PR-260032 | AM80: 99.9575 | AO80: Ok | AQ80: 0 | AS80: =+IF(Table1[[#This Row],[Column40]]="ok",Table1[[#This Row],[Column7]],0) -> 1001.28 | AT80: =+IF(Table1[[#This Row],[Column40]]="No",Table1[[#This Row],[Column7]],0) -> 0 | AU80: =+IF(LEFT(Table1[[#This Row],[Column42]],2)="DN",IF(Table1[[#This Row],[Column40]]="ok","(CA)",_xlfn.CONCAT("(CA)",CHAR(10),"FAIL")),"") | AV80: =+IF(Table1[[#This Row],[Column6]]=0,"",_xlfn.CONCAT("Sem ",WEEKNUM(Table1[[#This Row],[Column6]],2))) -> Sem 10
B81: DN-261083 | D81: GT | E81: B | G81: 46085 | H81: 1073.38 | I81: 329.1 | J81: 2551.08 | K81: 2C-M | L81: Sp 33 | M81: 30 | N81: 88653 | O81: 67.5 | P81: 10.6 | Q81: 10.220215 | R81: 1.7649186 | S81: 1.771 | T81: 1.952 | U81: N | V81: D6R+B6T | W81: 8 | X81: 4 | Y81: 2.807 | AE81: 1.769 | AF81: 0 | AK81: PR-260032 | AM81: 99.769284 | AO81: Ok | AQ81: 0 | AS81: =+IF(Table1[[#This Row],[Column40]]="ok",Table1[[#This Row],[Column7]],0) -> 1073.38 | AT81: =+IF(Table1[[#This Row],[Column40]]="No",Table1[[#This Row],[Column7]],0) -> 0 | AU81: =+IF(LEFT(Table1[[#This Row],[Column42]],2)="DN",IF(Table1[[#This Row],[Column40]]="ok","(CA)",_xlfn.CONCAT("(CA)",CHAR(10),"FAIL")),"") | AV81: =+IF(Table1[[#This Row],[Column6]]=0,"",_xlfn.CONCAT("Sem ",WEEKNUM(Table1[[#This Row],[Column6]],2))) -> Sem 10
B82: DN-261084 | D82: GT | E82: B | G82: 46085 | H82: 1088.78 | I82: 425.41 | J82: 2521.38 | K82: 2C-M | L82: Sp 33 | M82: 30 | N82: 88653 | O82: 67.5 | P82: 11 | Q82: 10.028169 | R82: 1.7594595 | S82: 1.775 | T82: 1.953 | U82: N | V82: D6R+B6T | W82: 8 | X82: 4 | Y82: 2.807 | AE82: 1.769 | AF82: 0 | AK82: PR-260032 | AM82: 99.460682 | AO82: Ok | AQ82: 0 | AS82: =+IF(Table1[[#This Row],[Column40]]="ok",Table1[[#This Row],[Column7]],0) -> 1088.78 | AT82: =+IF(Table1[[#This Row],[Column40]]="No",Table1[[#This Row],[Column7]],0) -> 0 | AU82: =+IF(LEFT(Table1[[#This Row],[Column42]],2)="DN",IF(Table1[[#This Row],[Column40]]="ok","(CA)",_xlfn.CONCAT("(CA)",CHAR(10),"FAIL")),"") | AV82: =+IF(Table1[[#This Row],[Column6]]=0,"",_xlfn.CONCAT("Sem ",WEEKNUM(Table1[[#This Row],[Column6]],2))) -> Sem 10
B83: DN-261085 | D83: GT | E83: B | G83: 46085 | H83: 1072.94 | I83: 488.03 | J83: 2502.38 | K83: 2C-M | L83: Sp 33 | M83: 30 | N83: 88653 | O83: 67.5 | P83: 10.9 | Q83: 9.1707853 | R83: 1.792606 | S83: 1.821 | T83: 1.988 | U83: N | V83: D6R+B6T | W83: 8 | X83: 4 | Y83: 2.807 | AE83: 1.769 | AF83: 0 | AK83: PR-260032 | AM83: 101.33442 | AO83: Ok | AQ83: 0 | AS83: =+IF(Table1[[#This Row],[Column40]]="ok",Table1[[#This Row],[Column7]],0) -> 1072.94 | AT83: =+IF(Table1[[#This Row],[Column40]]="No",Table1[[#This Row],[Column7]],0) -> 0 | AU83: =+IF(LEFT(Table1[[#This Row],[Column42]],2)="DN",IF(Table1[[#This Row],[Column40]]="ok","(CA)",_xlfn.CONCAT("(CA)",CHAR(10),"FAIL")),"") | AV83: =+IF(Table1[[#This Row],[Column6]]=0,"",_xlfn.CONCAT("Sem ",WEEKNUM(Table1[[#This Row],[Column6]],2))) -> Sem 10
B84: DN-261086 | D84: GT | E84: B | G84: 46085 | H84: 945.07 | I84: 233.58 | J84: 2575.19 | K84: 2C-H | L84: Sp 29 | M84: 30 | N84: 88653 | O84: 67.5 | P84: 9.1 | Q84: 10.480094 | R84: 1.7296059 | S84: 1.708 | T84: 1.887 | U84: N | V84: D6R+B6T | W84: 8 | X84: 4 | Y84: 2.807 | AE84: 1.701 | AF84: 0 | AK84: PRM-1568 | AM84: 101.68171 | AO84: Ok | AQ84: 0 | AS84: =+IF(Table1[[#This Row],[Column40]]="ok",Table1[[#This Row],[Column7]],0) -> 945.07 | AT84: =+IF(Table1[[#This Row],[Column40]]="No",Table1[[#This Row],[Column7]],0) -> 0 | AU84: =+IF(LEFT(Table1[[#This Row],[Column42]],2)="DN",IF(Table1[[#This Row],[Column40]]="ok","(CA)",_xlfn.CONCAT("(CA)",CHAR(10),"FAIL")),"") | AV84: =+IF(Table1[[#This Row],[Column6]]=0,"",_xlfn.CONCAT("Sem ",WEEKNUM(Table1[[#This Row],[Column6]],2))) -> Sem 10
B85: DN-261087 | D85: GT | E85: B | G85: 46085 | H85: 935.02 | I85: 293.84 | J85: 2558.79 | K85: 2B-M | L85: Sp 29 | M85: 30 | N85: 88653 | O85: 67.5 | P85: 7.7 | Q85: 8.8798607 | R85: 1.7418756 | S85: 1.723 | T85: 1.876 | U85: N | V85: D6R+B6T | W85: 8 | X85: 4 | Y85: 2.807 | AE85: 1.701 | AF85: 0 | AK85: PRM-1568 | AM85: 102.40303 | AO85: Ok | AQ85: 0 | AS85: =+IF(Table1[[#This Row],[Column40]]="ok",Table1[[#This Row],[Column7]],0) -> 935.02 | AT85: =+IF(Table1[[#This Row],[Column40]]="No",Table1[[#This Row],[Column7]],0) -> 0 | AU85: =+IF(LEFT(Table1[[#This Row],[Column42]],2)="DN",IF(Table1[[#This Row],[Column40]]="ok","(CA)",_xlfn.CONCAT("(CA)",CHAR(10),"FAIL")),"") | AV85: =+IF(Table1[[#This Row],[Column6]]=0,"",_xlfn.CONCAT("Sem ",WEEKNUM(Table1[[#This Row],[Column6]],2))) -> Sem 10
B86: DN-261088 | D86: GT | E86: B | G86: 46085 | H86: 935.19 | I86: 382.2 | J86: 2533.7 | K86: 2B-M | L86: Sp 29 | M86: 30 | N86: 88653 | O86: 67.5 | P86: 9.6 | Q86: 10.434783 | R86: 1.7381387 | S86: 1.725 | T86: 1.905 | U86: N | V86: D6R+B6T | W86: 8 | X86: 4 | Y86: 2.807 | AE86: 1.701 | AF86: 0 | AK86: PRM-1568 | AM86: 102.18334 | AO86: Ok | AQ86: 0 | AS86: =+IF(Table1[[#This Row],[Column40]]="ok",Table1[[#This Row],[Column7]],0) -> 935.19 | AT86: =+IF(Table1[[#This Row],[Column40]]="No",Table1[[#This Row],[Column7]],0) -> 0 | AU86: =+IF(LEFT(Table1[[#This Row],[Column42]],2)="DN",IF(Table1[[#This Row],[Column40]]="ok","(CA)",_xlfn.CONCAT("(CA)",CHAR(10),"FAIL")),"") | AV86: =+IF(Table1[[#This Row],[Column6]]=0,"",_xlfn.CONCAT("Sem ",WEEKNUM(Table1[[#This Row],[Column6]],2))) -> Sem 10
B87: DN-261089 | D87: GT | E87: B | G87: 46085 | H87: 1575.23 | I87: -2.89 | J87: 2635.9 | K87: 3C-H | L87: Plataforma | M87: 30 | N87: 88653 | O87: 67.5 | P87: 10.8 | Q87: 10.134378 | R87: 1.7752708 | S87: 1.786 | T87: 1.967 | U87: N | V87: B13T | W87: 4 | X87: 2 | Y87: 2.807 | AE87: 1.721 | AF87: 0 | AK87: PRM-1566 | AM87: 103.15344 | AO87: Ok | AQ87: 0 | AS87: =+IF(Table1[[#This Row],[Column40]]="ok",Table1[[#This Row],[Column7]],0) -> 1575.23 | AT87: =+IF(Table1[[#This Row],[Column40]]="No",Table1[[#This Row],[Column7]],0) -> 0 | AU87: =+IF(LEFT(Table1[[#This Row],[Column42]],2)="DN",IF(Table1[[#This Row],[Column40]]="ok","(CA)",_xlfn.CONCAT("(CA)",CHAR(10),"FAIL")),"") | AV87: =+IF(Table1[[#This Row],[Column6]]=0,"",_xlfn.CONCAT("Sem ",WEEKNUM(Table1[[#This Row],[Column6]],2))) -> Sem 10
B88: PR-260032 | D88: GT | E88: B | G88: 46085 | H88: 1056.445 | I88: 264.17 | J88: 2567.79 | K88: 2C-M | L88: Sp 32 | M88: - | N88: - | O88: - | P88: - | Q88: - | R88: - | S88: - | T88: - | U88: PR | V88: - | W88: - | X88: - | Y88: 2.8156494 | Z88: N° 16 | AA88: 98.065195 | AB88: 78.338591 | AC88: 38.759201 | AD88: 14.44795 | AE88: 1.7692808 | AF88: 16.242786 | AG88: PR-260032 | AH88: - | AI88: - | AJ88: - | AK88: - | AL88: - | AM88: - | AN88: - | AO88: - | AP88: - | AQ88: Proctor test | AS88: =+IF(Table1[[#This Row],[Column40]]="ok",Table1[[#This Row],[Column7]],0) -> 0 | AT88: =+IF(Table1[[#This Row],[Column40]]="No",Table1[[#This Row],[Column7]],0) -> 0 | AU88: =+IF(LEFT(Table1[[#This Row],[Column42]],2)="DN",IF(Table1[[#This Row],[Column40]]="ok","(CA)",_xlfn.CONCAT("(CA)",CHAR(10),"FAIL")),"") | AV88: =+IF(Table1[[#This Row],[Column6]]=0,"",_xlfn.CONCAT("Sem ",WEEKNUM(Table1[[#This Row],[Column6]],2))) -> Sem 10
B89: DN-261090 | D89: GT | E89: A | G89: 46086 | H89: 1543.86 | I89: -25.24 | J89: 2635.9 | K89: 3C-H | L89: P.106 OF | M89: 30 | N89: 85462 | O89: 59.78 | P89: 16.6 | Q89: 15.410959 | R89: 1.7341338 | S89: 1.752 | T89: 2.022 | U89: N | V89: B3.3T | W89: 12 | X89: 6 | Y89: 2.807 | AE89: 1.7318324 | AF89: 16.288404 | AH89: 1.7233677 | AI89: 2.006 | AJ89: 16.4 | AK89: PR-260028 | AL89: -0.11159648 | AM89: 100.13289 | AO89: Ok | AQ89: CA-260109 | AS89: =+IF(Table1[[#This Row],[Column40]]="ok",Table1[[#This Row],[Column7]],0) -> 1543.86 | AT89: =+IF(Table1[[#This Row],[Column40]]="No",Table1[[#This Row],[Column7]],0) -> 0 | AU89: =+IF(LEFT(Table1[[#This Row],[Column42]],2)="DN",IF(Table1[[#This Row],[Column40]]="ok","(CA)",_xlfn.CONCAT("(CA)",CHAR(10),"FAIL")),"") | AV89: =+IF(Table1[[#This Row],[Column6]]=0,"",_xlfn.CONCAT("Sem ",WEEKNUM(Table1[[#This Row],[Column6]],2))) -> Sem 10
B90: CA-260109 | D90: GT | E90: A | G90: 46086 | H90: 1543.86 | I90: -25.24 | J90: 2635.9 | K90: 2C-L | L90: Sp 33 | M90: 15 | P90: 16.612022 | R90: 1.7191058 | T90: 2.0046841 | U90: S | V90: B3.3T | W90: 4/4 | X90: 12 | Z90: N° 16 | AA90: 98.443663 | AB90: 74.237071 | AC90: 32.549483 | AD90: 11.06648 | AE90: 1.7318324 | AF90: 16.288404 | AG90: PR-260028 | AH90: 1.723395 | AI90: 2.0062726 | AJ90: 16.413975 | AK90: PR-260028 | AL90: -0.12557143 | AM90: 99.265141 | AO90: OK | AP90: 0 | AQ90: DN-261090 | AS90: =+IF(Table1[[#This Row],[Column40]]="ok",Table1[[#This Row],[Column7]],0) -> 1543.86 | AT90: =+IF(Table1[[#This Row],[Column40]]="No",Table1[[#This Row],[Column7]],0) -> 0 | AU90: =+IF(LEFT(Table1[[#This Row],[Column42]],2)="DN",IF(Table1[[#This Row],[Column40]]="ok","(CA)",_xlfn.CONCAT("(CA)",CHAR(10),"FAIL")),"") -> (CA) | AV90: =+IF(Table1[[#This Row],[Column6]]=0,"",_xlfn.CONCAT("Sem ",WEEKNUM(Table1[[#This Row],[Column6]],2))) -> Sem 10
B91: DN-261091 | D91: GT | E91: A | G91: 46086 | H91: 1544.2 | I91: -29.59 | J91: 2635.9 | K91: 3C-H | L91: SA-OF | M91: 30 | N91: 85462 | O91: 59.78 | P91: 10.6 | Q91: 11.117381 | R91: 1.7802893 | S91: 1.772 | T91: 1.969 | U91: N | V91: B13T | W91: 4 | X91: 2 | Y91: 2.807 | AE91: 1.721 | AF91: 0 | AK91: PRM-1566 | AM91: 103.44505 | AO91: Ok | AQ91: 0 | AS91: =+IF(Table1[[#This Row],[Column40]]="ok",Table1[[#This Row],[Column7]],0) -> 1544.2 | AT91: =+IF(Table1[[#This Row],[Column40]]="No",Table1[[#This Row],[Column7]],0) -> 0 | AU91: =+IF(LEFT(Table1[[#This Row],[Column42]],2)="DN",IF(Table1[[#This Row],[Column40]]="ok","(CA)",_xlfn.CONCAT("(CA)",CHAR(10),"FAIL")),"") | AV91: =+IF(Table1[[#This Row],[Column6]]=0,"",_xlfn.CONCAT("Sem ",WEEKNUM(Table1[[#This Row],[Column6]],2))) -> Sem 10
B92: DN-261092 | D92: GT | E92: A | G92: 46086 | H92: 884.28 | I92: 236.13 | J92: 2574.05 | K92: 2B-H | L92: Sp 27 | M92: 30 | N92: 85462 | O92: 59.78 | P92: 14.4 | Q92: 12.068966 | R92: 1.7045455 | S92: 1.74 | T92: 1.95 | U92: N | V92: D6R+B6T | W92: 8 | X92: 4 | Y92: 2.807 | AE92: 1.701 | AF92: 0 | AK92: PRM-1568 | AM92: 100.20843 | AO92: Ok | AQ92: 0 | AS92: =+IF(Table1[[#This Row],[Column40]]="ok",Table1[[#This Row],[Column7]],0) -> 884.28 | AT92: =+IF(Table1[[#This Row],[Column40]]="No",Table1[[#This Row],[Column7]],0) -> 0 | AU92: =+IF(LEFT(Table1[[#This Row],[Column42]],2)="DN",IF(Table1[[#This Row],[Column40]]="ok","(CA)",_xlfn.CONCAT("(CA)",CHAR(10),"FAIL")),"") | AV92: =+IF(Table1[[#This Row],[Column6]]=0,"",_xlfn.CONCAT("Sem ",WEEKNUM(Table1[[#This Row],[Column6]],2))) -> Sem 10
B93: DN-261093 | D93: GT | E93: A | G93: 46086 | H93: 793.6 | I93: 215.5 | J93: 2585.84 | K93: 2B-H | L93: Sp 25 | M93: 30 | N93: 85462 | O93: 59.78 | P93: 12.7 | Q93: 10.868347 | R93: 1.7559894 | S93: 1.785 | T93: 1.979 | U93: N | V93: D6R+B6T | W93: 8 | X93: 4 | Y93: 2.807 | AE93: 1.701 | AF93: 0 | AK93: PRM-1568 | AM93: 103.23277 | AO93: Ok | AQ93: 0 | AS93: =+IF(Table1[[#This Row],[Column40]]="ok",Table1[[#This Row],[Column7]],0) -> 793.6 | AT93: =+IF(Table1[[#This Row],[Column40]]="No",Table1[[#This Row],[Column7]],0) -> 0 | AU93: =+IF(LEFT(Table1[[#This Row],[Column42]],2)="DN",IF(Table1[[#This Row],[Column40]]="ok","(CA)",_xlfn.CONCAT("(CA)",CHAR(10),"FAIL")),"") | AV93: =+IF(Table1[[#This Row],[Column6]]=0,"",_xlfn.CONCAT("Sem ",WEEKNUM(Table1[[#This Row],[Column6]],2))) -> Sem 10
B94: DN-261094 | D94: GT | E94: A | G94: 46086 | H94: 739.73 | I94: 306.61 | J94: 2561.65 | K94: 2A-M | L94: Sp 23 | M94: 30 | N94: 85462 | O94: 59.78 | P94: 14.1 | Q94: 13.093196 | R94: 1.733567 | S94: 1.749 | T94: 1.978 | U94: N | V94: D6R+B6T | W94: 8 | X94: 4 | Y94: 2.807 | AE94: 1.701 | AF94: 0 | AK94: PRM-1568 | AM94: 101.91458 | AO94: Ok | AQ94: 0 | AS94: =+IF(Table1[[#This Row],[Column40]]="ok",Table1[[#This Row],[Column7]],0) -> 739.73 | AT94: =+IF(Table1[[#This Row],[Column40]]="No",Table1[[#This Row],[Column7]],0) -> 0 | AU94: =+IF(LEFT(Table1[[#This Row],[Column42]],2)="DN",IF(Table1[[#This Row],[Column40]]="ok","(CA)",_xlfn.CONCAT("(CA)",CHAR(10),"FAIL")),"") | AV94: =+IF(Table1[[#This Row],[Column6]]=0,"",_xlfn.CONCAT("Sem ",WEEKNUM(Table1[[#This Row],[Column6]],2))) -> Sem 10
B95: DN-261095 | D95: GT | E95: A | G95: 46086 | H95: 872.28 | I95: 316.54 | J95: 2553.85 | K95: 2B-M | L95: Sp 27 | M95: 30 | N95: 85462 | O95: 59.78 | P95: 13.8 | Q95: 12.814773 | R95: 1.771529 | S95: 1.787 | T95: 2.016 | U95: N | V95: D6R+B6T | W95: 8 | X95: 4 | Y95: 2.807 | AE95: 1.7381042 | AF95: 16.100415 | AH95: 1.7381568 | AI95: 2.018 | AJ95: 16.1 | AK95: PRM-1563 | AL95: 0.00041482448 | AM95: 101.92306 | AO95: Ok | AQ95: 0 | AS95: =+IF(Table1[[#This Row],[Column40]]="ok",Table1[[#This Row],[Column7]],0) -> 872.28 | AT95: =+IF(Table1[[#This Row],[Column40]]="No",Table1[[#This Row],[Column7]],0) -> 0 | AU95: =+IF(LEFT(Table1[[#This Row],[Column42]],2)="DN",IF(Table1[[#This Row],[Column40]]="ok","(CA)",_xlfn.CONCAT("(CA)",CHAR(10),"FAIL")),"") | AV95: =+IF(Table1[[#This Row],[Column6]]=0,"",_xlfn.CONCAT("Sem ",WEEKNUM(Table1[[#This Row],[Column6]],2))) -> Sem 10
B96: DN-261096 | D96: GT | E96: A | G96: 46086 | H96: 912.23 | I96: 429.7 | J96: 2520.41 | K96: 2B-M | L96: Sp 28 | M96: 30 | N96: 85462 | O96: 59.78 | P96: 10.8 | Q96: 10.69869 | R96: 1.8303249 | S96: 1.832 | T96: 2.028 | U96: N | V96: D6R+B6T | W96: 8 | X96: 4 | Y96: 2.807 | AE96: 1.7692808 | AF96: 16.242786 | AH96: 1.7439655 | AI96: 2.023 | AJ96: 16 | AK96: PR-260032 | AL96: 0.24278632 | AM96: 103.45022 | AO96: Ok | AQ96: 0 | AS96: =+IF(Table1[[#This Row],[Column40]]="ok",Table1[[#This Row],[Column7]],0) -> 912.23 | AT96: =+IF(Table1[[#This Row],[Column40]]="No",Table1[[#This Row],[Column7]],0) -> 0 | AU96: =+IF(LEFT(Table1[[#This Row],[Column42]],2)="DN",IF(Table1[[#This Row],[Column40]]="ok","(CA)",_xlfn.CONCAT("(CA)",CHAR(10),"FAIL")),"") | AV96: =+IF(Table1[[#This Row],[Column6]]=0,"",_xlfn.CONCAT("Sem ",WEEKNUM(Table1[[#This Row],[Column6]],2))) -> Sem 10
B97: DN-261097 | D97: GT | E97: A | G97: 46086 | H97: 848.96 | I97: 410.1 | J97: 2529.55 | K97: 2B-M | L97: Sp 26 | M97: 30 | N97: 85462 | O97: 59.78 | P97: 12.2 | Q97: 11.570248 | R97: 1.8048128 | S97: 1.815 | T97: 2.025 | U97: N | V97: D6R+B6T | W97: 8 | X97: 4 | Y97: 2.807 | AE97: 1.7692808 | AF97: 16.242786 | AH97: 1.7405172 | AI97: 2.019 | AJ97: 16 | AK97: PR-260032 | AL97: 0.24278632 | AM97: 102.00828 | AO97: Ok | AQ97: 0 | AS97: =+IF(Table1[[#This Row],[Column40]]="ok",Table1[[#This Row],[Column7]],0) -> 848.96 | AT97: =+IF(Table1[[#This Row],[Column40]]="No",Table1[[#This Row],[Column7]],0) -> 0 | AU97: =+IF(LEFT(Table1[[#This Row],[Column42]],2)="DN",IF(Table1[[#This Row],[Column40]]="ok","(CA)",_xlfn.CONCAT("(CA)",CHAR(10),"FAIL")),"") | AV97: =+IF(Table1[[#This Row],[Column6]]=0,"",_xlfn.CONCAT("Sem ",WEEKNUM(Table1[[#This Row],[Column6]],2))) -> Sem 10
B98: DN-261098 | D98: GT | E98: A | G98: 46086 | H98: 846.95 | I98: 516.82 | J98: 2500.17 | K98: 2B-L | L98: Sp 26 | M98: 30 | N98: 85462 | O98: 59.78 | P98: 12.4 | Q98: 12.918379 | R98: 1.7108541 | S98: 1.703 | T98: 1.923 | U98: N | V98: D6R+B6T | W98: 8 | X98: 4 | Y98: 2.807 | AE98: 1.701 | AF98: 0 | AK98: PRM-1568 | AM98: 100.57931 | AO98: Ok | AQ98: 0 | AS98: =+IF(Table1[[#This Row],[Column40]]="ok",Table1[[#This Row],[Column7]],0) -> 846.95 | AT98: =+IF(Table1[[#This Row],[Column40]]="No",Table1[[#This Row],[Column7]],0) -> 0 | AU98: =+IF(LEFT(Table1[[#This Row],[Column42]],2)="DN",IF(Table1[[#This Row],[Column40]]="ok","(CA)",_xlfn.CONCAT("(CA)",CHAR(10),"FAIL")),"") | AV98: =+IF(Table1[[#This Row],[Column6]]=0,"",_xlfn.CONCAT("Sem ",WEEKNUM(Table1[[#This Row],[Column6]],2))) -> Sem 10
B99: DN-261099 | D99: GT | E99: A | G99: 46086 | H99: 915.6 | I99: 536.03 | J99: 2490.42 | K99: 2B-L | L99: Sp 28 | M99: 30 | N99: 85462 | O99: 59.78 | P99: 11.4 | Q99: 11.060433 | R99: 1.7486535 | S99: 1.754 | T99: 1.948 | U99: N | V99: D6R+B6T | W99: 8 | X99: 4 | Y99: 2.807 | AE99: 1.701 | AF99: 0 | AK99: PRM-1568 | AM99: 102.8015 | AO99: Ok | AQ99: 0 | AS99: =+IF(Table1[[#This Row],[Column40]]="ok",Table1[[#This Row],[Column7]],0) -> 915.6 | AT99: =+IF(Table1[[#This Row],[Column40]]="No",Table1[[#This Row],[Column7]],0) -> 0 | AU99: =+IF(LEFT(Table1[[#This Row],[Column42]],2)="DN",IF(Table1[[#This Row],[Column40]]="ok","(CA)",_xlfn.CONCAT("(CA)",CHAR(10),"FAIL")),"") | AV99: =+IF(Table1[[#This Row],[Column6]]=0,"",_xlfn.CONCAT("Sem ",WEEKNUM(Table1[[#This Row],[Column6]],2))) -> Sem 10
B100: DN-261100 | D100: GT | E100: A | G100: 46086 | H100: 883.1 | I100: 612.92 | J100: 2469.85 | K100: 2B-L | L100: Sp 27 | M100: 30 | N100: 85462 | O100: 59.78 | P100: 15 | Q100: 13.884205 | R100: 1.7617391 | S100: 1.779 | T100: 2.026 | U100: N | V100: D6R+B6T | W100: 8 | X100: 4 | Y100: 2.807 | AE100: 1.7692808 | AF100: 16.242786 | AH100: 1.7527993 | AI100: 2.035 | AJ100: 16.1 | AK100: PR-260032 | AL100: 0.14278632 | AM100: 99.573745 | AO100: Ok | AQ100: CA-260110 | AS100: =+IF(Table1[[#This Row],[Column40]]="ok",Table1[[#This Row],[Column7]],0) -> 883.1 | AT100: =+IF(Table1[[#This Row],[Column40]]="No",Table1[[#This Row],[Column7]],0) -> 0 | AU100: =+IF(LEFT(Table1[[#This Row],[Column42]],2)="DN",IF(Table1[[#This Row],[Column40]]="ok","(CA)",_xlfn.CONCAT("(CA)",CHAR(10),"FAIL")),"") | AV100: =+IF(Table1[[#This Row],[Column6]]=0,"",_xlfn.CONCAT("Sem ",WEEKNUM(Table1[[#This Row],[Column6]],2))) -> Sem 10
...

Sheet R Semanal
AJ1: CONTORNO - ABRIL 2025 | AO1: ZONAS | AS1: SUB ZONAS | AW1: CONTORNO CORONA 2025 | AZ1: CONTORNO INTERNO C7 - JULIO 2025
AJ2: 2158.22 | AK2: -148.11 | AL2: 2622.2611 | AN2: Z1 | AO2: 600 | AP2: 42.91 | AQ2: 602 | AR2: Z1 | AS2: 280 | AT2: 35.43 | AU2: 263 | AW2: OVER | AX2: 3.68 | AY2: -11.37 | AZ2: 1523.8 | BA2: 540.03 | BB2: 2483.329
G3: ZONA 1 | L3: ZONA 2 | Q3: ZONA 3 | V3: ZONA 4 | AJ3: 2156.13 | AK3: -144.1 | AL3: 2621.3351 | AO3: 600 | AP3: 540.22 | AS3: 280 | AT3: 340.96 | AX3: 19.07 | AY3: 19.85 | AZ3: 1521.25 | BA3: 543.6 | BB3: 2482.441
AJ4: 2153.64 | AK4: -137.4 | AL4: 2617.537 | AN4: Z2 | AO4: 1120 | AP4: -32.33 | AQ4: 1112 | AS4: 450 | AT4: 39.42 | AU4: 444 | AX4: 41.82 | AY4: 28.33 | AZ4: 1519.23 | BA4: 547.21 | BB4: 2480.901
AJ5: 2150.86 | AK5: -127.17 | AL5: 2615.5033 | AO5: 1120 | AP5: 833.77 | AS5: 450 | AT5: 461.69 | AX5: 64.57 | AY5: 36.81 | AZ5: 1518.16 | BA5: 550.11 | BB5: 2479.626
AJ6: 2148.2 | AK6: -117.2 | AL6: 2614.173 | AN6: Z3 | AO6: 1640 | AP6: -29.33 | AQ6: 1642 | AR6: Z2 | AS6: 780 | AT6: -18 | AU6: 840 | AX6: 87.32 | AY6: 45.29 | AZ6: 1517.41 | BA6: 554.98 | BB6: 2477.547
C7: H (Corona) | AJ7: 2143.61 | AK7: -108.66 | AL7: 2612.175 | AO7: 1640 | AP7: 424.19 | AS7: 780 | AT7: 620 | AX7: 110.08 | AY7: 53.77 | AZ7: 1516.76 | BA7: 558.77 | BB7: 2476.035
AJ8: 2141.06 | AK8: -104.58 | AL8: 2611.0857 | AN8: Z4 | AS8: 940 | AT8: -18 | AU8: 964 | AX8: 132.83 | AY8: 62.25 | AZ8: 1516.77 | BA8: 563.14 | BB8: 2474.266
AJ9: 2138.37 | AK9: -100.41 | AL9: 2610.0435 | AS9: 940 | AT9: 720 | AX9: 155.58 | AY9: 70.73 | AZ9: 1517.11 | BA9: 567.08 | BB9: 2472.845
AJ10: 2133.36 | AK10: -92.26 | AL10: 2608.056 | AR10: Z3 | AS10: 1280 | AT10: -31.16 | AU10: 1292 | AX10: 178.33 | AY10: 79.21 | AZ10: 1517.01 | BA10: 571.83 | BB10: 2471.424
C11: H (50 a 250m) | AJ11: 2132.44 | AK11: -90.25 | AL11: 2607.479 | AS11: 1280 | AT11: 1006.71 | AX11: 205.09 | AY11: 89.19 | AZ11: 1517.9 | BA11: 575.76 | BB11: 2470.129
AJ12: 2129.21 | AK12: -83.94 | AL12: 2605.4326 | AS12: 1460 | AT12: -18 | AU12: 1473 | AX12: 225.08 | AY12: 89.72 | AZ12: 1519.48 | BA12: 580.47 | BB12: 2468.807
AJ13: 2125.04 | AK13: -75.34 | AL13: 2602.6701 | AS13: 1460 | AT13: 780 | AX13: 249.35 | AY13: 90.37 | AZ13: 1521.01 | BA13: 583.49 | BB13: 2468.082
AJ14: 2120.85 | AK14: -67.16 | AL14: 2599.4551 | AR14: Z4 | AS14: 1760 | AT14: -120 | AU14: 1765 | AX14: 273.63 | AY14: 91.03 | AZ14: 1521.97 | BA14: 586.64 | BB14: 2467.502
AJ15: 2118.5 | AK15: -61.28 | AL15: 2596.9969 | AS15: 1760 | AT15: 400 | AX15: 297.9 | AY15: 91.68 | AZ15: 1522.65 | BA15: 592.43 | BB15: 2466.046
AJ16: 2118.17 | AK16: -51.81 | AL16: 2593.3621 | AS16: 1920 | AT16: -200 | AU16: 1932 | AX16: 322.17 | AY16: 92.33 | AZ16: 1521.02 | BA16: 596.09 | BB16: 2464.9821
C17: M (250m a 500m) | AJ17: 2118.59 | AK17: -49.53 | AL17: 2592.5861 | AS17: 1920 | AT17: 310 | AX17: 346.44 | AY17: 92.98 | AZ17: 1518.89 | BA17: 599.85 | BB17: 2464.274
AJ18: 2121.34 | AK18: -40.63 | AL18: 2589.913 | AX18: 370.71 | AY18: 93.63 | AZ18: 1518.06 | BA18: 602.98 | BB18: 2463.104
AJ19: 2124.82 | AK19: -31.94 | AL19: 2587.634 | AX19: 394.98 | AY19: 94.28 | AZ19: 1517.78 | BA19: 607.01 | BB19: 2461.723
AJ20: 2127.99 | AK20: -25.57 | AL20: 2586.1587 | AX20: 419.25 | AY20: 94.93 | AZ20: 1517.38 | BA20: 610.16 | BB20: 2460.652
AJ21: 2129.51 | AK21: -16.77 | AL21: 2584.248 | AX21: 443.52 | AY21: 95.58 | AZ21: 1517.6 | BA21: 614.33 | BB21: 2459.351
G22: ="Ensayos Compactación Semana "&WEEKNUM(N39) -> Ensayos Compactación Semana 15 | AJ22: 2126.6 | AK22: -10.98 | AL22: 2583.224 | AX22: 467.8 | AY22: 96.24 | AZ22: 1517.57 | BA22: 616.86 | BB22: 2458.65
C23: L (500m a 750m) | AJ23: 2122.09 | AK23: -3.08 | AL23: 2581.22 | AX23: 492.07 | AY23: 96.89 | AZ23: 1518.91 | BA23: 619.97 | BB23: 2457.7469
G24: N° Ensayos | H24: DensÍmetro Nuclear | I24: Cono de Arena | J24: % Compact. | AJ24: 2117.84 | AK24: 4.38 | AL24: 2579.4535 | AX24: 516.34 | AY24: 97.54 | AZ24: 1520.29 | BA24: 624.92 | BB24: 2456.65
AJ25: 2113.51 | AK25: 10.09 | AL25: 2578.327 | AX25: 540.61 | AY25: 98.08 | AZ25: 1520.3 | BA25: 632.02 | BB25: 2455.2629
G26: Pasa | H26: =+FCS!I861 -> 628 | I26: =+FCS!K861 -> 63 | J26: =ROUND(+FCS!M861,1) -> 101.6 | AJ26: 2109.77 | AK26: 15.63 | AL26: 2577.204 | AX26: 564.89 | AY26: 98.55 | AZ26: 1520.25 | BA26: 637.57 | BB26: 2454.202
AJ27: 2106.46 | AK27: 20.87 | AL27: 2575.8929 | AX27: 589.16 | AY27: 99.02 | AZ27: 1521.3 | BA27: 644.86 | BB27: 2452.728
G28: Falla | H28: =+FCS!I862 -> 0 | I28: =+FCS!K862 -> 0 | J28: =ROUND(+FCS!M862,1) -> 0 | AJ28: 2103.97 | AK28: 25.86 | AL28: 2574.5861 | AX28: 613.41 | AY28: 98.3 | AZ28: 1521.13 | BA28: 649.69 | BB28: 2451.749
C29: Blanket (750 a 1000m) | AJ29: 2100.09 | AK29: 30.95 | AL29: 2573.286 | AX29: 637.22 | AY29: 93.67 | AZ29: 1519.77 | BA29: 657.08 | BB29: 2450.327
G30: Total | H30: =H26+H28 -> 628 | I30: =I26+I28 -> 63 | J30: =ROUND(+FCS!M863,1) -> 101.6 | AJ30: 2097.66 | AK30: 35.85 | AL30: 2572.123 | AX30: 659.92 | AY30: 85.15 | AZ30: 1519.08 | BA30: 662.8 | BB30: 2449.109
AJ31: 2095.23 | AK31: 41.31 | AL31: 2571.299 | AX31: 680.9 | AY31: 72.99 | AZ31: 1517.72 | BA31: 668.09 | BB31: 2448.1021
AJ32: 2091.08 | AK32: 51.12 | AL32: 2569.295 | AX32: 719.14 | AY32: 43.06 | AZ32: 1515.28 | BA32: 673.04 | BB32: 2447.14
AJ33: 2085.73 | AK33: 60.03 | AL33: 2566.851 | AX33: 741.81 | AY33: 25.13 | AZ33: 1513.08 | BA33: 678.2 | BB33: 2446.1639
AJ34: 2079.28 | AK34: 68.67 | AL34: 2563.749 | AX34: 761.46 | AY34: 25.06 | AZ34: 1511.17 | BA34: 682.92 | BB34: 2445.234
AJ35: 2074.26 | AK35: 80.58 | AL35: 2560.105 | AX35: 785.74 | AY35: 24.97 | AZ35: 1509.46 | BA35: 687.74 | BB35: 2444.058
E36: FECHA: | G36: del | H36: =+UPPER(TEXT(SUBTOTAL(5,Table1[Column6]),"dd-mmm")) -> 01-MAR | J36: al | K36: =+UPPER(TEXT(SUBTOTAL(4,Table1[Column6]),"dd-mmm")) -> 31-MAR | AJ36: 2073.72 | AK36: 89.67 | AL36: 2557.3764 | AX36: 810.02 | AY36: 24.91 | AZ36: 1506.24 | BA36: 693.95 | BB36: 2442.751
E37: ENSAYOS COMPACTACIÓN | Q37: PORCENTAJE DE FALLAS DE COMPACTACION | AJ37: 2074.93 | AK37: 95.49 | AL37: 2555.772 | AX37: 834.3 | AY37: 24.99 | AZ37: 1502.55 | BA37: 699.04 | BB37: 2441.574
E38: N° Ensayos | G38: DensÍmetro Nuclear | I38: Cono de Arena | K38: % Compactación | Q38: Número total de ensayos semanal: | W38: =G40+I40+G41+I41 -> 691 | AJ38: 2078.61 | AK38: 102.78 | AL38: 2553.598 | AX38: 858.58 | AY38: 24.99 | AZ38: 1499.88 | BA38: 702.46 | BB38: 2440.476
N39: =TODAY() -> 46118 | Q39: Número de fallas en la semana: | W39: =G41+I41 -> 0 | AJ39: 2081.79 | AK39: 105.5 | AL39: 2552.847 | AX39: 882.86 | AY39: 24.99 | AZ39: 1495.48 | BA39: 710.11 | BB39: 2437.701
E40: Pasa | G40: =+FCS!I861 -> 628 | I40: =+FCS!K861 -> 63 | K40: =+FCS!M861 -> 101.57144 | N40: =WEEKNUM(N39) -> 15 | Q40: % de fallas en la Semana: | W40: =W39/W38 -> 0 | AJ40: 2087.22 | AK40: 109.94 | AL40: 2552.105 | AX40: 907.14 | AY40: 24.99 | AZ40: 1494.05 | BA40: 714.19 | BB40: 2435.999
E41: Falla | G41: =+FCS!I862 -> 0 | I41: =+FCS!K862 -> 0 | K41: =+FCS!M862 -> 0 | AJ41: 2091.37 | AK41: 113.69 | AL41: 2551.948 | AX41: 931.42 | AY41: 24.99 | AZ41: 1493.05 | BA41: 718.12 | BB41: 2434.73
E42: Total | G42: =+G40+G41 -> 628 | I42: =I40+I41 -> 63 | K42: =+FCS!M863 -> 101.57144 | AJ42: 2092.05 | AK42: 114.84 | AL42: 2551.8855 | AX42: 955.7 | AY42: 24.99 | AZ42: 1488.69 | BA42: 715.5 | BB42: 2434.723
AJ43: 2092.05 | AK43: 114.85 | AL43: 2551.8855 | AX43: 979.98 | AY43: 24.99 | AZ43: 1485.46 | BA43: 715.59 | BB43: 2434.45
AJ44: 2091.73 | AK44: 117.48 | AL44: 2551.7821 | AX44: 1004.26 | AY44: 24.99 | AZ44: 1481.01 | BA44: 715.1 | BB44: 2433.7271
AJ45: 2087.79 | AK45: 122.48 | AL45: 2551.6475 | AX45: 1028.54 | AY45: 24.99 | AZ45: 1481.69 | BA45: 719.4 | BB45: 2431.641
AJ46: 2085.13 | AK46: 125.43 | AL46: 2551.573 | AX46: 1052.82 | AY46: 24.99 | AZ46: 1483.17 | BA46: 721.96 | BB46: 2430.287
AJ47: 2084.18 | AK47: 126.56 | AL47: 2551.465 | AX47: 1077.1 | AY47: 24.99 | AZ47: 1485.18 | BA47: 724.27 | BB47: 2429.4611
AJ48: 2076.92 | AK48: 130.85 | AL48: 2551.3316 | AX48: 1101.38 | AY48: 24.99 | AZ48: 1488.55 | BA48: 726.76 | BB48: 2428.434
AJ49: 2076.92 | AK49: 130.85 | AL49: 2551.3316 | AX49: 1125.66 | AY49: 25 | AZ49: 1492.57 | BA49: 728.22 | BB49: 2427.498
AJ50: 2072.47 | AK50: 131.99 | AL50: 2551.399 | AX50: 1149.94 | AY50: 25 | AZ50: 1497.07 | BA50: 728.84 | BB50: 2426.8409
AJ51: 2065.54 | AK51: 137.57 | AL51: 2550.955 | AX51: 1174.22 | AY51: 25 | AZ51: 1500.4 | BA51: 729.91 | BB51: 2426.571
AJ52: 2061.65 | AK52: 145.25 | AL52: 2549.989 | AX52: 1198.5 | AY52: 25 | AZ52: 1503.11 | BA52: 732.01 | BB52: 2426.325
AJ53: 2057.98 | AK53: 157.15 | AL53: 2548.8364 | AX53: 1222.78 | AY53: 25 | AZ53: 1504.68 | BA53: 735.3 | BB53: 2425.981
AJ54: 2057.52 | AK54: 158.57 | AL54: 2548.749 | AX54: 1247.06 | AY54: 25 | AZ54: 1505.11 | BA54: 739 | BB54: 2425.4871
... AJ101: 1809.47 | AK101: 338.85 | AL101: 2535.2626 | AX101: 2321.36 | AY101: -214.66 | AZ101: 1421.59 | BA101: 860.88 | BB101: 2390.73
AJ102: 1804.4 | AK102: 342.02 | AL102: 2534.948 | AZ102: 1421.14 | BA102: 866.2 | BB102: 2389.238
AJ103: 1796.54 | AK103: 349.02 | AL103: 2534.505 | AW103: UNDER | AX103: 13.78 | AY103: -35.48 | AZ103: 1421.16 | BA103: 871.93 | BB103: 2387.514
AJ104: 1788.18 | AK104: 354.08 | AL104: 2533.92 | AX104: 36.29 | AY104: -27.09 | AZ104: 1421.91 | BA104: 877.8 | BB104: 2385.788
AJ105: 1784.05 | AK105: 358.59 | AL105: 2532.916 | AX105: 58.8 | AY105: -18.7 | AZ105: 1423.47 | BA105: 882.21 | BB105: 2384.644
AJ106: 1779.91 | AK106: 363.1 | AL106: 2531.912 | AX106: 81.31 | AY106: -10.31 | AZ106: 1425.83 | BA106: 887.89 | BB106: 2382.947
AJ107: 1776.48 | AK107: 367.5 | AL107: 2530.3585 | AX107: 103.82 | AY107: -1.92 | AZ107: 1427.55 | BA107: 893.83 | BB107: 2381.434
AJ108: 1771.65 | AK108: 375.47 | AL108: 2527.702 | AX108: 126.33 | AY108: 6.47 | AZ108: 1428.9 | BA108: 900.36 | BB108: 2379.8751
AJ109: 1767.3 | AK109: 380.67 | AL109: 2525.267 | AX109: 148.84 | AY109: 14.86 | AZ109: 1429.55 | BA109: 905.54 | BB109: 2378.944
AJ110: 1766.01 | AK110: 385.41 | AL110: 2523.3969 | AX110: 171.35 | AY110: 23.25 | AZ110: 1430.63 | BA110: 910.43 | BB110: 2377.79
AJ111: 1765.48 | AK111: 386.23 | AL111: 2523.1121 | AX111: 193.86 | AY111: 31.64 | AZ111: 1431.9 | BA111: 915.11 | BB111: 2376.6151
AJ112: 1764.34 | AK112: 386.44 | AL112: 2522.826 | AX112: 214.75 | AY112: 39.43 | AZ112: 1433.47 | BA112: 919.39 | BB112: 2375.5901
AJ113: 1764.43 | AK113: 388.19 | AL113: 2521.85 | AX113: 240.49 | AY113: 40.12 | AZ113: 1436.04 | BA113: 923.05 | BB113: 2374.337
AJ114: 1765.75 | AK114: 395.93 | AL114: 2518.9799 | AX114: 264.51 | AY114: 40.76 | AZ114: 1438.16 | BA114: 926.11 | BB114: 2373.467
AJ115: 1765.85 | AK115: 401.05 | AL115: 2517.095 | AX115: 288.52 | AY115: 41.41 | AZ115: 1439.91 | BA115: 928.3 | BB115: 2372.8199
... AJ203: 1886.08 | AK203: 647.07 | AL203: 2444.584 | AX203: 2313.19 | AY203: -263.99 | AZ203: 1631.29 | BA203: 736.94 | BB203: 2427.0601
AJ204: 1880.17 | AK204: 656.6 | AL204: 2442.192 | AZ204: 1631.93 | BA204: 734.84 | BB204: 2427.5876
AJ205: 1876.04 | AK205: 663.4 | AL205: 2440.1747 | AZ205: 1632.66 | BA205: 732.76 | BB205: 2428.1154
AJ206: 1874.35 | AK206: 666 | AL206: 2439.3927 | AZ206: 1632.2 | BA206: 728.77 | BB206: 2430.0068
AJ207: 1873.52 | AK207: 667.25 | AL207: 2439.0291 | AZ207: 1631.22 | BA207: 724.18 | BB207: 2431.1058
AJ208: 1870.81 | AK208: 671.61 | AL208: 2437.9075 | AZ208: 1629.69 | BA208: 719 | BB208: 2432.6398
AJ209: 1866.13 | AK209: 680.43 | AL209: 2435.6431 | AZ209: 1627.85 | BA209: 714.11 | BB209: 2434.0948
AJ210: 1864.26 | AK210: 684.76 | AL210: 2434.494 | AZ210: 1626.11 | BA210: 708.18 | BB210: 2435.6189
AJ211: 1863.37 | AK211: 687.72 | AL211: 2433.792 | AZ211: 1625.08 | BA211: 702.2 | BB211: 2437.1099
AJ212: 1862.13 | AK212: 695.38 | AL212: 2431.7628 | AZ212: 1624.06 | BA212: 696.63 | BB212: 2438.5459
AJ213: 1862.07 | AK213: 696.91 | AL213: 2431.335 | AZ213: 1622.37 | BA213: 689.88 | BB213: 2440.2649
AJ214: 1864.73 | AK214: 704.51 | AL214: 2429.3464 | AZ214: 1620.89 | BA214: 685.85 | BB214: 2441.2389
AJ215: 1865.16 | AK215: 705.1 | AL215: 2429.165 | AZ215: 1619.02 | BA215: 679.53 | BB215: 2442.4449
... AJ330: 1286.11 | AK330: 1035.34 | AL330: 2355.7501 | AZ330: 1523.8 | BA330: 540.03 | BB330: 2483.329
AJ331: 1276.09 | AK331: 1034.92 | AL331: 2355.8357
AJ332: 1269.92 | AK332: 1034.76 | AL332: 2355.8517
AJ333: 1264.31 | AK333: 1034.92 | AL333: 2355.7938
AJ334: 1255.53 | AK334: 1036.33 | AL334: 2355.6902
AJ335: 1254.61 | AK335: 1036.4 | AL335: 2355.7635
AJ336: 1248.91 | AK336: 1030.57 | AL336: 2356.0194
AJ337: 1249.96 | AK337: 1029.62 | AL337: 2356.2295
AJ338: 1247.67 | AK338: 1024.79 | AL338: 2357.4584
AJ339: 1240.91 | AK339: 1025.31 | AL339: 2357.7479
AJ340: 1237.84 | AK340: 1025.97 | AL340: 2357.6901
AJ341: 1227.63 | AK341: 1027.36 | AL341: 2357.6274
AJ342: 1223.2 | AK342: 1024.13 | AL342: 2357.9829
... AJ1094: 2160.65 | AK1094: -155.01 | AL1094: 2624.179

Sheet RepTopoP1
K2: Valores promedio de la semana filtrada
D3: Hoy | F3: Filtrando | I3: Mensual
B4: Ayer | C4: =D4-1 -> 46117 | D4: =TODAY()-C6 -> 46118 | F4: Desde | G4: =C5+1 -> 46111 | I4: Densidad seca | J4: %Compact | K4: Densidad seca | L4: %Compact
B5: Hace 7 días | C5: =C4-7 -> 46110 | F5: Hasta | G5: =C4 -> 46117 | I5: =ROUND(AVERAGEIF(D16:D815,">0"),3) -> 1.741 | J5: =ROUND(AVERAGEIF(E16:E815,">0"),2) -> 101.59 | K5: =ROUND(AVERAGEIF(F16:F815,">0"),3) -> 1.749 | L5: =ROUND(AVERAGEIF(G16:G815,">0"),2) -> 101.59
B6: Hace X días | C6: =[1]TOPOGRAFIA!$D$7 -> 0 | K6: Contador | L6: Contador
K7: =COUNTIF(F16:F815,">0") -> 51 | L7: =COUNTIF(G16:G815,">0") -> 51
K8: Suma | L8: Suma
K9: =SUM(F15:F1463) -> 89.206008 | L9: =SUM(G15:G1463) -> 5181.3052
B15: Fecha | C15: Verificación | D15: Densidad Seca corr. | E15: %Compact | F15: Filtro DS | G15: Filtro Comp. | H15: Opinión
B16: =FCS!G11 -> 46082 | C16: =IF(AND(B16>$C$5,B16<$D$4,H16="OK"),1,0) -> 0 | D16: =FCS!R11 -> 1.7351301 | E16: =FCS!AM11 -> 101.2328 | F16: =IFERROR(D16*C16,0) -> 0 | G16: =IFERROR(E16*C16,0) -> 0 | H16: =FCS!AO11 -> Ok
B17: =FCS!G12 -> 46082 | C17: =IF(AND(B17>$C$5,B17<$D$4,H17="OK"),1,0) -> 0 | D17: =FCS!R12 -> 1.7292599 | E17: =FCS!AM12 -> 100.89031 | F17: =IFERROR(D17*C17,0) -> 0 | G17: =IFERROR(E17*C17,0) -> 0 | H17: =FCS!AO12 -> OK
B18: =FCS!G13 -> 46082 | C18: =IF(AND(B18>$C$5,B18<$D$4,H18="OK"),1,0) -> 0 | D18: =FCS!R13 -> 1.7251838 | E18: =FCS!AM13 -> 100.47664 | F18: =IFERROR(D18*C18,0) -> 0 | G18: =IFERROR(E18*C18,0) -> 0 | H18: =FCS!AO13 -> Ok
B19: =FCS!G14 -> 46082 | C19: =IF(AND(B19>$C$5,B19<$D$4,H19="OK"),1,0) -> 0 | D19: =FCS!R14 -> 1.7674208 | E19: =FCS!AM14 -> 102.93656 | F19: =IFERROR(D19*C19,0) -> 0 | G19: =IFERROR(E19*C19,0) -> 0 | H19: =FCS!AO14 -> Ok
B20: =FCS!G15 -> 46082 | C20: =IF(AND(B20>$C$5,B20<$D$4,H20="OK"),1,0) -> 0 | D20: =FCS!R15 -> 1.6992754 | E20: =FCS!AM15 -> 98.967697 | F20: =IFERROR(D20*C20,0) -> 0 | G20: =IFERROR(E20*C20,0) -> 0 | H20: =FCS!AO15 -> Ok
B21: =FCS!G16 -> 46082 | C21: =IF(AND(B21>$C$5,B21<$D$4,H21="OK"),1,0) -> 0 | D21: =FCS!R16 -> 1.7592752 | E21: =FCS!AM16 -> 102.46216 | F21: =IFERROR(D21*C21,0) -> 0 | G21: =IFERROR(E21*C21,0) -> 0 | H21: =FCS!AO16 -> Ok
B22: =FCS!G17 -> 46082 | C22: =IF(AND(B22>$C$5,B22<$D$4,H22="OK"),1,0) -> 0 | D22: =FCS!R17 -> 1.7560748 | E22: =FCS!AM17 -> 102.27576 | F22: =IFERROR(D22*C22,0) -> 0 | G22: =IFERROR(E22*C22,0) -> 0 | H22: =FCS!AO17 -> Ok
B23: =FCS!G18 -> 46082 | C23: =IF(AND(B23>$C$5,B23<$D$4,H23="OK"),1,0) -> 0 | D23: =FCS!R18 -> 1.7172538 | E23: =FCS!AM18 -> 100.01478 | F23: =IFERROR(D23*C23,0) -> 0 | G23: =IFERROR(E23*C23,0) -> 0 | H23: =FCS!AO18 -> Ok
B24: =FCS!G19 -> 46082 | C24: =IF(AND(B24>$C$5,B24<$D$4,H24="OK"),1,0) -> 0 | D24: =FCS!R19 -> 1.7131072 | E24: =FCS!AM19 -> 99.773281 | F24: =IFERROR(D24*C24,0) -> 0 | G24: =IFERROR(E24*C24,0) -> 0 | H24: =FCS!AO19 -> Ok
B25: =FCS!G20 -> 46082 | C25: =IF(AND(B25>$C$5,B25<$D$4,H25="OK"),1,0) -> 0 | D25: =FCS!R20 -> 1.7075812 | E25: =FCS!AM20 -> 99.45144 | F25: =IFERROR(D25*C25,0) -> 0 | G25: =IFERROR(E25*C25,0) -> 0 | H25: =FCS!AO20 -> Ok
B26: =FCS!G21 -> 46082 | C26: =IF(AND(B26>$C$5,B26<$D$4,H26="OK"),1,0) -> 0 | D26: =FCS!R21 -> 1.7047532 | E26: =FCS!AM21 -> 98.883596 | F26: =IFERROR(D26*C26,0) -> 0 | G26: =IFERROR(E26*C26,0) -> 0 | H26: =FCS!AO21 -> Ok
B27: =FCS!G22 -> 46082 | C27: =IF(AND(B27>$C$5,B27<$D$4,H27="OK"),1,0) -> 0 | D27: =FCS!R22 -> 1.818854 | E27: =FCS!AM22 -> 104.71238 | F27: =IFERROR(D27*C27,0) -> 0 | G27: =IFERROR(E27*C27,0) -> 0 | H27: =FCS!AO22 -> Ok
... B376: =FCS!G371 -> 46099 | C376: =IF(AND(B376>$C$5,B376<$D$4,H376="OK"),1,0) -> 0 | D376: =FCS!R371 -> 1.6858169 | E376: =FCS!AM371 -> 98.62155 | F376: =IFERROR(D376*C376,0) -> 0 | G376: =IFERROR(E376*C376,0) -> 0 | H376: =FCS!AO371 -> Ok
B377: =FCS!G373 -> 46099 | C377: =IF(AND(B377>$C$5,B377<$D$4,H377="OK"),1,0) -> 0 | D377: =FCS!R373 -> 1.7067899 | E377: =FCS!AM373 -> 99.68114 | F377: =IFERROR(D377*C377,0) -> 0 | G377: =IFERROR(E377*C377,0) -> 0 | H377: =FCS!AO373 -> OK
B378: =FCS!G374 -> 46099 | C378: =IF(AND(B378>$C$5,B378<$D$4,H378="OK"),1,0) -> 0 | D378: =FCS!R374 -> 1.7100271 | E378: =FCS!AM374 -> 100.47163 | F378: =IFERROR(D378*C378,0) -> 0 | G378: =IFERROR(E378*C378,0) -> 0 | H378: =FCS!AO374 -> Ok
B379: =FCS!G375 -> 46099 | C379: =IF(AND(B379>$C$5,B379<$D$4,H379="OK"),1,0) -> 0 | D379: =FCS!R375 -> 1.7735004 | E379: =FCS!AM375 -> 104.20097 | F379: =IFERROR(D379*C379,0) -> 0 | G379: =IFERROR(E379*C379,0) -> 0 | H379: =FCS!AO375 -> Ok
B380: =FCS!G376 -> 46099 | C380: =IF(AND(B380>$C$5,B380<$D$4,H380="OK"),1,0) -> 0 | D380: =FCS!R376 -> 1.7580645 | E380: =FCS!AM376 -> 103.29404 | F380: =IFERROR(D380*C380,0) -> 0 | G380: =IFERROR(E380*C380,0) -> 0 | H380: =FCS!AO376 -> Ok
B381: =FCS!G377 -> 46099 | C381: =IF(AND(B381>$C$5,B381<$D$4,H381="OK"),1,0) -> 0 | D381: =FCS!R377 -> 1.7444543 | E381: =FCS!AM377 -> 102.49438 | F381: =IFERROR(D381*C381,0) -> 0 | G381: =IFERROR(E381*C381,0) -> 0 | H381: =FCS!AO377 -> Ok
B382: =FCS!G378 -> 46099 | C382: =IF(AND(B382>$C$5,B382<$D$4,H382="OK"),1,0) -> 0 | D382: =FCS!R378 -> - | E382: =FCS!AM378 -> - | F382: =IFERROR(D382*C382,0) -> 0 | G382: =IFERROR(E382*C382,0) -> 0 | H382: =FCS!AO378 -> -
B383: =FCS!G379 -> 46100 | C383: =IF(AND(B383>$C$5,B383<$D$4,H383="OK"),1,0) -> 0 | D383: =FCS!R379 -> 1.6976127 | E383: =FCS!AM379 -> 99.742229 | F383: =IFERROR(D383*C383,0) -> 0 | G383: =IFERROR(E383*C383,0) -> 0 | H383: =FCS!AO379 -> Ok
B384: =FCS!G380 -> 46100 | C384: =IF(AND(B384>$C$5,B384<$D$4,H384="OK"),1,0) -> 0 | D384: =FCS!R380 -> 1.7039356 | E384: =FCS!AM380 -> 100.11372 | F384: =IFERROR(D384*C384,0) -> 0 | G384: =IFERROR(E384*C384,0) -> 0 | H384: =FCS!AO380 -> Ok
B385: =FCS!G381 -> 46100 | C385: =IF(AND(B385>$C$5,B385<$D$4,H385="OK"),1,0) -> 0 | D385: =FCS!R381 -> 1.7238422 | E385: =FCS!AM381 -> 101.28333 | F385: =IFERROR(D385*C385,0) -> 0 | G385: =IFERROR(E385*C385,0) -> 0 | H385: =FCS!AO381 -> Ok
B386: =FCS!G382 -> 46100 | C386: =IF(AND(B386>$C$5,B386<$D$4,H386="OK"),1,0) -> 0 | D386: =FCS!R382 -> 1.7212066 | E386: =FCS!AM382 -> 101.12847 | F386: =IFERROR(D386*C386,0) -> 0 | G386: =IFERROR(E386*C386,0) -> 0 | H386: =FCS!AO382 -> Ok
B387: =FCS!G383 -> 46100 | C387: =IF(AND(B387>$C$5,B387<$D$4,H387="OK"),1,0) -> 0 | D387: =FCS!R383 -> - | E387: =FCS!AM383 -> - | F387: =IFERROR(D387*C387,0) -> 0 | G387: =IFERROR(E387*C387,0) -> 0 | H387: =FCS!AO383 -> -
B388: =FCS!G384 -> 46100 | C388: =IF(AND(B388>$C$5,B388<$D$4,H388="OK"),1,0) -> 0 | D388: =FCS!R384 -> 1.7879925 | E388: =FCS!AM384 -> 103.11375 | F388: =IFERROR(D388*C388,0) -> 0 | G388: =IFERROR(E388*C388,0) -> 0 | H388: =FCS!AO384 -> Ok
B389: =FCS!G386 -> 46100 | C389: =IF(AND(B389>$C$5,B389<$D$4,H389="OK"),1,0) -> 0 | D389: =FCS!R386 -> 1.7268723 | E389: =FCS!AM386 -> 99.142272 | F389: =IFERROR(D389*C389,0) -> 0 | G389: =IFERROR(E389*C389,0) -> 0 | H389: =FCS!AO386 -> OK
B390: =FCS!G387 -> 46100 | C390: =IF(AND(B390>$C$5,B390<$D$4,H390="OK"),1,0) -> 0 | D390: =FCS!R387 -> 1.7343608 | E390: =FCS!AM387 -> 101.60286 | F390: =IFERROR(D390*C390,0) -> 0 | G390: =IFERROR(E390*C390,0) -> 0 | H390: =FCS!AO387 -> Ok
B391: =FCS!G388 -> 46100 | C391: =IF(AND(B391>$C$5,B391<$D$4,H391="OK"),1,0) -> 0 | D391: =FCS!R388 -> 1.7543379 | E391: =FCS!AM388 -> 102.77316 | F391: =IFERROR(D391*C391,0) -> 0 | G391: =IFERROR(E391*C391,0) -> 0 | H391: =FCS!AO388 -> Ok
B392: =FCS!G389 -> 46100 | C392: =IF(AND(B392>$C$5,B392<$D$4,H392="OK"),1,0) -> 0 | D392: =FCS!R389 -> 1.733214 | E392: =FCS!AM389 -> 101.53567 | F392: =IFERROR(D392*C392,0) -> 0 | G392: =IFERROR(E392*C392,0) -> 0 | H392: =FCS!AO389 -> Ok
B393: =FCS!G390 -> 46100 | C393: =IF(AND(B393>$C$5,B393<$D$4,H393="OK"),1,0) -> 0 | D393: =FCS!R390 -> 1.70194 | E393: =FCS!AM390 -> 99.703576 | F393: =IFERROR(D393*C393,0) -> 0 | G393: =IFERROR(E393*C393,0) -> 0 | H393: =FCS!AO390 -> Ok
B394: =FCS!G391 -> 46100 | C394: =IF(AND(B394>$C$5,B394<$D$4,H394="OK"),1,0) -> 0 | D394: =FCS!R391 -> 1.7069272 | E394: =FCS!AM391 -> 99.995734 | F394: =IFERROR(D394*C394,0) -> 0 | G394: =IFERROR(E394*C394,0) -> 0 | H394: =FCS!AO391 -> Ok
B395: =FCS!G392 -> 46100 | C395: =IF(AND(B395>$C$5,B395<$D$4,H395="OK"),1,0) -> 0 | D395: =FCS!R392 -> 1.7045855 | E395: =FCS!AM392 -> 99.858555 | F395: =IFERROR(D395*C395,0) -> 0 | G395: =IFERROR(E395*C395,0) -> 0 | H395: =FCS!AO392 -> Ok
B396: =FCS!G393 -> 46100 | C396: =IF(AND(B396>$C$5,B396<$D$4,H396="OK"),1,0) -> 0 | D396: =FCS!R393 -> 1.7802893 | E396: =FCS!AM393 -> 104.29346 | F396: =IFERROR(D396*C396,0) -> 0 | G396: =IFERROR(E396*C396,0) -> 0 | H396: =FCS!AO393 -> Ok
B397: =FCS!G394 -> 46100 | C397: =IF(AND(B397>$C$5,B397<$D$4,H397="OK"),1,0) -> 0 | D397: =FCS!R394 -> 1.6966697 | E397: =FCS!AM394 -> 100.1576 | F397: =IFERROR(D397*C397,0) -> 0 | G397: =IFERROR(E397*C397,0) -> 0 | H397: =FCS!AO394 -> Ok
B398: =FCS!G395 -> 46101 | C398: =IF(AND(B398>$C$5,B398<$D$4,H398="OK"),1,0) -> 0 | D398: =FCS!R395 -> 1.7732611 | E398: =FCS!AM395 -> 102.26419 | F398: =IFERROR(D398*C398,0) -> 0 | G398: =IFERROR(E398*C398,0) -> 0 | H398: =FCS!AO395 -> Ok
B399: =FCS!G396 -> 46101 | C399: =IF(AND(B399>$C$5,B399<$D$4,H399="OK"),1,0) -> 0 | D399: =FCS!R396 -> 1.7445848 | E399: =FCS!AM396 -> 100.73636 | F399: =IFERROR(D399*C399,0) -> 0 | G399: =IFERROR(E399*C399,0) -> 0 | H399: =FCS!AO396 -> Ok
B400: =FCS!G397 -> 46101 | C400: =IF(AND(B400>$C$5,B400<$D$4,H400="OK"),1,0) -> 0 | D400: =FCS!R397 -> 1.7154611 | E400: =FCS!AM397 -> 99.054687 | F400: =IFERROR(D400*C400,0) -> 0 | G400: =IFERROR(E400*C400,0) -> 0 | H400: =FCS!AO397 -> OK
... B420: =FCS!G417 -> 46101 | C420: =IF(AND(B420>$C$5,B420<$D$4,H420="OK"),1,0) -> 0 | D420: =FCS!R417 -> 1.6802218 | E420: =FCS!AM417 -> 98.488969 | F420: =IFERROR(D420*C420,0) -> 0 | G420: =IFERROR(E420*C420,0) -> 0 | H420: =FCS!AO417 -> Ok
B421: =FCS!G419 -> 46101 | C421: =IF(AND(B421>$C$5,B421<$D$4,H421="OK"),1,0) -> 0 | D421: =FCS!R419 -> 1.6883781 | E421: =FCS!AM419 -> 99.199656 | F421: =IFERROR(D421*C421,0) -> 0 | G421: =IFERROR(E421*C421,0) -> 0 | H421: =FCS!AO419 -> OK
B422: =FCS!G420 -> 46101 | C422: =IF(AND(B422>$C$5,B422<$D$4,H422="OK"),1,0) -> 0 | D422: =FCS!R420 -> 1.715588 | E422: =FCS!AM420 -> 100.5031 | F422: =IFERROR(D422*C422,0) -> 0 | G422: =IFERROR(E422*C422,0) -> 0 | H422: =FCS!AO420 -> Ok
B423: =FCS!G421 -> 46101 | C423: =IF(AND(B423>$C$5,B423<$D$4,H423="OK"),1,0) -> 0 | D423: =FCS!R421 -> 1.7065217 | E423: =FCS!AM421 -> 99.971982 | F423: =IFERROR(D423*C423,0) -> 0 | G423: =IFERROR(E423*C423,0) -> 0 | H423: =FCS!AO421 -> Ok
B424: =FCS!G422 -> 46101 | C424: =IF(AND(B424>$C$5,B424<$D$4,H424="OK"),1,0) -> 0 | D424: =FCS!R422 -> 1.7113122 | E424: =FCS!AM422 -> 100.25262 | F424: =IFERROR(D424*C424,0) -> 0 | G424: =IFERROR(E424*C424,0) -> 0 | H424: =FCS!AO422 -> Ok
B425: =FCS!G423 -> 46101 | C425: =IF(AND(B425>$C$5,B425<$D$4,H425="OK"),1,0) -> 0 | D425: =FCS!R423 -> 1.7830447 | E425: =FCS!AM423 -> 104.45487 | F425: =IFERROR(D425*C425,0) -> 0 | G425: =IFERROR(E425*C425,0) -> 0 | H425: =FCS!AO423 -> Ok
B426: =FCS!G424 -> 46101 | C426: =IF(AND(B426>$C$5,B426<$D$4,H426="OK"),1,0) -> 0 | D426: =FCS!R424 -> 1.7889991 | E426: =FCS!AM424 -> 104.8037 | F426: =IFERROR(D426*C426,0) -> 0 | G426: =IFERROR(E426*C426,0) -> 0 | H426: =FCS!AO424 -> Ok
B427: =FCS!G425 -> 46101 | C427: =IF(AND(B427>$C$5,B427<$D$4,H427="OK"),1,0) -> 0 | D427: =FCS!R425 -> 1.778481 | E427: =FCS!AM425 -> 104.18752 | F427: =IFERROR(D427*C427,0) -> 0 | G427: =IFERROR(E427*C427,0) -> 0 | H427: =FCS!AO425 -> Ok
B428: =FCS!G426 -> 46101 | C428: =IF(AND(B428>$C$5,B428<$D$4,H428="OK"),1,0) -> 0 | D428: =FCS!R426 -> - | E428: =FCS!AM426 -> - | F428: =IFERROR(D428*C428,0) -> 0 | G428: =IFERROR(E428*C428,0) -> 0 | H428: =FCS!AO426 -> -
B429: =FCS!G427 -> 46102 | C429: =IF(AND(B429>$C$5,B429<$D$4,H429="OK"),1,0) -> 0 | D429: =FCS!R427 -> 1.7258652 | E429: =FCS!AM427 -> 101.10517 | F429: =IFERROR(D429*C429,0) -> 0 | G429: =IFERROR(E429*C429,0) -> 0 | H429: =FCS!AO427 -> Ok
B430: =FCS!G428 -> 46102 | C430: =IF(AND(B430>$C$5,B430<$D$4,H430="OK"),1,0) -> 0 | D430: =FCS!R428 -> 1.7741348 | E430: =FCS!AM428 -> 103.93291 | F430: =IFERROR(D430*C430,0) -> 0 | G430: =IFERROR(E430*C430,0) -> 0 | H430: =FCS!AO428 -> Ok
B431: =FCS!G429 -> 46102 | C431: =IF(AND(B431>$C$5,B431<$D$4,H431="OK"),1,0) -> 0 | D431: =FCS!R429 -> 1.7257618 | E431: =FCS!AM429 -> 101.09911 | F431: =IFERROR(D431*C431,0) -> 0 | G431: =IFERROR(E431*C431,0) -> 0 | H431: =FCS!AO429 -> Ok
B432: =FCS!G430 -> 46102 | C432: =IF(AND(B432>$C$5,B432<$D$4,H432="OK"),1,0) -> 0 | D432: =FCS!R430 -> 1.6789328 | E432: =FCS!AM430 -> 98.745541 | F432: =IFERROR(D432*C432,0) -> 0 | G432: =IFERROR(E432*C432,0) -> 0 | H432: =FCS!AO430 -> Ok
... B442: =FCS!G440 -> 46102 | C442: =IF(AND(B442>$C$5,B442<$D$4,H442="OK"),1,0) -> 0 | D442: =FCS!R440 -> 1.7047452 | E442: =FCS!AM440 -> 100.27913 | F442: =IFERROR(D442*C442,0) -> 0 | G442: =IFERROR(E442*C442,0) -> 0 | H442: =FCS!AO440 -> Ok
B443: =FCS!G442 -> 46102 | C443: =IF(AND(B443>$C$5,B443<$D$4,H443="OK"),1,0) -> 0 | D443: =FCS!R442 -> 1.7508603 | E443: =FCS!AM442 -> 102.26988 | F443: =IFERROR(D443*C443,0) -> 0 | G443: =IFERROR(E443*C443,0) -> 0 | H443: =FCS!AO442 -> OK
B444: =FCS!G443 -> 46102 | C444: =IF(AND(B444>$C$5,B444<$D$4,H444="OK"),1,0) -> 0 | D444: =FCS!R443 -> 1.6891419 | E444: =FCS!AM443 -> 99.244527 | F444: =IFERROR(D444*C444,0) -> 0 | G444: =IFERROR(E444*C444,0) -> 0 | H444: =FCS!AO443 -> Ok
B445: =FCS!G444 -> 46102 | C445: =IF(AND(B445>$C$5,B445<$D$4,H445="OK"),1,0) -> 0 | D445: =FCS!R444 -> 1.6947464 | E445: =FCS!AM444 -> 99.456947 | F445: =IFERROR(D445*C445,0) -> 0 | G445: =IFERROR(E445*C445,0) -> 0 | H445: =FCS!AO444 -> Ok
B446: =FCS!G445 -> 46102 | C446: =IF(AND(B446>$C$5,B446<$D$4,H446="OK"),1,0) -> 0 | D446: =FCS!R445 -> 1.7792916 | E446: =FCS!AM445 -> 104.66421 | F446: =IFERROR(D446*C446,0) -> 0 | G446: =IFERROR(E446*C446,0) -> 0 | H446: =FCS!AO445 -> Ok
B447: =FCS!G446 -> 46102 | C447: =IF(AND(B447>$C$5,B447<$D$4,H447="OK"),1,0) -> 0 | D447: =FCS!R446 -> 1.7696477 | E447: =FCS!AM446 -> 104.09692 | F447: =IFERROR(D447*C447,0) -> 0 | G447: =IFERROR(E447*C447,0) -> 0 | H447: =FCS!AO446 -> Ok
B448: =FCS!G447 -> 46102 | C448: =IF(AND(B448>$C$5,B448<$D$4,H448="OK"),1,0) -> 0 | D448: =FCS!R447 -> 1.726297 | E448: =FCS!AM447 -> 101.54688 | F448: =IFERROR(D448*C448,0) -> 0 | G448: =IFERROR(E448*C448,0) -> 0 | H448: =FCS!AO447 -> Ok
B449: =FCS!G448 -> 46102 | C449: =IF(AND(B449>$C$5,B449<$D$4,H449="OK"),1,0) -> 0 | D449: =FCS!R448 -> 1.7401434 | E449: =FCS!AM448 -> 102.36137 | F449: =IFERROR(D449*C449,0) -> 0 | G449: =IFERROR(E449*C449,0) -> 0 | H449: =FCS!AO448 -> Ok
B450: =FCS!G449 -> 46102 | C450: =IF(AND(B450>$C$5,B450<$D$4,H450="OK"),1,0) -> 0 | D450: =FCS!R449 -> 1.69678 | E450: =FCS!AM449 -> 99.810586 | F450: =IFERROR(D450*C450,0) -> 0 | G450: =IFERROR(E450*C450,0) -> 0 | H450: =FCS!AO449 -> Ok
B451: =FCS!G450 -> 46102 | C451: =IF(AND(B451>$C$5,B451<$D$4,H451="OK"),1,0) -> 0 | D451: =FCS!R450 -> 1.7032374 | E451: =FCS!AM450 -> 100.19044 | F451: =IFERROR(D451*C451,0) -> 0 | G451: =IFERROR(E451*C451,0) -> 0 | H451: =FCS!AO450 -> Ok
B452: =FCS!G451 -> 46102 | C452: =IF(AND(B452>$C$5,B452<$D$4,H452="OK"),1,0) -> 0 | D452: =FCS!R451 -> 1.7233849 | E452: =FCS!AM451 -> 101.37558 | F452: =IFERROR(D452*C452,0) -> 0 | G452: =IFERROR(E452*C452,0) -> 0 | H452: =FCS!AO451 -> Ok
B453: =FCS!G452 -> 46102 | C453: =IF(AND(B453>$C$5,B453<$D$4,H453="OK"),1,0) -> 0 | D453: =FCS!R452 -> 1.7335116 | E453: =FCS!AM452 -> 101.02049 | F453: =IFERROR(D453*C453,0) -> 0 | G453: =IFERROR(E453*C453,0) -> 0 | H453: =FCS!AO452 -> Ok
B454: =FCS!G453 -> 46102 | C454: =IF(AND(B454>$C$5,B454<$D$4,H454="OK"),1,0) -> 0 | D454: =FCS!R453 -> 1.7469128 | E454: =FCS!AM453 -> 101.80144 | F454: =IFERROR(D454*C454,0) -> 0 | G454: =IFERROR(E454*C454,0) -> 0 | H454: =FCS!AO453 -> OK
... B463: =FCS!G462 -> 46103 | C463: =IF(AND(B463>$C$5,B463<$D$4,H463="OK"),1,0) -> 0 | D463: =FCS!R462 -> 1.7483811 | E463: =FCS!AM462 -> 100.82936 | F463: =IFERROR(D463*C463,0) -> 0 | G463: =IFERROR(E463*C463,0) -> 0 | H463: =FCS!AO462 -> Ok
A464: . | B464: =FCS!G463 -> 46103 | C464: =IF(AND(B464>$C$5,B464<$D$4,H464="OK"),1,0) -> 0 | D464: =FCS!R463 -> 1.7698784 | E464: =FCS!AM463 -> 102.72312 | F464: =IFERROR(D464*C464,0) -> 0 | G464: =IFERROR(E464*C464,0) -> 0 | H464: =FCS!AO463 -> Ok
B465: =FCS!G464 -> 46103 | C465: =IF(AND(B465>$C$5,B465<$D$4,H465="OK"),1,0) -> 0 | D465: =FCS!R464 -> 1.741104 | E465: =FCS!AM464 -> 101.05306 | F465: =IFERROR(D465*C465,0) -> 0 | G465: =IFERROR(E465*C465,0) -> 0 | H465: =FCS!AO464 -> OK
B466: =FCS!G465 -> 46103 | C466: =IF(AND(B466>$C$5,B466<$D$4,H466="OK"),1,0) -> 0 | D466: =FCS!R465 -> 1.7910314 | E466: =FCS!AM465 -> 104.92275 | F466: =IFERROR(D466*C466,0) -> 0 | G466: =IFERROR(E466*C466,0) -> 0 | H466: =FCS!AO465 -> Ok
B467: =FCS!G466 -> 46103 | C467: =IF(AND(B467>$C$5,B467<$D$4,H467="OK"),1,0) -> 0 | D467: =FCS!R466 -> 1.7116071 | E467: =FCS!AM466 -> 100.2699 | F467: =IFERROR(D467*C467,0) -> 0 | G467: =IFERROR(E467*C467,0) -> 0 | H467: =FCS!AO466 -> Ok
B468: =FCS!G467 -> 46103 | C468: =IF(AND(B468>$C$5,B468<$D$4,H468="OK"),1,0) -> 0 | D468: =FCS!R467 -> - | E468: =FCS!AM467 -> - | F468: =IFERROR(D468*C468,0) -> 0 | G468: =IFERROR(E468*C468,0) -> 0 | H468: =FCS!AO467 -> -
B469: =FCS!G468 -> 46103 | C469: =IF(AND(B469>$C$5,B469<$D$4,H469="OK"),1,0) -> 0 | D469: =FCS!R468 -> 1.6943268 | E469: =FCS!AM468 -> 99.257577 | F469: =IFERROR(D469*C469,0) -> 0 | G469: =IFERROR(E469*C469,0) -> 0 | H469: =FCS!AO468 -> Ok
B470: =FCS!G469 -> 46103 | C470: =IF(AND(B470>$C$5,B470<$D$4,H470="OK"),1,0) -> 0 | D470: =FCS!R469 -> 1.6973321 | E470: =FCS!AM469 -> 99.489841 | F470: =IFERROR(D470*C470,0) -> 0 | G470: =IFERROR(E470*C470,0) -> 0 | H470: =FCS!AO469 -> Ok
B471: =FCS!G470 -> 46103 | C471: =IF(AND(B471>$C$5,B471<$D$4,H471="OK"),1,0) -> 0 | D471: =FCS!R470 -> 1.6700091 | E471: =FCS!AM470 -> 98.163688 | F471: =IFERROR(D471*C471,0) -> 0 | G471: =IFERROR(E471*C471,0) -> 0 | H471: =FCS!AO470 -> Ok
B472: =FCS!G471 -> 46103 | C472: =IF(AND(B472>$C$5,B472<$D$4,H472="OK"),1,0) -> 0 | D472: =FCS!R471 -> 1.70609 | E472: =FCS!AM471 -> 98.390428 | F472: =IFERROR(D472*C472,0) -> 0 | G472: =IFERROR(E472*C472,0) -> 0 | H472: =FCS!AO471 -> Ok
B473: =FCS!G472 -> 46103 | C473: =IF(AND(B473>$C$5,B473<$D$4,H473="OK"),1,0) -> 0 | D473: =FCS!R472 -> 1.7019319 | E473: =FCS!AM472 -> 100.11364 | F473: =IFERROR(D473*C473,0) -> 0 | G473: =IFERROR(E473*C473,0) -> 0 | H473: =FCS!AO472 -> Ok
B474: =FCS!G473 -> 46103 | C474: =IF(AND(B474>$C$5,B474<$D$4,H474="OK"),1,0) -> 0 | D474: =FCS!R473 -> 1.7554348 | E474: =FCS!AM473 -> 103.26087 | F474: =IFERROR(D474*C474,0) -> 0 | G474: =IFERROR(E474*C474,0) -> 0 | H474: =FCS!AO473 -> Ok
B475: =FCS!G474 -> 46103 | C475: =IF(AND(B475>$C$5,B475<$D$4,H475="OK"),1,0) -> 0 | D475: =FCS!R474 -> 1.7410796 | E475: =FCS!AM474 -> 102.41645 | F475: =IFERROR(D475*C475,0) -> 0 | G475: =IFERROR(E475*C475,0) -> 0 | H475: =FCS!AO474 -> Ok
B476: =FCS!G476 -> 46103 | C476: =IF(AND(B476>$C$5,B476<$D$4,H476="OK"),1,0) -> 0 | D476: =FCS!R476 -> 1.6779386 | E476: =FCS!AM476 -> 98.355136 | F476: =IFERROR(D476*C476,0) -> 0 | G476: =IFERROR(E476*C476,0) -> 0 | H476: =FCS!AO476 -> OK
B477: =FCS!G477 -> 46103 | C477: =IF(AND(B477>$C$5,B477<$D$4,H477="OK"),1,0) -> 0 | D477: =FCS!R477 -> 1.6970803 | E477: =FCS!AM477 -> 99.475081 | F477: =IFERROR(D477*C477,0) -> 0 | G477: =IFERROR(E477*C477,0) -> 0 | H477: =FCS!AO477 -> Ok
B478: =FCS!G478 -> 46103 | C478: =IF(AND(B478>$C$5,B478<$D$4,H478="OK"),1,0) -> 0 | D478: =FCS!R478 -> 1.6864772 | E478: =FCS!AM478 -> 99.087966 | F478: =IFERROR(D478*C478,0) -> 0 | G478: =IFERROR(E478*C478,0) -> 0 | H478: =FCS!AO478 -> Ok
B479: =FCS!G479 -> 46104 | C479: =IF(AND(B479>$C$5,B479<$D$4,H479="OK"),1,0) -> 0 | D479: =FCS!R479 -> 1.7416742 | E479: =FCS!AM479 -> 102.39119 | F479: =IFERROR(D479*C479,0) -> 0 | G479: =IFERROR(E479*C479,0) -> 0 | H479: =FCS!AO479 -> Ok
B480: =FCS!G480 -> 46104 | C480: =IF(AND(B480>$C$5,B480<$D$4,H480="OK"),1,0) -> 0 | D480: =FCS!R480 -> 1.7286893 | E480: =FCS!AM480 -> 101.62782 | F480: =IFERROR(D480*C480,0) -> 0 | G480: =IFERROR(E480*C480,0) -> 0 | H480: =FCS!AO480 -> Ok
B481: =FCS!G481 -> 46104 | C481: =IF(AND(B481>$C$5,B481<$D$4,H481="OK"),1,0) -> 0 | D481: =FCS!R481 -> 1.7000903 | E481: =FCS!AM481 -> 99.931872 | F481: =IFERROR(D481*C481,0) -> 0 | G481: =IFERROR(E481*C481,0) -> 0 | H481: =FCS!AO481 -> Ok
B482: =FCS!G482 -> 46104 | C482: =IF(AND(B482>$C$5,B482<$D$4,H482="OK"),1,0) -> 0 | D482: =FCS!R482 -> 1.7104072 | E482: =FCS!AM482 -> 100.55304 | F482: =IFERROR(D482*C482,0) -> 0 | G482: =IFERROR(E482*C482,0) -> 0 | H482: =FCS!AO482 -> Ok
B483: =FCS!G483 -> 46104 | C483: =IF(AND(B483>$C$5,B483<$D$4,H483="OK"),1,0) -> 0 | D483: =FCS!R483 -> 1.71949 | E483: =FCS!AM483 -> 101.08701 | F483: =IFERROR(D483*C483,0) -> 0 | G483: =IFERROR(E483*C483,0) -> 0 | H483: =FCS!AO483 -> Ok
B484: =FCS!G484 -> 46104 | C484: =IF(AND(B484>$C$5,B484<$D$4,H484="OK"),1,0) -> 0 | D484: =FCS!R484 -> 1.7382671 | E484: =FCS!AM484 -> 102.1909 | F484: =IFERROR(D484*C484,0) -> 0 | G484: =IFERROR(E484*C484,0) -> 0 | H484: =FCS!AO484 -> Ok
B485: =FCS!G485 -> 46104 | C485: =IF(AND(B485>$C$5,B485<$D$4,H485="OK"),1,0) -> 0 | D485: =FCS!R485 -> 1.7621622 | E485: =FCS!AM485 -> 103.59566 | F485: =IFERROR(D485*C485,0) -> 0 | G485: =IFERROR(E485*C485,0) -> 0 | H485: =FCS!AO485 -> Ok
B486: =FCS!G486 -> 46104 | C486: =IF(AND(B486>$C$5,B486<$D$4,H486="OK"),1,0) -> 0 | D486: =FCS!R486 -> 1.7807097 | E486: =FCS!AM486 -> 104.36851 | F486: =IFERROR(D486*C486,0) -> 0 | G486: =IFERROR(E486*C486,0) -> 0 | H486: =FCS!AO486 -> Ok
B487: =FCS!G487 -> 46104 | C487: =IF(AND(B487>$C$5,B487<$D$4,H487="OK"),1,0) -> 0 | D487: =FCS!R487 -> 1.755155 | E487: =FCS!AM487 -> 102.87074 | F487: =IFERROR(D487*C487,0) -> 0 | G487: =IFERROR(E487*C487,0) -> 0 | H487: =FCS!AO487 -> OK
... B621: =FCS!G621 -> 46109 | C621: =IF(AND(B621>$C$5,B621<$D$4,H621="OK"),1,0) -> 0 | D621: =FCS!R621 -> 1.7858423 | E621: =FCS!AM621 -> 103.01588 | F621: =IFERROR(D621*C621,0) -> 0 | G621: =IFERROR(E621*C621,0) -> 0 | H621: =FCS!AO621 -> Ok
B622: =FCS!G623 -> 46109 | C622: =IF(AND(B622>$C$5,B622<$D$4,H622="OK"),1,0) -> 0 | D622: =FCS!R623 -> 1.788899 | E622: =FCS!AM623 -> 103.46437 | F622: =IFERROR(D622*C622,0) -> 0 | G622: =IFERROR(E622*C622,0) -> 0 | H622: =FCS!AO623 -> Ok
B623: =FCS!G624 -> 46109 | C623: =IF(AND(B623>$C$5,B623<$D$4,H623="OK"),1,0) -> 0 | D623: =FCS!R624 -> 1.771788 | E623: =FCS!AM624 -> 102.47472 | F623: =IFERROR(D623*C623,0) -> 0 | G623: =IFERROR(E623*C623,0) -> 0 | H623: =FCS!AO624 -> Ok
...

Sheet Sheet1
A1: FIELD COMPACTION SUMMARY
A4: TEST IDENTIFICATION | N4: IN SITU DATA | Y4: LABORATORY TEST DATA | AH4: FIELD AND LABORATORY CORRELATION | AO4: REMARKS
A5: SOURCE (4): CYCLONE STATION
A6: FILL (2): TAILING | P6: Loose lift thickness= | U6: 30 cm | Y6: PROCTOR COMPACTION STANDARD-S (7)
A7: Test No./ code (1) | C7: File No. | D7: Resp. Guar. | E7: Turn | F7: Lift No. | G7: Date | H7: Location | Y7: SPECIFIED COMPACTION: | AC7: 98 | AD7: % | AE7: Proctor Compaction | AH7: One-Point Proctor
H8: Easting | I8: Northing | J8: Elev. | K8: Cancha | L8: Sb/ Sp No. | M8: Depth (cm) | N8: No. Dens | O8: Corr. Moisture | P8: Moisture, % (6) | R8: Dry Density g/cm3 | T8: Wet density Dens | U8: Method (9) | V8: Compactor (5) | W8: Passes | X8: Real Passes | Y8: Specific Gravity | Z8: Max. Particle size | AA8: Percent passing (Control) | AE8: Max. Dry Density | AF8: Optimum Moisture | AG8: Curve Code | AH8: Dry Density | AI8: Wet density | AJ8: Moisture | AK8: Select. Curve | AL8: Moisture | AM8: Compaction % | AO8: Opinion (8) | AP8: Retest from | AQ8: Remarks | AR8: Retest on
A9: MWH-QA | B9: SMCV-QC | O9: k | P9: Oven | Q9: Dens. | R9: Corr. | S9: Dens. | U9: N/S/PR | W9: # | X9: # | Y9: g/cm3 | AA9: No. 30 | AB9: No. 50 | AC9: No. 100 | AD9: No. 200 | AE9: g/cm3 | AF9: % | AH9: g/cm3 | AI9: g/cm3 | AJ9: % | AK9: No. | AL9: +/- | AM9: Pass | AN9: Failure | AU9: A | AV9: B
AT10: =DATE(YEAR(FCS!#REF!),MONTH(FCS!#REF!),1) -> #REF! | AU10: =IFERROR(ROUND(IFERROR(((IFERROR(SUMIFS(FCS!$AM$11:$AM$9931,FCS!$G$11:$G$9931,AT10,FCS!$E$11:$E$9931,$AU$9),""))+(IFERROR(SUMIFS(FCS!$AN$11:$AN$9931,FCS!$G$11:$G$9931,AT10,FCS!$E$11:$E$9931,$AU$9),"")))/((IFERROR((IFERROR(SUMIFS(FCS!$AM$11:$AM$9931,FCS!$G$11:$G$9931,AT10,FCS!$E$11:$E$9931,$AU$9),""))/(IFERROR(AVERAGEIFS(FCS!$AM$11:$AM$9931,FCS!$G$11:$G$9931,AT10,FCS!$E$11:$E$9931,$AU$9),"")),0))+(IFERROR((IFERROR(SUMIFS(FCS!$AN$11:$AN$9931,FCS!$G$11:$G$9931,AT10,FCS!$E$11:$E$9931,$AU$9),""))/(IFERROR(AVERAGEIFS(FCS!$AN$11:$AN$9931,FCS!$G$11:$G$9931,AT10,FCS!$E$11:$E$9931,$AU$9),"")),0))),""),2),"") | AV10: =IFERROR(ROUND(IFERROR(((IFERROR(SUMIFS(FCS!$AM$11:$AM$9931,FCS!$G$11:$G$9931,AT10,FCS!$E$11:$E$9931,$AV$9),""))+(IFERROR(SUMIFS(FCS!$AN$11:$AN$9931,FCS!$G$11:$G$9931,AT10,FCS!$E$11:$E$9931,$AV$9),"")))/((IFERROR((IFERROR(SUMIFS(FCS!$AM$11:$AM$9931,FCS!$G$11:$G$9931,AT10,FCS!$E$11:$E$9931,$AV$9),""))/(IFERROR(AVERAGEIFS(FCS!$AM$11:$AM$9931,FCS!$G$11:$G$9931,AT10,FCS!$E$11:$E$9931,$AV$9),"")),0))+(IFERROR((IFERROR(SUMIFS(FCS!$AN$11:$AN$9931,FCS!$G$11:$G$9931,AT10,FCS!$E$11:$E$9931,$AV$9),""))/(IFERROR(AVERAGEIFS(FCS!$AN$11:$AN$9931,FCS!$G$11:$G$9931,AT10,FCS!$E$11:$E$9931,$AV$9),"")),0))),""),2),"")
AT11: =AT10+1 -> #REF! | AU11: =IFERROR(ROUND(IFERROR(((IFERROR(SUMIFS(FCS!$AM$11:$AM$9931,FCS!$G$11:$G$9931,AT11,FCS!$E$11:$E$9931,$AU$9),""))+(IFERROR(SUMIFS(FCS!$AN$11:$AN$9931,FCS!$G$11:$G$9931,AT11,FCS!$E$11:$E$9931,$AU$9),"")))/((IFERROR((IFERROR(SUMIFS(FCS!$AM$11:$AM$9931,FCS!$G$11:$G$9931,AT11,FCS!$E$11:$E$9931,$AU$9),""))/(IFERROR(AVERAGEIFS(FCS!$AM$11:$AM$9931,FCS!$G$11:$G$9931,AT11,FCS!$E$11:$E$9931,$AU$9),"")),0))+(IFERROR((IFERROR(SUMIFS(FCS!$AN$11:$AN$9931,FCS!$G$11:$G$9931,AT11,FCS!$E$11:$E$9931,$AU$9),""))/(IFERROR(AVERAGEIFS(FCS!$AN$11:$AN$9931,FCS!$G$11:$G$9931,AT11,FCS!$E$11:$E$9931,$AU$9),"")),0))),""),2),"") | AV11: =IFERROR(ROUND(IFERROR(((IFERROR(SUMIFS(FCS!$AM$11:$AM$9931,FCS!$G$11:$G$9931,AT11,FCS!$E$11:$E$9931,$AV$9),""))+(IFERROR(SUMIFS(FCS!$AN$11:$AN$9931,FCS!$G$11:$G$9931,AT11,FCS!$E$11:$E$9931,$AV$9),"")))/((IFERROR((IFERROR(SUMIFS(FCS!$AM$11:$AM$9931,FCS!$G$11:$G$9931,AT11,FCS!$E$11:$E$9931,$AV$9),""))/(IFERROR(AVERAGEIFS(FCS!$AM$11:$AM$9931,FCS!$G$11:$G$9931,AT11,FCS!$E$11:$E$9931,$AV$9),"")),0))+(IFERROR((IFERROR(SUMIFS(FCS!$AN$11:$AN$9931,FCS!$G$11:$G$9931,AT11,FCS!$E$11:$E$9931,$AV$9),""))/(IFERROR(AVERAGEIFS(FCS!$AN$11:$AN$9931,FCS!$G$11:$G$9931,AT11,FCS!$E$11:$E$9931,$AV$9),"")),0))),""),2),"")
AT12: =AT11+1 -> #REF! | AU12: =IFERROR(ROUND(IFERROR(((IFERROR(SUMIFS(FCS!$AM$11:$AM$9931,FCS!$G$11:$G$9931,AT12,FCS!$E$11:$E$9931,$AU$9),""))+(IFERROR(SUMIFS(FCS!$AN$11:$AN$9931,FCS!$G$11:$G$9931,AT12,FCS!$E$11:$E$9931,$AU$9),"")))/((IFERROR((IFERROR(SUMIFS(FCS!$AM$11:$AM$9931,FCS!$G$11:$G$9931,AT12,FCS!$E$11:$E$9931,$AU$9),""))/(IFERROR(AVERAGEIFS(FCS!$AM$11:$AM$9931,FCS!$G$11:$G$9931,AT12,FCS!$E$11:$E$9931,$AU$9),"")),0))+(IFERROR((IFERROR(SUMIFS(FCS!$AN$11:$AN$9931,FCS!$G$11:$G$9931,AT12,FCS!$E$11:$E$9931,$AU$9),""))/(IFERROR(AVERAGEIFS(FCS!$AN$11:$AN$9931,FCS!$G$11:$G$9931,AT12,FCS!$E$11:$E$9931,$AU$9),"")),0))),""),2),"") | AV12: =IFERROR(ROUND(IFERROR(((IFERROR(SUMIFS(FCS!$AM$11:$AM$9931,FCS!$G$11:$G$9931,AT12,FCS!$E$11:$E$9931,$AV$9),""))+(IFERROR(SUMIFS(FCS!$AN$11:$AN$9931,FCS!$G$11:$G$9931,AT12,FCS!$E$11:$E$9931,$AV$9),"")))/((IFERROR((IFERROR(SUMIFS(FCS!$AM$11:$AM$9931,FCS!$G$11:$G$9931,AT12,FCS!$E$11:$E$9931,$AV$9),""))/(IFERROR(AVERAGEIFS(FCS!$AM$11:$AM$9931,FCS!$G$11:$G$9931,AT12,FCS!$E$11:$E$9931,$AV$9),"")),0))+(IFERROR((IFERROR(SUMIFS(FCS!$AN$11:$AN$9931,FCS!$G$11:$G$9931,AT12,FCS!$E$11:$E$9931,$AV$9),""))/(IFERROR(AVERAGEIFS(FCS!$AN$11:$AN$9931,FCS!$G$11:$G$9931,AT12,FCS!$E$11:$E$9931,$AV$9),"")),0))),""),2),"")
AT13: =AT12+1 -> #REF! | AU13: =IFERROR(ROUND(IFERROR(((IFERROR(SUMIFS(FCS!$AM$11:$AM$9931,FCS!$G$11:$G$9931,AT13,FCS!$E$11:$E$9931,$AU$9),""))+(IFERROR(SUMIFS(FCS!$AN$11:$AN$9931,FCS!$G$11:$G$9931,AT13,FCS!$E$11:$E$9931,$AU$9),"")))/((IFERROR((IFERROR(SUMIFS(FCS!$AM$11:$AM$9931,FCS!$G$11:$G$9931,AT13,FCS!$E$11:$E$9931,$AU$9),""))/(IFERROR(AVERAGEIFS(FCS!$AM$11:$AM$9931,FCS!$G$11:$G$9931,AT13,FCS!$E$11:$E$9931,$AU$9),"")),0))+(IFERROR((IFERROR(SUMIFS(FCS!$AN$11:$AN$9931,FCS!$G$11:$G$9931,AT13,FCS!$E$11:$E$9931,$AU$9),""))/(IFERROR(AVERAGEIFS(FCS!$AN$11:$AN$9931,FCS!$G$11:$G$9931,AT13,FCS!$E$11:$E$9931,$AU$9),"")),0))),""),2),"") | AV13: =IFERROR(ROUND(IFERROR(((IFERROR(SUMIFS(FCS!$AM$11:$AM$9931,FCS!$G$11:$G$9931,AT13,FCS!$E$11:$E$9931,$AV$9),""))+(IFERROR(SUMIFS(FCS!$AN$11:$AN$9931,FCS!$G$11:$G$9931,AT13,FCS!$E$11:$E$9931,$AV$9),"")))/((IFERROR((IFERROR(SUMIFS(FCS!$AM$11:$AM$9931,FCS!$G$11:$G$9931,AT13,FCS!$E$11:$E$9931,$AV$9),""))/(IFERROR(AVERAGEIFS(FCS!$AM$11:$AM$9931,FCS!$G$11:$G$9931,AT13,FCS!$E$11:$E$9931,$AV$9),"")),0))+(IFERROR((IFERROR(SUMIFS(FCS!$AN$11:$AN$9931,FCS!$G$11:$G$9931,AT13,FCS!$E$11:$E$9931,$AV$9),""))/(IFERROR(AVERAGEIFS(FCS!$AN$11:$AN$9931,FCS!$G$11:$G$9931,AT13,FCS!$E$11:$E$9931,$AV$9),"")),0))),""),2),"")
AT14: =AT13+1 -> #REF! | AU14: =IFERROR(ROUND(IFERROR(((IFERROR(SUMIFS(FCS!$AM$11:$AM$9931,FCS!$G$11:$G$9931,AT14,FCS!$E$11:$E$9931,$AU$9),""))+(IFERROR(SUMIFS(FCS!$AN$11:$AN$9931,FCS!$G$11:$G$9931,AT14,FCS!$E$11:$E$9931,$AU$9),"")))/((IFERROR((IFERROR(SUMIFS(FCS!$AM$11:$AM$9931,FCS!$G$11:$G$9931,AT14,FCS!$E$11:$E$9931,$AU$9),""))/(IFERROR(AVERAGEIFS(FCS!$AM$11:$AM$9931,FCS!$G$11:$G$9931,AT14,FCS!$E$11:$E$9931,$AU$9),"")),0))+(IFERROR((IFERROR(SUMIFS(FCS!$AN$11:$AN$9931,FCS!$G$11:$G$9931,AT14,FCS!$E$11:$E$9931,$AU$9),""))/(IFERROR(AVERAGEIFS(FCS!$AN$11:$AN$9931,FCS!$G$11:$G$9931,AT14,FCS!$E$11:$E$9931,$AU$9),"")),0))),""),2),"") | AV14: =IFERROR(ROUND(IFERROR(((IFERROR(SUMIFS(FCS!$AM$11:$AM$9931,FCS!$G$11:$G$9931,AT14,FCS!$E$11:$E$9931,$AV$9),""))+(IFERROR(SUMIFS(FCS!$AN$11:$AN$9931,FCS!$G$11:$G$9931,AT14,FCS!$E$11:$E$9931,$AV$9),"")))/((IFERROR((IFERROR(SUMIFS(FCS!$AM$11:$AM$9931,FCS!$G$11:$G$9931,AT14,FCS!$E$11:$E$9931,$AV$9),""))/(IFERROR(AVERAGEIFS(FCS!$AM$11:$AM$9931,FCS!$G$11:$G$9931,AT14,FCS!$E$11:$E$9931,$AV$9),"")),0))+(IFERROR((IFERROR(SUMIFS(FCS!$AN$11:$AN$9931,FCS!$G$11:$G$9931,AT14,FCS!$E$11:$E$9931,$AV$9),""))/(IFERROR(AVERAGEIFS(FCS!$AN$11:$AN$9931,FCS!$G$11:$G$9931,AT14,FCS!$E$11:$E$9931,$AV$9),"")),0))),""),2),"")
AT15: =AT14+1 -> #REF! | AU15: =IFERROR(ROUND(IFERROR(((IFERROR(SUMIFS(FCS!$AM$11:$AM$9931,FCS!$G$11:$G$9931,AT15,FCS!$E$11:$E$9931,$AU$9),""))+(IFERROR(SUMIFS(FCS!$AN$11:$AN$9931,FCS!$G$11:$G$9931,AT15,FCS!$E$11:$E$9931,$AU$9),"")))/((IFERROR((IFERROR(SUMIFS(FCS!$AM$11:$AM$9931,FCS!$G$11:$G$9931,AT15,FCS!$E$11:$E$9931,$AU$9),""))/(IFERROR(AVERAGEIFS(FCS!$AM$11:$AM$9931,FCS!$G$11:$G$9931,AT15,FCS!$E$11:$E$9931,$AU$9),"")),0))+(IFERROR((IFERROR(SUMIFS(FCS!$AN$11:$AN$9931,FCS!$G$11:$G$9931,AT15,FCS!$E$11:$E$9931,$AU$9),""))/(IFERROR(AVERAGEIFS(FCS!$AN$11:$AN$9931,FCS!$G$11:$G$9931,AT15,FCS!$E$11:$E$9931,$AU$9),"")),0))),""),2),"") | AV15: =IFERROR(ROUND(IFERROR(((IFERROR(SUMIFS(FCS!$AM$11:$AM$9931,FCS!$G$11:$G$9931,AT15,FCS!$E$11:$E$9931,$AV$9),""))+(IFERROR(SUMIFS(FCS!$AN$11:$AN$9931,FCS!$G$11:$G$9931,AT15,FCS!$E$11:$E$9931,$AV$9),"")))/((IFERROR((IFERROR(SUMIFS(FCS!$AM$11:$AM$9931,FCS!$G$11:$G$9931,AT15,FCS!$E$11:$E$9931,$AV$9),""))/(IFERROR(AVERAGEIFS(FCS!$AM$11:$AM$9931,FCS!$G$11:$G$9931,AT15,FCS!$E$11:$E$9931,$AV$9),"")),0))+(IFERROR((IFERROR(SUMIFS(FCS!$AN$11:$AN$9931,FCS!$G$11:$G$9931,AT15,FCS!$E$11:$E$9931,$AV$9),""))/(IFERROR(AVERAGEIFS(FCS!$AN$11:$AN$9931,FCS!$G$11:$G$9931,AT15,FCS!$E$11:$E$9931,$AV$9),"")),0))),""),2),"")
AT16: =AT15+1 -> #REF! | AU16: =IFERROR(ROUND(IFERROR(((IFERROR(SUMIFS(FCS!$AM$11:$AM$9931,FCS!$G$11:$G$9931,AT16,FCS!$E$11:$E$9931,$AU$9),""))+(IFERROR(SUMIFS(FCS!$AN$11:$AN$9931,FCS!$G$11:$G$9931,AT16,FCS!$E$11:$E$9931,$AU$9),"")))/((IFERROR((IFERROR(SUMIFS(FCS!$AM$11:$AM$9931,FCS!$G$11:$G$9931,AT16,FCS!$E$11:$E$9931,$AU$9),""))/(IFERROR(AVERAGEIFS(FCS!$AM$11:$AM$9931,FCS!$G$11:$G$9931,AT16,FCS!$E$11:$E$9931,$AU$9),"")),0))+(IFERROR((IFERROR(SUMIFS(FCS!$AN$11:$AN$9931,FCS!$G$11:$G$9931,AT16,FCS!$E$11:$E$9931,$AU$9),""))/(IFERROR(AVERAGEIFS(FCS!$AN$11:$AN$9931,FCS!$G$11:$G$9931,AT16,FCS!$E$11:$E$9931,$AU$9),"")),0))),""),2),"") | AV16: =IFERROR(ROUND(IFERROR(((IFERROR(SUMIFS(FCS!$AM$11:$AM$9931,FCS!$G$11:$G$9931,AT16,FCS!$E$11:$E$9931,$AV$9),""))+(IFERROR(SUMIFS(FCS!$AN$11:$AN$9931,FCS!$G$11:$G$9931,AT16,FCS!$E$11:$E$9931,$AV$9),"")))/((IFERROR((IFERROR(SUMIFS(FCS!$AM$11:$AM$9931,FCS!$G$11:$G$9931,AT16,FCS!$E$11:$E$9931,$AV$9),""))/(IFERROR(AVERAGEIFS(FCS!$AM$11:$AM$9931,FCS!$G$11:$G$9931,AT16,FCS!$E$11:$E$9931,$AV$9),"")),0))+(IFERROR((IFERROR(SUMIFS(FCS!$AN$11:$AN$9931,FCS!$G$11:$G$9931,AT16,FCS!$E$11:$E$9931,$AV$9),""))/(IFERROR(AVERAGEIFS(FCS!$AN$11:$AN$9931,FCS!$G$11:$G$9931,AT16,FCS!$E$11:$E$9931,$AV$9),"")),0))),""),2),"")
AT17: =AT16+1 -> #REF! | AU17: =IFERROR(ROUND(IFERROR(((IFERROR(SUMIFS(FCS!$AM$11:$AM$9931,FCS!$G$11:$G$9931,AT17,FCS!$E$11:$E$9931,$AU$9),""))+(IFERROR(SUMIFS(FCS!$AN$11:$AN$9931,FCS!$G$11:$G$9931,AT17,FCS!$E$11:$E$9931,$AU$9),"")))/((IFERROR((IFERROR(SUMIFS(FCS!$AM$11:$AM$9931,FCS!$G$11:$G$9931,AT17,FCS!$E$11:$E$9931,$AU$9),""))/(IFERROR(AVERAGEIFS(FCS!$AM$11:$AM$9931,FCS!$G$11:$G$9931,AT17,FCS!$E$11:$E$9931,$AU$9),"")),0))+(IFERROR((IFERROR(SUMIFS(FCS!$AN$11:$AN$9931,FCS!$G$11:$G$9931,AT17,FCS!$E$11:$E$9931,$AU$9),""))/(IFERROR(AVERAGEIFS(FCS!$AN$11:$AN$9931,FCS!$G$11:$G$9931,AT17,FCS!$E$11:$E$9931,$AU$9),"")),0))),""),2),"") | AV17: =IFERROR(ROUND(IFERROR(((IFERROR(SUMIFS(FCS!$AM$11:$AM$9931,FCS!$G$11:$G$9931,AT17,FCS!$E$11:$E$9931,$AV$9),""))+(IFERROR(SUMIFS(FCS!$AN$11:$AN$9931,FCS!$G$11:$G$9931,AT17,FCS!$E$11:$E$9931,$AV$9),"")))/((IFERROR((IFERROR(SUMIFS(FCS!$AM$11:$AM$9931,FCS!$G$11:$G$9931,AT17,FCS!$E$11:$E$9931,$AV$9),""))/(IFERROR(AVERAGEIFS(FCS!$AM$11:$AM$9931,FCS!$G$11:$G$9931,AT17,FCS!$E$11:$E$9931,$AV$9),"")),0))+(IFERROR((IFERROR(SUMIFS(FCS!$AN$11:$AN$9931,FCS!$G$11:$G$9931,AT17,FCS!$E$11:$E$9931,$AV$9),""))/(IFERROR(AVERAGEIFS(FCS!$AN$11:$AN$9931,FCS!$G$11:$G$9931,AT17,FCS!$E$11:$E$9931,$AV$9),"")),0))),""),2),"")
AT18: =AT17+1 -> #REF! | AU18: =IFERROR(ROUND(IFERROR(((IFERROR(SUMIFS(FCS!$AM$11:$AM$9931,FCS!$G$11:$G$9931,AT18,FCS!$E$11:$E$9931,$AU$9),""))+(IFERROR(SUMIFS(FCS!$AN$11:$AN$9931,FCS!$G$11:$G$9931,AT18,FCS!$E$11:$E$9931,$AU$9),"")))/((IFERROR((IFERROR(SUMIFS(FCS!$AM$11:$AM$9931,FCS!$G$11:$G$9931,AT18,FCS!$E$11:$E$9931,$AU$9),""))/(IFERROR(AVERAGEIFS(FCS!$AM$11:$AM$9931,FCS!$G$11:$G$9931,AT18,FCS!$E$11:$E$9931,$AU$9),"")),0))+(IFERROR((IFERROR(SUMIFS(FCS!$AN$11:$AN$9931,FCS!$G$11:$G$9931,AT18,FCS!$E$11:$E$9931,$AU$9),""))/(IFERROR(AVERAGEIFS(FCS!$AN$11:$AN$9931,FCS!$G$11:$G$9931,AT18,FCS!$E$11:$E$9931,$AU$9),"")),0))),""),2),"") | AV18: =IFERROR(ROUND(IFERROR(((IFERROR(SUMIFS(FCS!$AM$11:$AM$9931,FCS!$G$11:$G$9931,AT18,FCS!$E$11:$E$9931,$AV$9),""))+(IFERROR(SUMIFS(FCS!$AN$11:$AN$9931,FCS!$G$11:$G$9931,AT18,FCS!$E$11:$E$9931,$AV$9),"")))/((IFERROR((IFERROR(SUMIFS(FCS!$AM$11:$AM$9931,FCS!$G$11:$G$9931,AT18,FCS!$E$11:$E$9931,$AV$9),""))/(IFERROR(AVERAGEIFS(FCS!$AM$11:$AM$9931,FCS!$G$11:$G$9931,AT18,FCS!$E$11:$E$9931,$AV$9),"")),0))+(IFERROR((IFERROR(SUMIFS(FCS!$AN$11:$AN$9931,FCS!$G$11:$G$9931,AT18,FCS!$E$11:$E$9931,$AV$9),""))/(IFERROR(AVERAGEIFS(FCS!$AN$11:$AN$9931,FCS!$G$11:$G$9931,AT18,FCS!$E$11:$E$9931,$AV$9),"")),0))),""),2),"")
AT19: =AT18+1 -> #REF! | AU19: =IFERROR(ROUND(IFERROR(((IFERROR(SUMIFS(FCS!$AM$11:$AM$9931,FCS!$G$11:$G$9931,AT19,FCS!$E$11:$E$9931,$AU$9),""))+(IFERROR(SUMIFS(FCS!$AN$11:$AN$9931,FCS!$G$11:$G$9931,AT19,FCS!$E$11:$E$9931,$AU$9),"")))/((IFERROR((IFERROR(SUMIFS(FCS!$AM$11:$AM$9931,FCS!$G$11:$G$9931,AT19,FCS!$E$11:$E$9931,$AU$9),""))/(IFERROR(AVERAGEIFS(FCS!$AM$11:$AM$9931,FCS!$G$11:$G$9931,AT19,FCS!$E$11:$E$9931,$AU$9),"")),0))+(IFERROR((IFERROR(SUMIFS(FCS!$AN$11:$AN$9931,FCS!$G$11:$G$9931,AT19,FCS!$E$11:$E$9931,$AU$9),""))/(IFERROR(AVERAGEIFS(FCS!$AN$11:$AN$9931,FCS!$G$11:$G$9931,AT19,FCS!$E$11:$E$9931,$AU$9),"")),0))),""),2),"") | AV19: =IFERROR(ROUND(IFERROR(((IFERROR(SUMIFS(FCS!$AM$11:$AM$9931,FCS!$G$11:$G$9931,AT19,FCS!$E$11:$E$9931,$AV$9),""))+(IFERROR(SUMIFS(FCS!$AN$11:$AN$9931,FCS!$G$11:$G$9931,AT19,FCS!$E$11:$E$9931,$AV$9),"")))/((IFERROR((IFERROR(SUMIFS(FCS!$AM$11:$AM$9931,FCS!$G$11:$G$9931,AT19,FCS!$E$11:$E$9931,$AV$9),""))/(IFERROR(AVERAGEIFS(FCS!$AM$11:$AM$9931,FCS!$G$11:$G$9931,AT19,FCS!$E$11:$E$9931,$AV$9),"")),0))+(IFERROR((IFERROR(SUMIFS(FCS!$AN$11:$AN$9931,FCS!$G$11:$G$9931,AT19,FCS!$E$11:$E$9931,$AV$9),""))/(IFERROR(AVERAGEIFS(FCS!$AN$11:$AN$9931,FCS!$G$11:$G$9931,AT19,FCS!$E$11:$E$9931,$AV$9),"")),0))),""),2),"")
AT20: =AT19+1 -> #REF! | AU20: =IFERROR(ROUND(IFERROR(((IFERROR(SUMIFS(FCS!$AM$11:$AM$9931,FCS!$G$11:$G$9931,AT20,FCS!$E$11:$E$9931,$AU$9),""))+(IFERROR(SUMIFS(FCS!$AN$11:$AN$9931,FCS!$G$11:$G$9931,AT20,FCS!$E$11:$E$9931,$AU$9),"")))/((IFERROR((IFERROR(SUMIFS(FCS!$AM$11:$AM$9931,FCS!$G$11:$G$9931,AT20,FCS!$E$11:$E$9931,$AU$9),""))/(IFERROR(AVERAGEIFS(FCS!$AM$11:$AM$9931,FCS!$G$11:$G$9931,AT20,FCS!$E$11:$E$9931,$AU$9),"")),0))+(IFERROR((IFERROR(SUMIFS(FCS!$AN$11:$AN$9931,FCS!$G$11:$G$9931,AT20,FCS!$E$11:$E$9931,$AU$9),""))/(IFERROR(AVERAGEIFS(FCS!$AN$11:$AN$9931,FCS!$G$11:$G$9931,AT20,FCS!$E$11:$E$9931,$AU$9),"")),0))),""),2),"") | AV20: =IFERROR(ROUND(IFERROR(((IFERROR(SUMIFS(FCS!$AM$11:$AM$9931,FCS!$G$11:$G$9931,AT20,FCS!$E$11:$E$9931,$AV$9),""))+(IFERROR(SUMIFS(FCS!$AN$11:$AN$9931,FCS!$G$11:$G$9931,AT20,FCS!$E$11:$E$9931,$AV$9),"")))/((IFERROR((IFERROR(SUMIFS(FCS!$AM$11:$AM$9931,FCS!$G$11:$G$9931,AT20,FCS!$E$11:$E$9931,$AV$9),""))/(IFERROR(AVERAGEIFS(FCS!$AM$11:$AM$9931,FCS!$G$11:$G$9931,AT20,FCS!$E$11:$E$9931,$AV$9),"")),0))+(IFERROR((IFERROR(SUMIFS(FCS!$AN$11:$AN$9931,FCS!$G$11:$G$9931,AT20,FCS!$E$11:$E$9931,$AV$9),""))/(IFERROR(AVERAGEIFS(FCS!$AN$11:$AN$9931,FCS!$G$11:$G$9931,AT20,FCS!$E$11:$E$9931,$AV$9),"")),0))),""),2),"")
AT21: =AT20+1 -> #REF! | AU21: =IFERROR(ROUND(IFERROR(((IFERROR(SUMIFS(FCS!$AM$11:$AM$9931,FCS!$G$11:$G$9931,AT21,FCS!$E$11:$E$9931,$AU$9),""))+(IFERROR(SUMIFS(FCS!$AN$11:$AN$9931,FCS!$G$11:$G$9931,AT21,FCS!$E$11:$E$9931,$AU$9),"")))/((IFERROR((IFERROR(SUMIFS(FCS!$AM$11:$AM$9931,FCS!$G$11:$G$9931,AT21,FCS!$E$11:$E$9931,$AU$9),""))/(IFERROR(AVERAGEIFS(FCS!$AM$11:$AM$9931,FCS!$G$11:$G$9931,AT21,FCS!$E$11:$E$9931,$AU$9),"")),0))+(IFERROR((IFERROR(SUMIFS(FCS!$AN$11:$AN$9931,FCS!$G$11:$G$9931,AT21,FCS!$E$11:$E$9931,$AU$9),""))/(IFERROR(AVERAGEIFS(FCS!$AN$11:$AN$9931,FCS!$G$11:$G$9931,AT21,FCS!$E$11:$E$9931,$AU$9),"")),0))),""),2),"") | AV21: =IFERROR(ROUND(IFERROR(((IFERROR(SUMIFS(FCS!$AM$11:$AM$9931,FCS!$G$11:$G$9931,AT21,FCS!$E$11:$E$9931,$AV$9),""))+(IFERROR(SUMIFS(FCS!$AN$11:$AN$9931,FCS!$G$11:$G$9931,AT21,FCS!$E$11:$E$9931,$AV$9),"")))/((IFERROR((IFERROR(SUMIFS(FCS!$AM$11:$AM$9931,FCS!$G$11:$G$9931,AT21,FCS!$E$11:$E$9931,$AV$9),""))/(IFERROR(AVERAGEIFS(FCS!$AM$11:$AM$9931,FCS!$G$11:$G$9931,AT21,FCS!$E$11:$E$9931,$AV$9),"")),0))+(IFERROR((IFERROR(SUMIFS(FCS!$AN$11:$AN$9931,FCS!$G$11:$G$9931,AT21,FCS!$E$11:$E$9931,$AV$9),""))/(IFERROR(AVERAGEIFS(FCS!$AN$11:$AN$9931,FCS!$G$11:$G$9931,AT21,FCS!$E$11:$E$9931,$AV$9),"")),0))),""),2),"")
AT22: =AT21+1 -> #REF! | AU22: =IFERROR(ROUND(IFERROR(((IFERROR(SUMIFS(FCS!$AM$11:$AM$9931,FCS!$G$11:$G$9931,AT22,FCS!$E$11:$E$9931,$AU$9),""))+(IFERROR(SUMIFS(FCS!$AN$11:$AN$9931,FCS!$G$11:$G$9931,AT22,FCS!$E$11:$E$9931,$AU$9),"")))/((IFERROR((IFERROR(SUMIFS(FCS!$AM$11:$AM$9931,FCS!$G$11:$G$9931,AT22,FCS!$E$11:$E$9931,$AU$9),""))/(IFERROR(AVERAGEIFS(FCS!$AM$11:$AM$9931,FCS!$G$11:$G$9931,AT22,FCS!$E$11:$E$9931,$AU$9),"")),0))+(IFERROR((IFERROR(SUMIFS(FCS!$AN$11:$AN$9931,FCS!$G$11:$G$9931,AT22,FCS!$E$11:$E$9931,$AU$9),""))/(IFERROR(AVERAGEIFS(FCS!$AN$11:$AN$9931,FCS!$G$11:$G$9931,AT22,FCS!$E$11:$E$9931,$AU$9),"")),0))),""),2),"") | AV22: =IFERROR(ROUND(IFERROR(((IFERROR(SUMIFS(FCS!$AM$11:$AM$9931,FCS!$G$11:$G$9931,AT22,FCS!$E$11:$E$9931,$AV$9),""))+(IFERROR(SUMIFS(FCS!$AN$11:$AN$9931,FCS!$G$11:$G$9931,AT22,FCS!$E$11:$E$9931,$AV$9),"")))/((IFERROR((IFERROR(SUMIFS(FCS!$AM$11:$AM$9931,FCS!$G$11:$G$9931,AT22,FCS!$E$11:$E$9931,$AV$9),""))/(IFERROR(AVERAGEIFS(FCS!$AM$11:$AM$9931,FCS!$G$11:$G$9931,AT22,FCS!$E$11:$E$9931,$AV$9),"")),0))+(IFERROR((IFERROR(SUMIFS(FCS!$AN$11:$AN$9931,FCS!$G$11:$G$9931,AT22,FCS!$E$11:$E$9931,$AV$9),""))/(IFERROR(AVERAGEIFS(FCS!$AN$11:$AN$9931,FCS!$G$11:$G$9931,AT22,FCS!$E$11:$E$9931,$AV$9),"")),0))),""),2),"")
... AT40: =AT39+1 -> #REF! | AU40: =IFERROR(ROUND(IFERROR(((IFERROR(SUMIFS(FCS!$AM$11:$AM$9931,FCS!$G$11:$G$9931,AT40,FCS!$E$11:$E$9931,$AU$9),""))+(IFERROR(SUMIFS(FCS!$AN$11:$AN$9931,FCS!$G$11:$G$9931,AT40,FCS!$E$11:$E$9931,$AU$9),"")))/((IFERROR((IFERROR(SUMIFS(FCS!$AM$11:$AM$9931,FCS!$G$11:$G$9931,AT40,FCS!$E$11:$E$9931,$AU$9),""))/(IFERROR(AVERAGEIFS(FCS!$AM$11:$AM$9931,FCS!$G$11:$G$9931,AT40,FCS!$E$11:$E$9931,$AU$9),"")),0))+(IFERROR((IFERROR(SUMIFS(FCS!$AN$11:$AN$9931,FCS!$G$11:$G$9931,AT40,FCS!$E$11:$E$9931,$AU$9),""))/(IFERROR(AVERAGEIFS(FCS!$AN$11:$AN$9931,FCS!$G$11:$G$9931,AT40,FCS!$E$11:$E$9931,$AU$9),"")),0))),""),2),"") | AV40: =IFERROR(ROUND(IFERROR(((IFERROR(SUMIFS(FCS!$AM$11:$AM$9931,FCS!$G$11:$G$9931,AT40,FCS!$E$11:$E$9931,$AV$9),""))+(IFERROR(SUMIFS(FCS!$AN$11:$AN$9931,FCS!$G$11:$G$9931,AT40,FCS!$E$11:$E$9931,$AV$9),"")))/((IFERROR((IFERROR(SUMIFS(FCS!$AM$11:$AM$9931,FCS!$G$11:$G$9931,AT40,FCS!$E$11:$E$9931,$AV$9),""))/(IFERROR(AVERAGEIFS(FCS!$AM$11:$AM$9931,FCS!$G$11:$G$9931,AT40,FCS!$E$11:$E$9931,$AV$9),"")),0))+(IFERROR((IFERROR(SUMIFS(FCS!$AN$11:$AN$9931,FCS!$G$11:$G$9931,AT40,FCS!$E$11:$E$9931,$AV$9),""))/(IFERROR(AVERAGEIFS(FCS!$AN$11:$AN$9931,FCS!$G$11:$G$9931,AT40,FCS!$E$11:$E$9931,$AV$9),"")),0))),""),2),"")
