Workbook
Name granver: 'Granulometrias de Verificación'!$B$8:$W$8
Name Slicer_Ensayo_asociado: #N/A
Name Slicer_Semana: #N/A
Name Slicer_Semana1: #N/A
Name Slicer_Semana2: #N/A
Name Slicer_Semana3: #N/A

Sheet Granulometrias Descarga
C2: Control de Calidad
C3: PRESA DE RELAVES | F3: RESUMEN DE GRANULOMETRIAS DE LOS RELAVES EN EL DEPOSITO DERELAVES ENLOZADA | Z3: Sin Formula
F4: =+B9 -> 46082 | Z4: revisar
H5: Datos en Laboratorio | R5: Datos ciclones
I6: Porcentaje acumulado Pasante
I7: Nº 8 | J7: Nº 16 | K7: Nº 30 | L7: Nº 40 | M7: Nº 50 | N7: Nº 70 | O7: Nº 100 | P7: Nº 200
B8: Fecha | C8: Código | D8: Hora | E8: Ejecutor | F8: Cancha | G8: Sp, Sb, A8,A9 | H8: Peso de muestra (g) | I8: 2360 | J8: 1180 | K8: 600 | L8: 425 | M8: 300 | N8: 212 | O8: 150 | P8: 75 | Q8: % sólidos | R8: % finos | S8: % sólidos2 | T8: Resp | U8: Turno | V8: Observaciones | W8: Column2 | X8: Column1 | Y8: Semana | Z8: Fallas
B9: 46082 | C9: GD-260451 | D9: 0.48611111 | E9: SMCV | F9: 3 | G9: JH | H9: 397.7 | I9: 100 | J9: 100 | K9: 98.642193 | L9: 91.249686 | M9: 72.466683 | N9: 48.931355 | O9: 28.589389 | P9: 9.0771939 | Q9: 70.903904 | R9: 10 | S9: 69 | T9: GM | U9: A | V9: Muestreado de descarga | Y9: =IF(Table_GD[[#This Row],[Fecha]]=0,"",_xlfn.CONCAT("Sem ",WEEKNUM(Table_GD[[#This Row],[Fecha]],2))) -> Sem 9 | Z9: =+IF(P9>=12,P9,0) -> 0
B10: 46082 | C10: GD-260452 | D10: 0.61111111 | E10: SMCV | F10: 3 | G10: JH | H10: 407.5 | I10: 100 | J10: 100 | K10: 99.042945 | L10: 92.368098 | M10: 72.588957 | N10: 53.325153 | O10: 34.822086 | P10: 10.06135 | Q10: 69.99313 | R10: 9 | S10: 69 | T10: GM | U10: A | V10: Muestreado de descarga | Y10: =IF(Table_GD[[#This Row],[Fecha]]=0,"",_xlfn.CONCAT("Sem ",WEEKNUM(Table_GD[[#This Row],[Fecha]],2))) -> Sem 9 | Z10: =+IF(P10>=12,P10,0) -> 0
B11: 46082 | C11: GD-260453 | D11: 0.70138889 | E11: SMCV | F11: 3 | G11: JH | H11: 339.2 | I11: 100 | J11: 100 | K11: 98.378538 | L11: 91.037736 | M11: 71.757075 | N11: 49.941038 | O11: 28.213443 | P11: 8.490566 | Q11: 69.794239 | R11: 9.5 | S11: 70 | T11: GM | U11: A | V11: Muestreado de descarga | Y11: =IF(Table_GD[[#This Row],[Fecha]]=0,"",_xlfn.CONCAT("Sem ",WEEKNUM(Table_GD[[#This Row],[Fecha]],2))) -> Sem 9 | Z11: =+IF(P11>=12,P11,0) -> 0
B12: 46082 | C12: GD-260454 | D12: 0.77083333 | E12: SMCV | F12: 3 | G12: 2da.Est. | H12: 347.1 | I12: 100 | J12: 100 | K12: 98.329012 | L12: 89.74359 | M12: 70.556036 | N12: 48.573898 | O12: 27.571305 | P12: 7.8075483 | Q12: 70.40568 | R12: 9.2 | S12: 70 | T12: GM | U12: B | V12: Muestreado de 2da. Estación | Y12: =IF(Table_GD[[#This Row],[Fecha]]=0,"",_xlfn.CONCAT("Sem ",WEEKNUM(Table_GD[[#This Row],[Fecha]],2))) -> Sem 9 | Z12: =+IF(P12>=12,P12,0) -> 0
B13: 46082 | C13: GD-260455 | D13: 0.875 | E13: SMCV | F13: 3 | G13: 2da.Est. | H13: 316.8 | I13: 100 | J13: 100 | K13: 98.106061 | L13: 90.088384 | M13: 72.380051 | N13: 50.789141 | O13: 29.987374 | P13: 7.9229798 | Q13: 67.793709 | R13: 9 | S13: 70 | T13: GM | U13: B | V13: Muestreado de 2da. Estación | Y13: =IF(Table_GD[[#This Row],[Fecha]]=0,"",_xlfn.CONCAT("Sem ",WEEKNUM(Table_GD[[#This Row],[Fecha]],2))) -> Sem 9 | Z13: =+IF(P13>=12,P13,0) -> 0
B14: 46082 | C14: GD-260456 | D14: 0.95833333 | E14: SMCV | F14: 3 | G14: JH | H14: 335.8 | I14: 100 | J14: 100 | K14: 98.600357 | L14: 89.636689 | M14: 70.428827 | N14: 49.16617 | O14: 28.23109 | P14: 8.5169744 | Q14: 68.572595 | R14: 9.2 | S14: 68.5 | T14: GM | U14: B | V14: Muestreado de descarga | Y14: =IF(Table_GD[[#This Row],[Fecha]]=0,"",_xlfn.CONCAT("Sem ",WEEKNUM(Table_GD[[#This Row],[Fecha]],2))) -> Sem 9 | Z14: =+IF(P14>=12,P14,0) -> 0
B15: 46082 | C15: GD-260457 | D15: 0.041666667 | E15: SMCV | F15: 3 | G15: JH | H15: 329.9 | I15: 100 | J15: 100 | K15: 98.181267 | L15: 89.3301 | M15: 70.475902 | N15: 48.105487 | O15: 26.705062 | P15: 8.0630494 | Q15: 67.922586 | R15: 8.7 | S15: 69.2 | T15: GM | U15: B | V15: Muestreado de descarga | Y15: =IF(Table_GD[[#This Row],[Fecha]]=0,"",_xlfn.CONCAT("Sem ",WEEKNUM(Table_GD[[#This Row],[Fecha]],2))) -> Sem 9 | Z15: =+IF(P15>=12,P15,0) -> 0
B16: 46082 | C16: GD-260458 | D16: 0.14583333 | E16: SMCV | F16: 3 | G16: 2da.Est. | H16: 321 | I16: 100 | J16: 100 | K16: 98.380062 | L16: 90.872274 | M16: 74.143302 | N16: 50.716511 | O16: 29.906542 | P16: 8.7227414 | Q16: 68.414322 | R16: 9 | S16: 69 | T16: GM | U16: B | V16: Muestreado de 2da. Estación | Y16: =IF(Table_GD[[#This Row],[Fecha]]=0,"",_xlfn.CONCAT("Sem ",WEEKNUM(Table_GD[[#This Row],[Fecha]],2))) -> Sem 9 | Z16: =+IF(P16>=12,P16,0) -> 0
B17: 46083 | C17: GD-260459 | D17: 0.27083333 | E17: SMCV | F17: 3 | G17: 2da.Est. | H17: 279.1 | I17: 100 | J17: 100 | K17: 98.101039 | L17: 89.967753 | M17: 71.694733 | N17: 50.734504 | O17: 29.810104 | P17: 8.7065568 | Q17: 69.307177 | R17: 9 | S17: 70 | T17: GM | U17: A | V17: Muestreado de 2da. Estación | Y17: =IF(Table_GD[[#This Row],[Fecha]]=0,"",_xlfn.CONCAT("Sem ",WEEKNUM(Table_GD[[#This Row],[Fecha]],2))) -> Sem 10 | Z17: =+IF(P17>=12,P17,0) -> 0
B18: 46083 | C18: GD-260460 | D18: 0.85416667 | E18: SMCV | F18: 3 | G18: 2da.Est. | H18: 316.2 | I18: 100 | J18: 100 | K18: 98.197343 | L18: 90.25933 | M18: 71.252372 | N18: 49.841872 | O18: 28.747628 | P18: 9.1081594 | Q18: 70.501672 | R18: 9 | S18: 70 | T18: GM | U18: A | V18: Muestreado de 2da. Estación | Y18: =IF(Table_GD[[#This Row],[Fecha]]=0,"",_xlfn.CONCAT("Sem ",WEEKNUM(Table_GD[[#This Row],[Fecha]],2))) -> Sem 10 | Z18: =+IF(P18>=12,P18,0) -> 0
B19: 46083 | C19: GD-260461 | D19: 0.47916667 | E19: SMCV | F19: 2C-M | G19: Sb | H19: 351.9 | I19: 100 | J19: 100 | K19: 98.323387 | L19: 90.622336 | M19: 71.810173 | N19: 50.639386 | O19: 29.497016 | P19: 9.5481671 | Q19: 70.691041 | R19: 9 | S19: 70.5 | T19: GM | U19: A | V19: Muestreado de descarga | Y19: =IF(Table_GD[[#This Row],[Fecha]]=0,"",_xlfn.CONCAT("Sem ",WEEKNUM(Table_GD[[#This Row],[Fecha]],2))) -> Sem 10 | Z19: =+IF(P19>=12,P19,0) -> 0
B20: 46083 | C20: GD-260462 | D20: 0.57291667 | E20: SMCV | F20: 3A-M | G20: Sb | H20: 356.4 | I20: 100 | J20: 100 | K20: 99.186308 | L20: 96.156004 | M20: 85.578002 | N20: 65.852974 | O20: 42.620651 | P20: 11.026936 | Q20: 71.208791 | R20: 9.2 | S20: 71.5 | T20: GM | U20: A | V20: Muestreado de descarga | Y20: =IF(Table_GD[[#This Row],[Fecha]]=0,"",_xlfn.CONCAT("Sem ",WEEKNUM(Table_GD[[#This Row],[Fecha]],2))) -> Sem 10 | Z20: =+IF(P20>=12,P20,0) -> 0
B21: 46083 | C21: GD-260463 | D21: 0.66666667 | E21: SMCV | F21: 3 | G21: 2da.Est. | H21: 401.4 | I21: 100 | J21: 100 | K21: 99.003488 | L21: 93.348281 | M21: 77.130045 | N21: 55.68012 | O21: 33.134031 | P21: 8.9935227 | Q21: 71.296625 | R21: 9.3 | S21: 71.5 | T21: GM | U21: A | V21: Muestreado de 2da. Estación | Y21: =IF(Table_GD[[#This Row],[Fecha]]=0,"",_xlfn.CONCAT("Sem ",WEEKNUM(Table_GD[[#This Row],[Fecha]],2))) -> Sem 10 | Z21: =+IF(P21>=12,P21,0) -> 0
B22: 46083 | C22: GD-260464 | D22: 0.77083333 | E22: SMCV | F22: 3 | G22: 2da.Est. | H22: 357.6 | I22: 100 | J22: 100 | K22: 99.384787 | L22: 95.553691 | M22: 83.44519 | N22: 64.065996 | O22: 41.918345 | P22: 10.458613 | Q22: 71.121718 | R22: 10 | S22: 71 | T22: GT | U22: B | V22: Muestreado de 2da. Estación | Y22: =IF(Table_GD[[#This Row],[Fecha]]=0,"",_xlfn.CONCAT("Sem ",WEEKNUM(Table_GD[[#This Row],[Fecha]],2))) -> Sem 10 | Z22: =+IF(P22>=12,P22,0) -> 0
B23: 46083 | C23: GD-260465 | D23: 0.85416667 | E23: SMCV | F23: 3 | G23: 2da.Est. | H23: 355.5 | I23: 100 | J23: 100 | K23: 98.509142 | L23: 90.098453 | M23: 70.773558 | N23: 48.663854 | O23: 26.891702 | P23: 9.8734177 | Q23: 71.19968 | R23: 10.3 | S23: 71 | T23: GT | U23: B | V23: Muestreado de 2da. Estación | Y23: =IF(Table_GD[[#This Row],[Fecha]]=0,"",_xlfn.CONCAT("Sem ",WEEKNUM(Table_GD[[#This Row],[Fecha]],2))) -> Sem 10 | Z23: =+IF(P23>=12,P23,0) -> 0
B24: 46083 | C24: GD-260466 | D24: 0.45833333 | E24: SMCV | F24: 3A-M | G24: Sb | H24: 266.7 | I24: 100 | J24: 100 | K24: 98.80015 | L24: 92.313461 | M24: 76.452943 | N24: 56.280465 | O24: 35.433071 | P24: 10.273716 | Q24: 71.157951 | R24: 10 | S24: 71 | T24: GT | U24: B | V24: Muestreado de descarga | Y24: =IF(Table_GD[[#This Row],[Fecha]]=0,"",_xlfn.CONCAT("Sem ",WEEKNUM(Table_GD[[#This Row],[Fecha]],2))) -> Sem 10 | Z24: =+IF(P24>=12,P24,0) -> 0
B25: 46083 | C25: GD-260467 | D25: 0.041666667 | E25: SMCV | F25: 2C-M | G25: Sb | H25: 268.9 | I25: 100 | J25: 100 | K25: 98.884344 | L25: 92.711045 | M25: 79.360357 | N25: 57.344738 | O25: 35.440684 | P25: 9.743399 | Q25: 71.250662 | R25: 10 | S25: 71 | T25: GT | U25: B | V25: Muestreado de descarga | Y25: =IF(Table_GD[[#This Row],[Fecha]]=0,"",_xlfn.CONCAT("Sem ",WEEKNUM(Table_GD[[#This Row],[Fecha]],2))) -> Sem 10 | Z25: =+IF(P25>=12,P25,0) -> 0
B26: 46083 | C26: GD-260468 | D26: 0.66666667 | E26: SMCV | F26: 2 | G26: 2da.Est. | H26: 356.6 | I26: 100 | J26: 100 | K26: 98.653954 | L26: 90.185081 | M26: 70.330903 | N26: 48.710039 | O26: 27.173303 | P26: 10.03926 | Q26: 71.462926 | R26: 10.3 | S26: 71.5 | T26: GT | U26: B | V26: Muestreado de 2da. Estación | Y26: =IF(Table_GD[[#This Row],[Fecha]]=0,"",_xlfn.CONCAT("Sem ",WEEKNUM(Table_GD[[#This Row],[Fecha]],2))) -> Sem 10 | Z26: =+IF(P26>=12,P26,0) -> 0
B27: 46084 | C27: GD-260469 | D27: 0.28472222 | E27: SMCV | F27: 3 | G27: 2da.Est. | H27: 278.69333 | I27: 100 | J27: 100 | K27: 98.026505 | L27: 89.414888 | M27: 70.720504 | N27: 49.263227 | O27: 28.451821 | P27: 8.286286 | Q27: 70.129171 | R27: 10 | S27: 70.3 | T27: GT | U27: A | V27: Muestreado de 2da. Estación | Y27: =IF(Table_GD[[#This Row],[Fecha]]=0,"",_xlfn.CONCAT("Sem ",WEEKNUM(Table_GD[[#This Row],[Fecha]],2))) -> Sem 10 | Z27: =+IF(P27>=12,P27,0) -> 0
B28: 46084 | C28: GD-260470 | D28: 0.35416667 | E28: SMCV | F28: 2 | G28: 2da.Est. | H28: 396.29733 | I28: 100 | J28: 100 | K28: 98.183182 | L28: 90.461707 | M28: 72.116895 | N28: 51.046856 | O28: 29.674015 | P28: 9.0581803 | Q28: 71.122995 | R28: 9.2 | S28: 70 | T28: GT | U28: A | V28: Muestreado de 2da. Estación | Y28: =IF(Table_GD[[#This Row],[Fecha]]=0,"",_xlfn.CONCAT("Sem ",WEEKNUM(Table_GD[[#This Row],[Fecha]],2))) -> Sem 10 | Z28: =+IF(P28>=12,P28,0) -> 0
B29: 46084 | C29: GD-260471 | D29: 0.45833333 | E29: SMCV | F29: 3A | G29: Sb | H29: 339.83314 | I29: 100 | J29: 100 | K29: 98.616968 | L29: 91.172138 | M29: 72.54535 | N29: 49.916598 | O29: 27.964649 | P29: 9.0730246 | Q29: 70.039807 | R29: 9 | S29: 70.5 | T29: GT | U29: A | V29: Muestreado de descarga | Y29: =IF(Table_GD[[#This Row],[Fecha]]=0,"",_xlfn.CONCAT("Sem ",WEEKNUM(Table_GD[[#This Row],[Fecha]],2))) -> Sem 10 | Z29: =+IF(P29>=12,P29,0) -> 0
B30: 46084 | C30: GD-260472 | D30: 0.57083333 | E30: SMCV | F30: 2C | G30: Sb | H30: 285.6 | I30: 100 | J30: 100 | K30: 98.179272 | L30: 89.845938 | M30: 70.938375 | N30: 49.404762 | O30: 28.431373 | P30: 9.0686275 | Q30: 66.034682 | R30: 9 | S30: 72.2 | T30: GT | U30: A | V30: Muestreado de descarga | Y30: =IF(Table_GD[[#This Row],[Fecha]]=0,"",_xlfn.CONCAT("Sem ",WEEKNUM(Table_GD[[#This Row],[Fecha]],2))) -> Sem 10 | Z30: =+IF(P30>=12,P30,0) -> 0
B31: 46084 | C31: GD-260473 | D31: 0.66666667 | E31: SMCV | F31: 2 | G31: 2da.Est. | H31: 379.37588 | I31: 100 | J31: 99.920923 | K31: 98.339378 | L31: 90.80068 | M31: 73.772713 | N31: 52.922679 | O31: 32.599827 | P31: 9.2456801 | Q31: 72.621723 | R31: 9.9 | S31: 70.8 | T31: GT | U31: A | V31: Muestreado de 2da. Estación | Y31: =IF(Table_GD[[#This Row],[Fecha]]=0,"",_xlfn.CONCAT("Sem ",WEEKNUM(Table_GD[[#This Row],[Fecha]],2))) -> Sem 10 | Z31: =+IF(P31>=12,P31,0) -> 0
B32: 46084 | C32: GD-260474 | D32: 0.45486111 | E32: SMCV | F32: 2 | G32: 2da.Est. | H32: 232.80538 | I32: 100 | J32: 100 | K32: 98.281827 | L32: 89.819823 | M32: 70.705144 | N32: 48.755479 | O32: 27.06354 | P32: 8.1636326 | Q32: 71.544369 | R32: 8.8 | S32: 70.5 | T32: GT | U32: B | V32: Muestreado de 2da. Estación | Y32: =IF(Table_GD[[#This Row],[Fecha]]=0,"",_xlfn.CONCAT("Sem ",WEEKNUM(Table_GD[[#This Row],[Fecha]],2))) -> Sem 10 | Z32: =+IF(P32>=12,P32,0) -> 0
B33: 46084 | C33: GD-260475 | D33: 0.069444444 | E33: SMCV | F33: 2A-M | G33: Sb | H33: 220.56073 | I33: 100 | J33: 100 | K33: 98.458474 | L33: 90.705508 | M33: 72.29788 | N33: 50.081777 | O33: 29.044487 | P33: 8.2792316 | Q33: 70.152905 | R33: 9.2 | S33: 70.2 | T33: GT | U33: B | V33: Muestreado de descarga | Y33: =IF(Table_GD[[#This Row],[Fecha]]=0,"",_xlfn.CONCAT("Sem ",WEEKNUM(Table_GD[[#This Row],[Fecha]],2))) -> Sem 10 | Z33: =+IF(P33>=12,P33,0) -> 0
B34: 46084 | C34: GD-260476 | D34: 0.16666667 | E34: SMCV | F34: 2 | G34: 2da.Est. | H34: 232.37741 | I34: 100 | J34: 100 | K34: 98.364729 | L34: 90.618709 | M34: 71.25366 | N34: 49.048403 | O34: 27.230447 | P34: 8.1666321 | Q34: 70.2471 | R34: 9 | S34: 70.2 | T34: GT | U34: B | V34: Muestreado de 2da. Estación | Y34: =IF(Table_GD[[#This Row],[Fecha]]=0,"",_xlfn.CONCAT("Sem ",WEEKNUM(Table_GD[[#This Row],[Fecha]],2))) -> Sem 10 | Z34: =+IF(P34>=12,P34,0) -> 0
B35: 46085 | C35: GD-260477 | D35: 0.26736111 | E35: SMCV | F35: 2 | G35: 2da.Est. | H35: 191.33571 | I35: 100 | J35: 100 | K35: 97.909434 | L35: 88.919998 | M35: 70.575278 | N35: 49.512821 | O35: 29.286591 | P35: 9.1126249 | Q35: 72.229409 | R35: 8.9 | S35: 70.2 | T35: GT | U35: A | V35: Muestreado de 2da. Estación | Y35: =IF(Table_GD[[#This Row],[Fecha]]=0,"",_xlfn.CONCAT("Sem ",WEEKNUM(Table_GD[[#This Row],[Fecha]],2))) -> Sem 10 | Z35: =+IF(P35>=12,P35,0) -> 0
B36: 46085 | C36: GD-260478 | D36: 0.35416667 | E36: SMCV | F36: 2 | G36: 2da.Est. | H36: 323.51459 | I36: 100 | J36: 100 | K36: 97.867175 | L36: 88.810397 | M36: 70.418645 | N36: 50.110442 | O36: 30.111344 | P36: 9.0921995 | Q36: 71.844235 | R36: 9 | S36: 70.3 | T36: GT | U36: A | V36: Muestreado de 2da. Estación | Y36: =IF(Table_GD[[#This Row],[Fecha]]=0,"",_xlfn.CONCAT("Sem ",WEEKNUM(Table_GD[[#This Row],[Fecha]],2))) -> Sem 10 | Z36: =+IF(P36>=12,P36,0) -> 0
B37: 46085 | C37: GD-260479 | D37: 0.64583333 | E37: SMCV | F37: 2 | G37: Sb | H37: 392.30562 | I37: 100 | J37: 100 | K37: 98.929406 | L37: 93.347024 | M37: 78.639103 | N37: 60.184103 | O37: 40.225174 | P37: 13.307385 | Q37: 71.510321 | R37: 9 | S37: 70 | T37: GT | U37: A | V37: Muestreado de descarga | Y37: =IF(Table_GD[[#This Row],[Fecha]]=0,"",_xlfn.CONCAT("Sem ",WEEKNUM(Table_GD[[#This Row],[Fecha]],2))) -> Sem 10 | Z37: =+IF(P37>=12,P37,0) -> 13.307385
B38: 46085 | C38: GD-260480 | D38: 0.71527778 | E38: SMCV | F38: 2 | G38: 2da.Est. | H38: 372.12034 | I38: 100 | J38: 100 | K38: 99.11319 | L38: 94.222299 | M38: 80.624548 | N38: 62.189651 | O38: 41.416801 | P38: 12.340186 | Q38: 71.520343 | R38: 9.8 | S38: 70 | T38: GT | U38: A | V38: Muestreado de 2da. Estación | Y38: =IF(Table_GD[[#This Row],[Fecha]]=0,"",_xlfn.CONCAT("Sem ",WEEKNUM(Table_GD[[#This Row],[Fecha]],2))) -> Sem 10 | Z38: =+IF(P38>=12,P38,0) -> 12.340186
B39: 46085 | C39: GD-260481 | D39: 0.48263889 | E39: SMCV | F39: 2 | G39: 2da.Est. | H39: 192.46012 | I39: 100 | J39: 99.896082 | K39: 98.2334 | L39: 91.167001 | M39: 74.332344 | N39: 53.600776 | O39: 32.193743 | P39: 8.4485638 | Q39: 71.387283 | R39: 91 | S39: 70.2 | T39: GT | U39: B | V39: Muestreado de 2da. Estación | Y39: =IF(Table_GD[[#This Row],[Fecha]]=0,"",_xlfn.CONCAT("Sem ",WEEKNUM(Table_GD[[#This Row],[Fecha]],2))) -> Sem 10 | Z39: =+IF(P39>=12,P39,0) -> 0
B40: 46085 | C40: GD-260482 | D40: 0.076388889 | E40: SMCV | F40: 2A-M | G40: Sb | H40: 308.26691 | I40: 100 | J40: 100 | K40: 98.799741 | L40: 93.674313 | M40: 80.503908 | N40: 61.299771 | O40: 39.046328 | P40: 10.369879 | Q40: 71.606715 | R40: 9.3 | S40: 69.9 | T40: GT | U40: B | V40: Muestreado de descarga | Y40: =IF(Table_GD[[#This Row],[Fecha]]=0,"",_xlfn.CONCAT("Sem ",WEEKNUM(Table_GD[[#This Row],[Fecha]],2))) -> Sem 10 | Z40: =+IF(P40>=12,P40,0) -> 0
B41: 46085 | C41: GD-260483 | D41: 0.1875 | E41: SMCV | F41: 2 | G41: 2da.Est. | H41: 288.29941 | I41: 100 | J41: 99.861255 | K41: 99.306277 | L41: 96.219208 | M41: 84.876833 | N41: 65.799444 | O41: 43.704359 | P41: 11.793089 | Q41: 67.564895 | R41: 9.4 | S41: 69.4 | T41: GT | U41: B | V41: Muestreado de 2da. Estación | Y41: =IF(Table_GD[[#This Row],[Fecha]]=0,"",_xlfn.CONCAT("Sem ",WEEKNUM(Table_GD[[#This Row],[Fecha]],2))) -> Sem 10 | Z41: =+IF(P41>=12,P41,0) -> 0
B42: 46086 | C42: GD-260484 | D42: 0.6875 | E42: SMCV | F42: 1 | G42: 2da.Est. | H42: 340.82792 | I42: 100 | J42: 99.911979 | K42: 99.178471 | L42: 95.012146 | M42: 82.219766 | N42: 63.060538 | O42: 41.642105 | P42: 12.888592 | Q42: 67.557566 | R42: 9.5 | S42: 68 | T42: GT | U42: A | V42: Muestreado de 2da. Estación | Y42: =IF(Table_GD[[#This Row],[Fecha]]=0,"",_xlfn.CONCAT("Sem ",WEEKNUM(Table_GD[[#This Row],[Fecha]],2))) -> Sem 10 | Z42: =+IF(P42>=12,P42,0) -> 12.888592
B43: 46086 | C43: GD-260485 | D43: 0.52430556 | E43: SMCV | F43: 1A | G43: 2da.Est. | H43: 180.52049 | I43: 100 | J43: 99.833814 | K43: 99.667628 | L43: 98.836697 | M43: 92.133857 | N43: 73.742593 | O43: 45.546348 | P43: 12.918473 | Q43: 68.534734 | R43: 10 | S43: 68.5 | T43: GT | U43: B | V43: Muestreado de 2da. Estación | Y43: =IF(Table_GD[[#This Row],[Fecha]]=0,"",_xlfn.CONCAT("Sem ",WEEKNUM(Table_GD[[#This Row],[Fecha]],2))) -> Sem 10 | Z43: =+IF(P43>=12,P43,0) -> 12.918473
B44: 46086 | C44: GD-260486 | D44: 0.10069444 | E44: SMCV | F44: 1 | G44: Sb | H44: 173.31964 | I44: 100 | J44: 100 | K44: 99.596122 | L44: 98.038307 | M44: 90.595411 | N44: 71.901627 | O44: 44.957191 | P44: 10.74295 | Q44: 69.161868 | R44: 10.4 | S44: 69.5 | T44: GT | U44: B | V44: Muestreado de descarga | Y44: =IF(Table_GD[[#This Row],[Fecha]]=0,"",_xlfn.CONCAT("Sem ",WEEKNUM(Table_GD[[#This Row],[Fecha]],2))) -> Sem 10 | Z44: =+IF(P44>=12,P44,0) -> 0
B45: 46086 | C45: GD-260487 | D45: 0.20833333 | E45: SMCV | F45: 1 | G45: 2da.Est. | H45: 305.85998 | I45: 100 | J45: 99.901916 | K45: 99.705748 | L45: 98.724907 | M45: 91.107042 | N45: 72.8634 | O45: 47.001893 | P45: 12.312817 | Q45: 68.501675 | R45: 10.2 | S45: 68.8 | T45: GT | U45: B | V45: Muestreado de 2da. Estación | Y45: =IF(Table_GD[[#This Row],[Fecha]]=0,"",_xlfn.CONCAT("Sem ",WEEKNUM(Table_GD[[#This Row],[Fecha]],2))) -> Sem 10 | Z45: =+IF(P45>=12,P45,0) -> 12.312817
B46: 46087 | C46: GD-260488 | D46: 0.35416667 | E46: SMCV | F46: 1 | G46: 2da.Est. | H46: 378.44084 | I46: 100 | J46: 100 | K46: 99.18085 | L46: 94.952976 | M46: 80.472509 | N46: 58.540416 | O46: 34.8379 | P46: 9.9462948 | Q46: 69.096374 | R46: 8.9 | S46: 68.3 | T46: GT | U46: A | V46: Muestreado de 2da. Estación | Y46: =IF(Table_GD[[#This Row],[Fecha]]=0,"",_xlfn.CONCAT("Sem ",WEEKNUM(Table_GD[[#This Row],[Fecha]],2))) -> Sem 10 | Z46: =+IF(P46>=12,P46,0) -> 0
B47: 46087 | C47: GD-260489 | D47: 0.4375 | E47: SMCV | F47: 1 | G47: JH | H47: 315.47931 | I47: 100 | J47: 100 | K47: 99.461137 | L47: 95.720797 | M47: 81.646974 | N47: 60.441145 | O47: 37.016471 | P47: 11.182764 | Q47: 70.340982 | R47: 9.5 | S47: 68 | T47: GT | U47: A | V47: Muestreado de descarga | Y47: =IF(Table_GD[[#This Row],[Fecha]]=0,"",_xlfn.CONCAT("Sem ",WEEKNUM(Table_GD[[#This Row],[Fecha]],2))) -> Sem 10 | Z47: =+IF(P47>=12,P47,0) -> 0
B48: 46087 | C48: GD-260490 | D48: 0.52083333 | E48: SMCV | F48: 1 | G48: 2da.Est. | H48: 367.13393 | I48: 100 | J48: 100 | K48: 99.482478 | L48: 96.622486 | M48: 85.318709 | N48: 64.536103 | O48: 40.866267 | P48: 11.803304 | Q48: 70.211118 | R48: 9 | S48: 68.5 | T48: GT | U48: A | V48: Muestreado de 2da. Estación | Y48: =IF(Table_GD[[#This Row],[Fecha]]=0,"",_xlfn.CONCAT("Sem ",WEEKNUM(Table_GD[[#This Row],[Fecha]],2))) -> Sem 10 | Z48: =+IF(P48>=12,P48,0) -> 0
B49: 46087 | C49: GD-260491 | D49: 0.60416667 | E49: SMCV | F49: 2 | G49: 2da.Est. | H49: 343.47989 | I49: 100 | J49: 100 | K49: 99.621521 | L49: 97.117735 | M49: 86.374748 | N49: 65.820415 | O49: 42.296476 | P49: 11.552318 | Q49: 69.319857 | R49: 9 | S49: 69 | T49: GT | U49: A | V49: Muestreado de 2da. Estación | Y49: =IF(Table_GD[[#This Row],[Fecha]]=0,"",_xlfn.CONCAT("Sem ",WEEKNUM(Table_GD[[#This Row],[Fecha]],2))) -> Sem 10 | Z49: =+IF(P49>=12,P49,0) -> 0
B50: 46087 | C50: GD-260492 | D50: 0.67361111 | E50: SMCV | F50: 3 | G50: 2da.Est. | H50: 365.80291 | I50: 100 | J50: 100 | K50: 98.851841 | L50: 93.739798 | M50: 78.677042 | N50: 57.162724 | O50: 36.031126 | P50: 11.345702 | Q50: 71.44588 | R50: 9.1 | S50: 70.5 | T50: GT | U50: A | V50: Muestreado de 2da. Estación | Y50: =IF(Table_GD[[#This Row],[Fecha]]=0,"",_xlfn.CONCAT("Sem ",WEEKNUM(Table_GD[[#This Row],[Fecha]],2))) -> Sem 10 | Z50: =+IF(P50>=12,P50,0) -> 0
B51: 46087 | C51: GD-260493 | D51: 0.77777778 | E51: SMCV | F51: 3 | G51: 2da.Est. | H51: 237.18353 | I51: 100 | J51: 100 | K51: 98.692995 | L51: 91.736357 | M51: 73.775583 | N51: 51.177049 | O51: 30.644427 | P51: 8.2145393 | Q51: 69.739352 | R51: 9.4 | S51: 70.2 | T51: GT | U51: B | V51: Muestreado de 2da. Estación | Y51: =IF(Table_GD[[#This Row],[Fecha]]=0,"",_xlfn.CONCAT("Sem ",WEEKNUM(Table_GD[[#This Row],[Fecha]],2))) -> Sem 10 | Z51: =+IF(P51>=12,P51,0) -> 0
B52: 46087 | C52: GD-260494 | D52: 0.89583333 | E52: SMCV | F52: 3 | G52: 2da.Est. | H52: 268.34327 | I52: 100 | J52: 100 | K52: 98.583903 | L52: 91.652483 | M52: 74.361198 | N52: 52.337168 | O52: 31.021188 | P52: 8.8480955 | Q52: 71.310994 | R52: 9.6 | S52: 70.1 | T52: GT | U52: B | V52: Muestreado de 2da. Estación | Y52: =IF(Table_GD[[#This Row],[Fecha]]=0,"",_xlfn.CONCAT("Sem ",WEEKNUM(Table_GD[[#This Row],[Fecha]],2))) -> Sem 10 | Z52: =+IF(P52>=12,P52,0) -> 0
B53: 46087 | C53: GD-260495 | D53: 0.99305556 | E53: SMCV | F53: 3B-M | G53: Sb | H53: 226.54329 | I53: 100 | J53: 100 | K53: 98.322616 | L53: 91.127523 | M53: 73.338429 | N53: 50.914458 | O53: 29.991305 | P53: 9.2005763 | Q53: 73.102061 | R53: 9.4 | S53: 70.2 | T53: GT | U53: B | V53: Muestreado de descarga | Y53: =IF(Table_GD[[#This Row],[Fecha]]=0,"",_xlfn.CONCAT("Sem ",WEEKNUM(Table_GD[[#This Row],[Fecha]],2))) -> Sem 10 | Z53: =+IF(P53>=12,P53,0) -> 0
B54: 46087 | C54: GD-260496 | D54: 0.076388889 | E54: SMCV | F54: 3 | G54: 2da.Est. | H54: 323.30091 | I54: 100 | J54: 99.907207 | K54: 97.247147 | L54: 88.77207 | M54: 70.832127 | N54: 49.304195 | O54: 28.951639 | P54: 8.1351192 | Q54: 70.775156 | R54: 9.2 | S54: 70 | T54: GT | U54: B | V54: Muestreado de 2da. Estación | Y54: =IF(Table_GD[[#This Row],[Fecha]]=0,"",_xlfn.CONCAT("Sem ",WEEKNUM(Table_GD[[#This Row],[Fecha]],2))) -> Sem 10 | Z54: =+IF(P54>=12,P54,0) -> 0
B55: 46087 | C55: GD-260497 | D55: 0.20833333 | E55: SMCV | F55: 3 | G55: 2da.Est. | H55: 314.58373 | I55: 100 | J55: 99.745696 | K55: 98.124506 | L55: 90.972197 | M55: 73.615927 | N55: 52.095424 | O55: 31.496774 | P55: 9.3405107 | Q55: 69.475205 | R55: 9.2 | S55: 69.8 | T55: GT | U55: B | V55: Muestreado de 2da. Estación | Y55: =IF(Table_GD[[#This Row],[Fecha]]=0,"",_xlfn.CONCAT("Sem ",WEEKNUM(Table_GD[[#This Row],[Fecha]],2))) -> Sem 10 | Z55: =+IF(P55>=12,P55,0) -> 0
B56: 46088 | C56: GD-260498 | D56: 0.27083333 | E56: SMCV | F56: 3 | G56: 2da.Est. | H56: 234.68948 | I56: 100 | J56: 99.872172 | K56: 98.125182 | L56: 90.199816 | M56: 71.707296 | N56: 49.720797 | O56: 28.714316 | P56: 8.8582917 | Q56: 70.7109 | R56: 8.8 | S56: 70.2 | T56: GT | U56: A | V56: Muestreado de 2da. Estación | Y56: =IF(Table_GD[[#This Row],[Fecha]]=0,"",_xlfn.CONCAT("Sem ",WEEKNUM(Table_GD[[#This Row],[Fecha]],2))) -> Sem 10 | Z56: =+IF(P56>=12,P56,0) -> 0
B57: 46088 | C57: GD-260499 | D57: 0.35416667 | E57: SMCV | F57: 3 | G57: 2da.Est. | H57: 382.4 | I57: 100 | J57: 99.843096 | K57: 98.614017 | L57: 93.096234 | M57: 76.64749 | N57: 54.105649 | O57: 32.662134 | P57: 9.7541841 | Q57: 70.087977 | R57: 9.5 | S57: 70 | T57: GT | U57: A | V57: Muestreado de 2da. Estación | Y57: =IF(Table_GD[[#This Row],[Fecha]]=0,"",_xlfn.CONCAT("Sem ",WEEKNUM(Table_GD[[#This Row],[Fecha]],2))) -> Sem 10 | Z57: =+IF(P57>=12,P57,0) -> 0
B58: 46088 | C58: GD-260500 | D58: 0.45833333 | E58: SMCV | F58: 3 | G58: 2da.Est. | H58: 416.1 | I58: 100 | J58: 99.807739 | K58: 98.125451 | L58: 91.22807 | M58: 73.467916 | N58: 52.006729 | O58: 30.641673 | P58: 9.8534006 | Q58: 72.201978 | R58: 8.8 | S58: 70.4 | T58: GT | U58: A | V58: Muestreado de 2da. Estación | Y58: =IF(Table_GD[[#This Row],[Fecha]]=0,"",_xlfn.CONCAT("Sem ",WEEKNUM(Table_GD[[#This Row],[Fecha]],2))) -> Sem 10 | Z58: =+IF(P58>=12,P58,0) -> 0
B59: 46088 | C59: GD-260501 | D59: 0.58333333 | E59: SMCV | F59: 3 | G59: Sb | H59: 357.31531 | I59: 100 | J59: 99.776108 | K59: 99.020473 | L59: 94.878473 | M59: 80.40946 | N59: 58.356109 | O59: 35.043366 | P59: 11.142907 | Q59: 70.227066 | R59: 9 | S59: 70 | T59: GT | U59: A | V59: Muestreado de descarga | Y59: =IF(Table_GD[[#This Row],[Fecha]]=0,"",_xlfn.CONCAT("Sem ",WEEKNUM(Table_GD[[#This Row],[Fecha]],2))) -> Sem 10 | Z59: =+IF(P59>=12,P59,0) -> 0
B60: 46088 | C60: GD-260502 | D60: 0.66666667 | E60: SMCV | F60: 3 | G60: Sb | H60: 374.10708 | I60: 100 | J60: 99.866348 | K60: 98.957518 | L60: 94.119331 | M60: 79.016703 | N60: 57.445339 | O60: 34.403808 | P60: 9.7049972 | Q60: 70.307664 | R60: 9 | S60: 70.2 | T60: GT | U60: A | V60: Muestreado de descarga | Y60: =IF(Table_GD[[#This Row],[Fecha]]=0,"",_xlfn.CONCAT("Sem ",WEEKNUM(Table_GD[[#This Row],[Fecha]],2))) -> Sem 10 | Z60: =+IF(P60>=12,P60,0) -> 0
B61: 46088 | C61: GD-260503 | D61: 0.83333333 | E61: SMCV | F61: 3 | G61: 2da.Est. | H61: 193.06582 | I61: 100 | J61: 100 | K61: 99.741021 | L61: 98.031759 | M61: 90.521367 | N61: 71.719489 | O61: 42.662041 | P61: 8.5804002 | Q61: 70.05291 | R61: 8 | S61: 69.8 | T61: GM | U61: B | V61: Muestreado de 2da. Estación | Y61: =IF(Table_GD[[#This Row],[Fecha]]=0,"",_xlfn.CONCAT("Sem ",WEEKNUM(Table_GD[[#This Row],[Fecha]],2))) -> Sem 10 | Z61: =+IF(P61>=12,P61,0) -> 0
B62: 46088 | C62: GD-260504 | D62: 0.96527778 | E62: SMCV | F62: 3 | G62: 2da.Est. | H62: 250.79777 | I62: 100 | J62: 99.800636 | K62: 98.205726 | L62: 90.948883 | M62: 72.72703 | N62: 51.07612 | O62: 29.943555 | P62: 9.6483191 | Q62: 71.047527 | R62: 8.5 | S62: 70 | T62: GM | U62: B | V62: Muestreado de 2da. Estación | Y62: =IF(Table_GD[[#This Row],[Fecha]]=0,"",_xlfn.CONCAT("Sem ",WEEKNUM(Table_GD[[#This Row],[Fecha]],2))) -> Sem 10 | Z62: =+IF(P62>=12,P62,0) -> 0
B63: 46088 | C63: GD-260505 | D63: 0.069444444 | E63: SMCV | F63: 3C-M | G63: Sb | H63: 309.69478 | I63: 100 | J63: 99.90313 | K63: 98.224058 | L63: 90.92655 | M63: 73.00568 | N63: 51.210027 | O63: 29.478953 | P63: 8.2322272 | Q63: 72.055556 | R63: 8.4 | S63: 70.2 | T63: GM | U63: B | V63: Muestreado de descarga | Y63: =IF(Table_GD[[#This Row],[Fecha]]=0,"",_xlfn.CONCAT("Sem ",WEEKNUM(Table_GD[[#This Row],[Fecha]],2))) -> Sem 10 | Z63: =+IF(P63>=12,P63,0) -> 0
B64: 46088 | C64: GD-260506 | D64: 0.20833333 | E64: SMCV | F64: 4 | G64: 2da.Est. | H64: 317.30172 | I64: 100 | J64: 99.936969 | K64: 98.581791 | L64: 91.774391 | M64: 73.715869 | N64: 51.213627 | O64: 28.90048 | P64: 7.7849305 | Q64: 69.537961 | R64: 8.8 | S64: 68.5 | T64: GM | U64: B | V64: Muestreado de 2da. Estación | Y64: =IF(Table_GD[[#This Row],[Fecha]]=0,"",_xlfn.CONCAT("Sem ",WEEKNUM(Table_GD[[#This Row],[Fecha]],2))) -> Sem 10 | Z64: =+IF(P64>=12,P64,0) -> 0
B65: 46089 | C65: GD-260507 | D65: 0.27083333 | E65: SMCV | F65: 4 | G65: 2da.Est. | H65: 186.6 | I65: 100 | J65: 100 | K65: 98.767417 | L65: 92.390139 | M65: 74.651661 | N65: 52.8403 | O65: 30.546624 | P65: 9.056806 | Q65: 70.548204 | R65: 9 | S65: 70.2 | T65: GM | U65: A | V65: Muestreado de 2da. Estación | Y65: =IF(Table_GD[[#This Row],[Fecha]]=0,"",_xlfn.CONCAT("Sem ",WEEKNUM(Table_GD[[#This Row],[Fecha]],2))) -> Sem 10 | Z65: =+IF(P65>=12,P65,0) -> 0
B66: 46089 | C66: GD-260508 | D66: 0.39583333 | E66: SMCV | F66: 4 | G66: 2da.Est. | H66: 327.5 | I66: 100 | J66: 100 | K66: 98.351145 | L66: 91.175573 | M66: 72.580153 | N66: 51.022901 | O66: 29.557252 | P66: 9.0687023 | Q66: 70.399828 | R66: 9 | S66: 70 | T66: GM | U66: A | V66: Muestreado de 2da. Estación | Y66: =IF(Table_GD[[#This Row],[Fecha]]=0,"",_xlfn.CONCAT("Sem ",WEEKNUM(Table_GD[[#This Row],[Fecha]],2))) -> Sem 10 | Z66: =+IF(P66>=12,P66,0) -> 0
B67: 46089 | C67: GD-260509 | D67: 0.46875 | E67: SMCV | F67: 4 | G67: Sb | H67: 352.8 | I67: 100 | J67: 100 | K67: 98.100907 | L67: 90.731293 | M67: 72.562358 | N67: 51.048753 | O67: 29.790249 | P67: 9.7222222 | Q67: 71.100363 | R67: 9.5 | S67: 70 | T67: GM | U67: A | V67: Muestreado de descarga | Y67: =IF(Table_GD[[#This Row],[Fecha]]=0,"",_xlfn.CONCAT("Sem ",WEEKNUM(Table_GD[[#This Row],[Fecha]],2))) -> Sem 10 | Z67: =+IF(P67>=12,P67,0) -> 0
B68: 46089 | C68: GD-260510 | D68: 0.55555556 | E68: SMCV | F68: 4 | G68: Sb | H68: 346.8 | I68: 100 | J68: 100 | K68: 98.298731 | L68: 91.262976 | M68: 73.587082 | N68: 51.989619 | O68: 30.536332 | P68: 9.1983852 | Q68: 70.789957 | R68: 9.2 | S68: 70 | T68: GM | U68: A | V68: Muestreado de descarga | Y68: =IF(Table_GD[[#This Row],[Fecha]]=0,"",_xlfn.CONCAT("Sem ",WEEKNUM(Table_GD[[#This Row],[Fecha]],2))) -> Sem 10 | Z68: =+IF(P68>=12,P68,0) -> 0
B69: 46089 | C69: GD-260511 | D69: 0.66666667 | E69: SMCV | F69: 4 | G69: Sb | H69: 353.1 | I69: 100 | J69: 100 | K69: 97.621071 | L69: 88.416879 | M69: 68.394223 | N69: 47.663551 | O69: 27.640895 | P69: 9.2608326 | Q69: 70.690691 | R69: 9.5 | S69: 70 | T69: GM | U69: A | V69: Muestreado de descarga | Y69: =IF(Table_GD[[#This Row],[Fecha]]=0,"",_xlfn.CONCAT("Sem ",WEEKNUM(Table_GD[[#This Row],[Fecha]],2))) -> Sem 10 | Z69: =+IF(P69>=12,P69,0) -> 0
B70: 46089 | C70: GD-260512 | D70: 0.77083333 | E70: SMCV | F70: 4 | G70: 2da.Est. | H70: 335.5 | I70: 100 | J70: 100 | K70: 97.913562 | L70: 89.359165 | M70: 69.448584 | N70: 47.988077 | O70: 28.375559 | P70: 9.6870343 | Q70: 70.990267 | R70: 9.3 | S70: 71 | T70: GM | U70: B | V70: Muestreado de 2da. Estación | Y70: =IF(Table_GD[[#This Row],[Fecha]]=0,"",_xlfn.CONCAT("Sem ",WEEKNUM(Table_GD[[#This Row],[Fecha]],2))) -> Sem 10 | Z70: =+IF(P70>=12,P70,0) -> 0
B71: 46089 | C71: GD-260513 | D71: 0.99305556 | E71: SMCV | F71: 2B-M | G71: Sb | H71: 275.5 | I71: 100 | J71: 100 | K71: 98.911071 | L71: 92.522686 | M71: 75.680581 | N71: 54.809437 | O71: 33.393829 | P71: 10.018149 | Q71: 68.091943 | R71: 9.5 | S71: 71 | T71: GM | U71: B | V71: Muestreado de descarga | Y71: =IF(Table_GD[[#This Row],[Fecha]]=0,"",_xlfn.CONCAT("Sem ",WEEKNUM(Table_GD[[#This Row],[Fecha]],2))) -> Sem 10 | Z71: =+IF(P71>=12,P71,0) -> 0
B72: 46089 | C72: GD-260514 | D72: 0.076388889 | E72: SMCV | F72: 3A-H | G72: Sb | H72: 289.6 | I72: 100 | J72: 100 | K72: 98.549724 | L72: 92.299724 | M72: 75.517956 | N72: 55.732044 | O72: 34.564917 | P72: 12.085635 | Q72: 68.625592 | R72: 10.3 | S72: 70.5 | T72: GM | U72: B | V72: Muestreado de descarga | Y72: =IF(Table_GD[[#This Row],[Fecha]]=0,"",_xlfn.CONCAT("Sem ",WEEKNUM(Table_GD[[#This Row],[Fecha]],2))) -> Sem 10 | Z72: =+IF(P72>=12,P72,0) -> 12.085635
B73: 46089 | C73: GD-260515 | D73: 0.15972222 | E73: SMCV | F73: 3 | G73: 2da.Est. | H73: 240.4 | I73: 100 | J73: 100 | K73: 99.084859 | L73: 96.048253 | M73: 85.9401 | N73: 66.597338 | O73: 41.971714 | P73: 11.855241 | Q73: 68.101983 | R73: 10 | S73: 70 | T73: GM | U73: B | V73: Muestreado de 2da. Estación | Y73: =IF(Table_GD[[#This Row],[Fecha]]=0,"",_xlfn.CONCAT("Sem ",WEEKNUM(Table_GD[[#This Row],[Fecha]],2))) -> Sem 10 | Z73: =+IF(P73>=12,P73,0) -> 0
B74: 46090 | C74: GD-260516 | D74: 0.27083333 | E74: SMCV | F74: 0 | G74: 2da.Est. | H74: 220.6 | I74: 100 | J74: 100 | K74: 98.141432 | L74: 90.072529 | M74: 71.849501 | N74: 50.317316 | O74: 29.963735 | P74: 8.3408885 | Q74: 67.256098 | R74: 9.3 | S74: 70 | T74: GM | U74: A | V74: Muestreado de 2da. Estación | Y74: =IF(Table_GD[[#This Row],[Fecha]]=0,"",_xlfn.CONCAT("Sem ",WEEKNUM(Table_GD[[#This Row],[Fecha]],2))) -> Sem 11 | Z74: =+IF(P74>=12,P74,0) -> 0
B75: 46090 | C75: GD-260517 | D75: 0.45833333 | E75: SMCV | F75: 2 | G75: 2da.Est. | H75: 314.2 | I75: 100 | J75: 100 | K75: 98.726926 | L75: 92.552514 | M75: 75.779758 | N75: 52.323361 | O75: 30.521961 | P75: 8.4977721 | Q75: 68.797898 | R75: 9.5 | S75: 70 | T75: GM | U75: A | V75: Muestreado de 2da. Estación | Y75: =IF(Table_GD[[#This Row],[Fecha]]=0,"",_xlfn.CONCAT("Sem ",WEEKNUM(Table_GD[[#This Row],[Fecha]],2))) -> Sem 11 | Z75: =+IF(P75>=12,P75,0) -> 0
B76: 46090 | C76: GD-260518 | D76: 0.5625 | E76: SMCV | F76: 2 | G76: Sb | H76: 356.7 | I76: 100 | J76: 100 | K76: 99.46734 | L76: 96.159237 | M76: 83.010934 | N76: 61.648444 | O76: 39.61312 | P76: 11.606392 | Q76: 70.605701 | R76: 9.3 | S76: 70.2 | T76: GM | U76: A | V76: Muestreado de descarga | Y76: =IF(Table_GD[[#This Row],[Fecha]]=0,"",_xlfn.CONCAT("Sem ",WEEKNUM(Table_GD[[#This Row],[Fecha]],2))) -> Sem 11 | Z76: =+IF(P76>=12,P76,0) -> 0
B77: 46090 | C77: GD-260519 | D77: 0.64583333 | E77: SMCV | F77: 2 | G77: Sb | H77: 319.2 | I77: 100 | J77: 100 | K77: 99.718045 | L77: 97.274436 | M77: 85.494987 | N77: 63.690476 | O77: 40.538847 | P77: 11.152882 | Q77: 69.709544 | R77: 9.6 | S77: 70 | T77: GM | U77: A | V77: Muestreado de descarga | Y77: =IF(Table_GD[[#This Row],[Fecha]]=0,"",_xlfn.CONCAT("Sem ",WEEKNUM(Table_GD[[#This Row],[Fecha]],2))) -> Sem 11 | Z77: =+IF(P77>=12,P77,0) -> 0
B78: 46090 | C78: GD-260520 | D78: 0.77083333 | E78: SMCV | F78: 4 | G78: 2da.Est. | H78: 354.8 | I78: 100 | J78: 100 | K78: 98.421646 | L78: 90.417136 | M78: 70.997745 | N78: 48.759865 | O78: 28.86133 | P78: 10.794814 | Q78: 70.174051 | R78: 10 | S78: 70 | T78: GM | U78: B | V78: Muestreado de 2da. Estación | Y78: =IF(Table_GD[[#This Row],[Fecha]]=0,"",_xlfn.CONCAT("Sem ",WEEKNUM(Table_GD[[#This Row],[Fecha]],2))) -> Sem 11 | Z78: =+IF(P78>=12,P78,0) -> 0
B79: 46090 | C79: GD-260521 | D79: 0.98611111 | E79: SMCV | F79: 3A-M | G79: Sb | H79: 339.6 | I79: 100 | J79: 100 | K79: 98.586572 | L79: 91.489988 | M79: 74.293286 | N79: 53.415783 | O79: 33.274441 | P79: 12.573616 | Q79: 70.456432 | R79: 10.2 | S79: 70 | T79: GM | U79: B | V79: Muestreado de descarga | Y79: =IF(Table_GD[[#This Row],[Fecha]]=0,"",_xlfn.CONCAT("Sem ",WEEKNUM(Table_GD[[#This Row],[Fecha]],2))) -> Sem 11 | Z79: =+IF(P79>=12,P79,0) -> 12.573616
B80: 46090 | C80: GD-260522 | D80: 0.083333333 | E80: SMCV | F80: 3 | G80: 2da.Est. | H80: 323.5 | I80: 100 | J80: 100 | K80: 99.072643 | L80: 93.477589 | M80: 76.661515 | N80: 53.570325 | O80: 31.128284 | P80: 8.4080371 | Q80: 71.098901 | R80: 10 | S80: 71.5 | T80: GM | U80: B | V80: Muestreado de 2da. Estación | Y80: =IF(Table_GD[[#This Row],[Fecha]]=0,"",_xlfn.CONCAT("Sem ",WEEKNUM(Table_GD[[#This Row],[Fecha]],2))) -> Sem 11 | Z80: =+IF(P80>=12,P80,0) -> 0
B81: 46090 | C81: GD-260523 | D81: 0.16666667 | E81: SMCV | F81: 3 | G81: 2da.Est. | H81: 327 | I81: 100 | J81: 100 | K81: 98.623853 | L81: 91.620795 | M81: 74.189602 | N81: 52.844037 | O81: 32.446483 | P81: 9.969419 | Q81: 70.27724 | R81: 9.8 | S81: 70 | T81: GM | U81: B | V81: Muestreado de 2da. Estación | Y81: =IF(Table_GD[[#This Row],[Fecha]]=0,"",_xlfn.CONCAT("Sem ",WEEKNUM(Table_GD[[#This Row],[Fecha]],2))) -> Sem 11 | Z81: =+IF(P81>=12,P81,0) -> 0
B82: 46091 | C82: GD-260524 | D82: 0.41666667 | E82: SMCV | F82: 3 | G82: 2da.Est. | H82: 319.5 | I82: 100 | J82: 100 | K82: 98.935837 | L82: 92.488263 | M82: 72.832551 | N82: 48.544601 | O82: 28.920188 | P82: 9.4522692 | Q82: 69.006479 | R82: 9.4 | S82: 69 | T82: GM | U82: A | V82: Muestreado de 2da. Estación | Y82: =IF(Table_GD[[#This Row],[Fecha]]=0,"",_xlfn.CONCAT("Sem ",WEEKNUM(Table_GD[[#This Row],[Fecha]],2))) -> Sem 11 | Z82: =+IF(P82>=12,P82,0) -> 0
B83: 46091 | C83: GD-260525 | D83: 0.875 | E83: SMCV | F83: 2 | G83: 2da.Est. | H83: 266.9 | I83: 100 | J83: 100 | K83: 99.213188 | L83: 94.230049 | M83: 78.269015 | N83: 55.638816 | O83: 33.308355 | P83: 9.0295991 | Q83: 66.892231 | R83: 9.7 | S83: 67 | T83: GM | U83: B | V83: Muestreado de 2da. Estación | Y83: =IF(Table_GD[[#This Row],[Fecha]]=0,"",_xlfn.CONCAT("Sem ",WEEKNUM(Table_GD[[#This Row],[Fecha]],2))) -> Sem 11 | Z83: =+IF(P83>=12,P83,0) -> 0
B84: 46091 | C84: GD-260526 | D84: 0.95833333 | E84: SMCV | F84: 2C | G84: JH | H84: 296.8 | I84: 100 | J84: 100 | K84: 99.123989 | L84: 93.530997 | M84: 77.021563 | N84: 54.986523 | O84: 33.625337 | P84: 10.107817 | Q84: 68.783314 | R84: 9.6 | S84: 70 | T84: GM | U84: B | V84: Muestreado de descarga | Y84: =IF(Table_GD[[#This Row],[Fecha]]=0,"",_xlfn.CONCAT("Sem ",WEEKNUM(Table_GD[[#This Row],[Fecha]],2))) -> Sem 11 | Z84: =+IF(P84>=12,P84,0) -> 0
B85: 46091 | C85: GD-260527 | D85: 0.052083333 | E85: SMCV | F85: 2A | G85: JH | H85: 313.9 | I85: 100 | J85: 100 | K85: 99.203568 | L85: 93.724116 | M85: 77.699904 | N85: 56.132526 | O85: 34.565148 | P85: 9.9076139 | Q85: 70.28661 | R85: 9.5 | S85: 71.5 | T85: GM | U85: B | V85: Muestreado de descarga | Y85: =IF(Table_GD[[#This Row],[Fecha]]=0,"",_xlfn.CONCAT("Sem ",WEEKNUM(Table_GD[[#This Row],[Fecha]],2))) -> Sem 11 | Z85: =+IF(P85>=12,P85,0) -> 0
B86: 46091 | C86: GD-260528 | D86: 0.15625 | E86: SMCV | F86: 2 | G86: 2da.Est. | H86: 332.8 | I86: 100 | J86: 100 | K86: 99.399038 | L86: 94.110577 | M86: 77.524038 | N86: 54.747596 | O86: 31.430288 | P86: 10.366587 | Q86: 69.463578 | R86: 9.3 | S86: 71 | T86: GM | U86: B | V86: Muestreado de 2da. Estación | Y86: =IF(Table_GD[[#This Row],[Fecha]]=0,"",_xlfn.CONCAT("Sem ",WEEKNUM(Table_GD[[#This Row],[Fecha]],2))) -> Sem 11 | Z86: =+IF(P86>=12,P86,0) -> 0
B87: 46092 | C87: GD-260529 | D87: 0.27083333 | E87: SMCV | F87: 2 | G87: 2da.Est. | H87: 308.5 | I87: 100 | J87: 100 | K87: 98.508914 | L87: 90.76175 | M87: 72.252836 | N87: 49.951378 | O87: 28.946515 | P87: 8.4927066 | Q87: 69.591699 | R87: 9 | S87: 71.5 | T87: GM | U87: A | V87: Muestreado de 2da. Estación | Y87: =IF(Table_GD[[#This Row],[Fecha]]=0,"",_xlfn.CONCAT("Sem ",WEEKNUM(Table_GD[[#This Row],[Fecha]],2))) -> Sem 11 | Z87: =+IF(P87>=12,P87,0) -> 0
B88: 46092 | C88: GD-260530 | D88: 0.39583333 | E88: SMCV | F88: 2 | G88: 2da.Est. | H88: 373 | I88: 100 | J88: 100 | K88: 98.47185 | L88: 91.099196 | M88: 73.002681 | N88: 50.670241 | O88: 29.731903 | P88: 8.3914209 | Q88: 70.80486 | R88: 9 | S88: 71 | T88: GM | U88: A | V88: Muestreado de 2da. Estación | Y88: =IF(Table_GD[[#This Row],[Fecha]]=0,"",_xlfn.CONCAT("Sem ",WEEKNUM(Table_GD[[#This Row],[Fecha]],2))) -> Sem 11 | Z88: =+IF(P88>=12,P88,0) -> 0
B89: 46092 | C89: GD-260531 | D89: 0.52777778 | E89: SMCV | F89: 3 | G89: JH | H89: 334.6 | I89: 100 | J89: 100 | K89: 98.953975 | L89: 92.946802 | M89: 76.71847 | N89: 54.751943 | O89: 33.114166 | P89: 9.3843395 | Q89: 70.190896 | R89: 9.3 | S89: 69.8 | T89: GM | U89: A | V89: Muestreado de descarga | Y89: =IF(Table_GD[[#This Row],[Fecha]]=0,"",_xlfn.CONCAT("Sem ",WEEKNUM(Table_GD[[#This Row],[Fecha]],2))) -> Sem 11 | Z89: =+IF(P89>=12,P89,0) -> 0
B90: 46092 | C90: GD-260532 | D90: 0.61111111 | E90: SMCV | F90: 1C-M | G90: Sb | H90: 397.4 | I90: 100 | J90: 100 | K90: 98.364368 | L90: 91.394061 | M90: 73.427277 | N90: 50.629089 | O90: 29.894313 | P90: 9.5118269 | Q90: 71.397772 | R90: 9.2 | S90: 70.2 | T90: GM | U90: A | V90: Muestreado de descarga | Y90: =IF(Table_GD[[#This Row],[Fecha]]=0,"",_xlfn.CONCAT("Sem ",WEEKNUM(Table_GD[[#This Row],[Fecha]],2))) -> Sem 11 | Z90: =+IF(P90>=12,P90,0) -> 0
B91: 46092 | C91: GD-260533 | D91: 0.67361111 | E91: SMCV | F91: 1C-M | G91: Sb | H91: 367.4 | I91: 100 | J91: 100 | K91: 98.802395 | L91: 93.331519 | M91: 76.619488 | N91: 53.511159 | O91: 31.654872 | P91: 9.3903103 | Q91: 70.599539 | R91: 9.2 | S91: 70 | T91: GM | U91: A | V91: Muestreado de descarga | Y91: =IF(Table_GD[[#This Row],[Fecha]]=0,"",_xlfn.CONCAT("Sem ",WEEKNUM(Table_GD[[#This Row],[Fecha]],2))) -> Sem 11 | Z91: =+IF(P91>=12,P91,0) -> 0
B92: 46092 | C92: GD-260534 | D92: 0.77083333 | E92: SMCV | F92: 1 | G92: 2da.Est. | H92: 360 | I92: 100 | J92: 99.944444 | K92: 98.361111 | L92: 91.027778 | M92: 73.666667 | N92: 52.138889 | O92: 30.972222 | P92: 7.2222222 | Q92: 70.505288 | R92: 9.2 | S92: 71 | T92: GM | U92: B | V92: Muestreado de 2da. Estación | Y92: =IF(Table_GD[[#This Row],[Fecha]]=0,"",_xlfn.CONCAT("Sem ",WEEKNUM(Table_GD[[#This Row],[Fecha]],2))) -> Sem 11 | Z92: =+IF(P92>=12,P92,0) -> 0
B93: 46092 | C93: GD-260535 | D93: 0.875 | E93: SMCV | F93: 2 | G93: 2da.Est. | H93: 383.4 | I93: 100 | J93: 100 | K93: 98.48722 | L93: 91.992697 | M93: 76.08242 | N93: 55.477308 | O93: 34.324465 | P93: 9.2853417 | Q93: 71.303701 | R93: 9.5 | S93: 71 | T93: GM | U93: B | V93: Muestreado de 2da. Estación | Y93: =IF(Table_GD[[#This Row],[Fecha]]=0,"",_xlfn.CONCAT("Sem ",WEEKNUM(Table_GD[[#This Row],[Fecha]],2))) -> Sem 11 | Z93: =+IF(P93>=12,P93,0) -> 0
B94: 46092 | C94: GD-260536 | D94: 0.98958333 | E94: SMCV | F94: 2B-M | G94: Sb | H94: 401.1 | I94: 100 | J94: 100 | K94: 98.105211 | L94: 90.850162 | M94: 73.024183 | N94: 51.059586 | O94: 29.793069 | P94: 7.2550486 | Q94: 71.791659 | R94: 9.5 | S94: 70.5 | T94: GM | U94: B | V94: Muestreado de descarga | Y94: =IF(Table_GD[[#This Row],[Fecha]]=0,"",_xlfn.CONCAT("Sem ",WEEKNUM(Table_GD[[#This Row],[Fecha]],2))) -> Sem 11 | Z94: =+IF(P94>=12,P94,0) -> 0
B95: 46092 | C95: GD-260537 | D95: 0.083333333 | E95: SMCV | F95: 2B-M | G95: Sb | H95: 410 | I95: 100 | J95: 100 | K95: 97.95122 | L95: 90.268293 | M95: 73.02439 | N95: 52.04878 | O95: 31.658537 | P95: 8.4146341 | Q95: 72.953737 | R95: 9.9 | S95: 70.5 | T95: GM | U95: B | V95: Muestreado de descarga | Y95: =IF(Table_GD[[#This Row],[Fecha]]=0,"",_xlfn.CONCAT("Sem ",WEEKNUM(Table_GD[[#This Row],[Fecha]],2))) -> Sem 11 | Z95: =+IF(P95>=12,P95,0) -> 0
B96: 46092 | C96: GD-260538 | D96: 0.1875 | E96: SMCV | F96: 2 | G96: 2da.Est. | H96: 396.1 | I96: 100 | J96: 100 | K96: 98.081293 | L96: 90.709417 | M96: 73.314819 | N96: 53.471346 | O96: 32.618026 | P96: 10.022722 | Q96: 71.835328 | R96: 9.5 | S96: 72 | T96: GM | U96: B | V96: Muestreado de 2da. Estación | Y96: =IF(Table_GD[[#This Row],[Fecha]]=0,"",_xlfn.CONCAT("Sem ",WEEKNUM(Table_GD[[#This Row],[Fecha]],2))) -> Sem 11 | Z96: =+IF(P96>=12,P96,0) -> 0
B97: 46093 | C97: GD-260539 | D97: 0.26736111 | E97: SMCV | F97: 2 | G97: 2da.Est. | H97: 383.9 | I97: 100 | J97: 100 | K97: 98.593384 | L97: 91.92498 | M97: 75.358166 | N97: 54.337067 | O97: 33.368065 | P97: 9.0909091 | Q97: 70.195648 | R97: 9.2 | S97: 71 | T97: GM | U97: A | V97: Muestreado de 2da. Estación | Y97: =IF(Table_GD[[#This Row],[Fecha]]=0,"",_xlfn.CONCAT("Sem ",WEEKNUM(Table_GD[[#This Row],[Fecha]],2))) -> Sem 11 | Z97: =+IF(P97>=12,P97,0) -> 0
B98: 46093 | C98: GD-260540 | D98: 0.39583333 | E98: SMCV | F98: 2A-M | G98: 2da.Est. | H98: 444.4 | I98: 100 | J98: 100 | K98: 99.054905 | L98: 93.564356 | M98: 77.632763 | N98: 56.323132 | O98: 34.135914 | P98: 9.6084608 | Q98: 71.700549 | R98: 9.4 | S98: 71.3 | T98: GM | U98: A | V98: Muestreado de 2da. Estación | Y98: =IF(Table_GD[[#This Row],[Fecha]]=0,"",_xlfn.CONCAT("Sem ",WEEKNUM(Table_GD[[#This Row],[Fecha]],2))) -> Sem 11 | Z98: =+IF(P98>=12,P98,0) -> 0
B99: 46093 | C99: GD-260541 | D99: 0.47916667 | E99: SMCV | F99: 2A-M | G99: Sb | H99: 397.9 | I99: 100 | J99: 100 | K99: 98.793667 | L99: 92.586077 | M99: 76.20005 | N99: 54.737371 | O99: 33.400352 | P99: 9.2736869 | Q99: 72.096394 | R99: 9.5 | S99: 71.5 | T99: GM | U99: A | V99: Muestreado de descarga | Y99: =IF(Table_GD[[#This Row],[Fecha]]=0,"",_xlfn.CONCAT("Sem ",WEEKNUM(Table_GD[[#This Row],[Fecha]],2))) -> Sem 11 | Z99: =+IF(P99>=12,P99,0) -> 0
B100: 46093 | C100: GD-260542 | D100: 0.5625 | E100: SMCV | F100: 2A-H | G100: Sb | H100: 361.2 | I100: 100 | J100: 100 | K100: 99.473976 | L100: 95.847176 | M100: 82.807309 | N100: 61.54485 | O100: 38.45515 | P100: 10.077519 | Q100: 70.893032 | R100: 9.3 | S100: 71.5 | T100: GM | U100: A | V100: Muestreado de descarga | Y100: =IF(Table_GD[[#This Row],[Fecha]]=0,"",_xlfn.CONCAT("Sem ",WEEKNUM(Table_GD[[#This Row],[Fecha]],2))) -> Sem 11 | Z100: =+IF(P100>=12,P100,0) -> 0
B101: 46093 | C101: GD-260543 | D101: 0.65277778 | E101: SMCV | F101: 2 | G101: 2da.Est. | H101: 361.6 | I101: 100 | J101: 100 | K101: 98.893805 | L101: 93.501106 | M101: 77.433628 | N101: 55.503319 | O101: 33.600664 | P101: 8.9878319 | Q101: 70.694037 | R101: 9.5 | S101: 71.1 | T101: GM | U101: A | V101: Muestreado de 2da. Estación | Y101: =IF(Table_GD[[#This Row],[Fecha]]=0,"",_xlfn.CONCAT("Sem ",WEEKNUM(Table_GD[[#This Row],[Fecha]],2))) -> Sem 11 | Z101: =+IF(P101>=12,P101,0) -> 0
...

Sheet Granulometrias de Verificación
C2: Control de Calidad
C3: PRESA DE RELAVES | F3: RESUMEN DE GRANULOMETRIAS DE LOS RELAVES EN EL DIQUE DE LA PRESA | AD3: Sin Formula
F4: =+B9 -> 46082 | AD4: revisar
K5: Datos en Laboratorio
L7: Nº 8 | M7: Nº 16 | N7: Nº 30 | O7: Nº 40 | P7: Nº 50 | Q7: Nº 70 | R7: Nº 100 | S7: Nº 200
B8: Fecha | C8: Código | D8: Hora | E8: Ejecutor | F8: Cancha | G8: Sp, Sb, A8,A9 | H8: Este-Oeste | I8: Sur-Norte | J8: Cota | K8: Peso de muestra (g) | L8: 2360 | M8: 1180 | N8: 600 | O8: 425 | P8: 300 | Q8: 212 | R8: 150 | S8: 75 | T8: Turno | U8: Ensayo asociado | V8: Tipo | W8: Resp. | X8: Observaciones | Y8: Column4 | Z8: Column2 | AA8: Column3 | AB8: Column1 | AC8: Semana | AD8: Fallas
B9: 46082 | C9: GV-260251 | E9: SMCV | F9: 4A-H | G9: Sp 51 | H9: 1700.27 | I9: 129.83 | J9: 2604.08 | K9: 308.4 | L9: 100 | M9: 100 | N9: 98.702983 | O9: 92.801556 | P9: 77.464332 | Q9: 56.906615 | R9: 35.667964 | S9: 13.845655 | T9: A | U9: DN-261022 | V9: - | W9: GM | AC9: =IF(Table_GV[[#This Row],[Fecha]]=0,"",_xlfn.CONCAT("Sem ",WEEKNUM(Table_GV[[#This Row],[Fecha]],2))) -> Sem 9 | AD9: =+IF(S9>=15.05,S9,0) -> 0
B10: 46082 | C10: GV-260252 | E10: SMCV | F10: 4B-H | G10: Sp 55 | H10: 1801.93 | I10: 190.9 | J10: 2573.74 | K10: 303.3 | L10: 100 | M10: 100 | N10: 98.120673 | O10: 90.273656 | P10: 72.33762 | Q10: 50.74184 | R10: 30.728652 | S10: 10.451698 | T10: A | U10: DN-261024 | V10: - | W10: GM | AC10: =IF(Table_GV[[#This Row],[Fecha]]=0,"",_xlfn.CONCAT("Sem ",WEEKNUM(Table_GV[[#This Row],[Fecha]],2))) -> Sem 9 | AD10: =+IF(S10>=15.05,S10,0) -> 0
B11: 46082 | C11: GV-260253 | E11: SMCV | F11: 3C-H | G11: Sp 45 | H11: 1475.25 | I11: 190.77 | J11: 2589.265 | K11: 291.1 | L11: 100 | M11: 100 | N11: 98.900721 | O11: 92.854689 | P11: 77.327379 | Q11: 56.338028 | R11: 34.077637 | S11: 11.301958 | T11: B | U11: DN-261033 | V11: - | W11: GM | AC11: =IF(Table_GV[[#This Row],[Fecha]]=0,"",_xlfn.CONCAT("Sem ",WEEKNUM(Table_GV[[#This Row],[Fecha]],2))) -> Sem 9 | AD11: =+IF(S11>=15.05,S11,0) -> 0
B12: 46083 | C12: GV-260254 | E12: SMCV | F12: 2A-H | G12: SA-UF | H12: 660.94 | I12: 84.9 | J12: 2635.54 | K12: 334.7 | L12: 100 | M12: 100 | N12: 98.595757 | O12: 93.128174 | P12: 78.577831 | Q12: 58.022109 | R12: 38.15357 | S12: 14.610099 | T12: A | U12: DN-261039 | V12: - | W12: GM | AC12: =IF(Table_GV[[#This Row],[Fecha]]=0,"",_xlfn.CONCAT("Sem ",WEEKNUM(Table_GV[[#This Row],[Fecha]],2))) -> Sem 10 | AD12: =+IF(S12>=15.05,S12,0) -> 0
B13: 46083 | C13: GV-260255 | E13: SMCV | F13: 3A-H | G13: Sp 38 | H13: 1244.03 | I13: 54.69 | J13: 2628.41 | K13: 282.3 | L13: 100 | M13: 100 | N13: 98.618491 | O13: 93.234148 | P13: 78.816861 | Q13: 57.49203 | R13: 36.308891 | S13: 13.248317 | T13: B | U13: DN-261044 | V13: - | W13: GT | AC13: =IF(Table_GV[[#This Row],[Fecha]]=0,"",_xlfn.CONCAT("Sem ",WEEKNUM(Table_GV[[#This Row],[Fecha]],2))) -> Sem 10 | AD13: =+IF(S13>=15.05,S13,0) -> 0
B14: 46084 | C14: GV-260256 | E14: SMCV | F14: 3B-H | G14: Sp 40 | H14: 1310.39 | I14: 33.1 | J14: 2634.28 | K14: 349.3 | L14: 100 | M14: 99.914114 | N14: 98.68308 | O14: 92.298883 | P14: 75.236187 | Q14: 54.394503 | R14: 33.839107 | S14: 12.453478 | T14: A | U14: DN-261048 | V14: - | W14: GT | AC14: =IF(Table_GV[[#This Row],[Fecha]]=0,"",_xlfn.CONCAT("Sem ",WEEKNUM(Table_GV[[#This Row],[Fecha]],2))) -> Sem 10 | AD14: =+IF(S14>=15.05,S14,0) -> 0
B15: 46084 | C15: GV-260257 | E15: SMCV | F15: 2C-M | G15: Sp 29 | H15: 940.81 | I15: 389.14 | J15: 2532.09 | K15: 345.8 | L15: 100 | M15: 100 | N15: 98.525159 | O15: 91.41122 | P15: 74.146906 | Q15: 53.528051 | R15: 32.301909 | S15: 11.017929 | T15: B | U15: DN-261055 | V15: - | W15: GT | AC15: =IF(Table_GV[[#This Row],[Fecha]]=0,"",_xlfn.CONCAT("Sem ",WEEKNUM(Table_GV[[#This Row],[Fecha]],2))) -> Sem 10 | AD15: =+IF(S15>=15.05,S15,0) -> 0
B16: 46084 | C16: GV-260258 | E16: SMCV | F16: 3A-L | G16: Sp 38 | H16: 1252.08 | I16: 531.59 | J16: 2489.66 | K16: 331 | L16: 100 | M16: 100 | N16: 99.033233 | O16: 93.897281 | P16: 79.637462 | Q16: 60.030211 | R16: 38.519637 | S16: 12.65861 | T16: B | U16: DN-261064 | V16: - | W16: GT | AC16: =IF(Table_GV[[#This Row],[Fecha]]=0,"",_xlfn.CONCAT("Sem ",WEEKNUM(Table_GV[[#This Row],[Fecha]],2))) -> Sem 10 | AD16: =+IF(S16>=15.05,S16,0) -> 0
B17: 46085 | C17: GV-260259 | E17: SMCV | F17: 3A-H | G17: Plataforma | H17: 1171 | I17: -2.73 | J17: 2635.9 | K17: 262.9 | L17: 100 | M17: 100 | N17: 99.049068 | O17: 94.256371 | P17: 79.878281 | Q17: 60.098897 | R17: 37.42868 | S17: 13.046786 | T17: A | U17: DN-261069 | V17: - | W17: GT | AC17: =IF(Table_GV[[#This Row],[Fecha]]=0,"",_xlfn.CONCAT("Sem ",WEEKNUM(Table_GV[[#This Row],[Fecha]],2))) -> Sem 10 | AD17: =+IF(S17>=15.05,S17,0) -> 0
B18: 46085 | C18: GV-260260 | E18: SMCV | F18: 3A-H | G18: Sp 36 | H18: 1183.5 | I18: 231.38 | J18: 2577.64 | K18: 328.55943 | L18: 100 | M18: 100 | N18: 98.721692 | O18: 92.238847 | P18: 74.829516 | Q18: 53.859185 | R18: 32.036649 | S18: 8.8749338 | T18: A | U18: DN-261072 | V18: - | W18: GT | AC18: =IF(Table_GV[[#This Row],[Fecha]]=0,"",_xlfn.CONCAT("Sem ",WEEKNUM(Table_GV[[#This Row],[Fecha]],2))) -> Sem 10 | AD18: =+IF(S18>=15.05,S18,0) -> 0
B19: 46085 | C19: GV-260261 | E19: SMCV | F19: 2C-M | G19: Sp 34 | H19: 1113.07 | I19: 340.75 | J19: 2547.51 | K19: 293.5 | L19: 100 | M19: 100 | N19: 98.739353 | O19: 92.197615 | P19: 76.524702 | Q19: 56.115843 | R19: 35.775128 | S19: 12.129472 | T19: A | U19: DN-261074 | V19: - | W19: GT | AC19: =IF(Table_GV[[#This Row],[Fecha]]=0,"",_xlfn.CONCAT("Sem ",WEEKNUM(Table_GV[[#This Row],[Fecha]],2))) -> Sem 10 | AD19: =+IF(S19>=15.05,S19,0) -> 0
B20: 46085 | C20: GV-260262 | E20: SMCV | F20: 3A-M | G20: Sp 38 | H20: 1239.12 | I20: 391.5 | J20: 2530.86 | K20: 365.04052 | L20: 100 | M20: 100 | N20: 99.452116 | O20: 95.808685 | P20: 83.946988 | Q20: 66.442082 | R20: 44.855437 | S20: 14.776585 | T20: A | U20: FN-517 | V20: Delimitación | W20: GT | X20: Asociado a FN-517 | AC20: =IF(Table_GV[[#This Row],[Fecha]]=0,"",_xlfn.CONCAT("Sem ",WEEKNUM(Table_GV[[#This Row],[Fecha]],2))) -> Sem 10 | AD20: =+IF(S20>=15.05,S20,0) -> 0
B21: 46085 | C21: GV-260263 | E21: SMCV | F21: 2A-H | G21: SA-03 | H21: 649.46 | I21: 61.67 | J21: 2636.33 | K21: 383.8 | L21: 100 | M21: 99.869724 | N21: 98.540907 | O21: 92.053153 | P21: 74.335591 | Q21: 53.491402 | R21: 32.751433 | S21: 11.907243 | T21: B | U21: DN-261077 | V21: - | W21: GT | AC21: =IF(Table_GV[[#This Row],[Fecha]]=0,"",_xlfn.CONCAT("Sem ",WEEKNUM(Table_GV[[#This Row],[Fecha]],2))) -> Sem 10 | AD21: =+IF(S21>=15.05,S21,0) -> 0
B22: 46085 | C22: GV-260264 | E22: SMCV | F22: 2C-M | G22: Sp 33 | H22: 1088.78 | I22: 425.41 | J22: 2521.38 | K22: 345.4 | L22: 100 | M22: 100 | N22: 98.81297 | O22: 93.080486 | P22: 77.562247 | Q22: 57.932831 | R22: 36.653156 | S22: 12.825709 | T22: B | U22: DN-261084 | V22: - | W22: GT | AC22: =IF(Table_GV[[#This Row],[Fecha]]=0,"",_xlfn.CONCAT("Sem ",WEEKNUM(Table_GV[[#This Row],[Fecha]],2))) -> Sem 10 | AD22: =+IF(S22>=15.05,S22,0) -> 0
B23: 46085 | C23: GV-260265 | E23: SMCV | F23: 2B-M | G23: Sp 29 | H23: 935.19 | I23: 382.2 | J23: 2533.7 | K23: 438.7 | L23: 100 | M23: 100 | N23: 98.81468 | O23: 92.819695 | P23: 77.50171 | Q23: 57.305676 | R23: 36.995669 | S23: 13.106907 | T23: B | U23: DN-261088 | V23: - | W23: GT | AC23: =IF(Table_GV[[#This Row],[Fecha]]=0,"",_xlfn.CONCAT("Sem ",WEEKNUM(Table_GV[[#This Row],[Fecha]],2))) -> Sem 10 | AD23: =+IF(S23>=15.05,S23,0) -> 0
B24: 46086 | C24: GV-260266 | E24: SMCV | F24: 2B-H | G24: Sp 27 | H24: 884.28 | I24: 236.13 | J24: 2574.05 | K24: 314.36344 | L24: 100 | M24: 100 | N24: 98.854829 | O24: 92.715438 | P24: 76.683039 | Q24: 55.815472 | R24: 35.234198 | S24: 10.326721 | T24: A | U24: DN-261092 | V24: - | W24: GT | AC24: =IF(Table_GV[[#This Row],[Fecha]]=0,"",_xlfn.CONCAT("Sem ",WEEKNUM(Table_GV[[#This Row],[Fecha]],2))) -> Sem 10 | AD24: =+IF(S24>=15.05,S24,0) -> 0
B25: 46086 | C25: GV-260267 | E25: SMCV | F25: 2A-M | G25: Sp 23 | H25: 739.73 | I25: 306.61 | J25: 2561.65 | K25: 346.42615 | L25: 100 | M25: 100 | N25: 98.672156 | O25: 92.119533 | P25: 75.146218 | Q25: 54.304835 | R25: 33.001594 | S25: 11.294226 | T25: A | U25: DN-261094 | V25: - | W25: GT | AC25: =IF(Table_GV[[#This Row],[Fecha]]=0,"",_xlfn.CONCAT("Sem ",WEEKNUM(Table_GV[[#This Row],[Fecha]],2))) -> Sem 10 | AD25: =+IF(S25>=15.05,S25,0) -> 0
B26: 46086 | C26: GV-260268 | E26: SMCV | F26: 2B-M | G26: Sp 28 | H26: 912.23 | I26: 429.7 | J26: 2520.41 | K26: 306.53524 | L26: 100 | M26: 100 | N26: 98.466734 | O26: 91.387613 | P26: 74.65218 | Q26: 54.263007 | R26: 34.395797 | S26: 12.179754 | T26: A | U26: DN-261096 | V26: - | W26: GT | AC26: =IF(Table_GV[[#This Row],[Fecha]]=0,"",_xlfn.CONCAT("Sem ",WEEKNUM(Table_GV[[#This Row],[Fecha]],2))) -> Sem 10 | AD26: =+IF(S26>=15.05,S26,0) -> 0
B27: 46086 | C27: GV-260269 | E27: SMCV | F27: 2A-H | G27: SA-03 | H27: 648.7 | I27: 60.65 | J27: 2636.71 | K27: 337.3 | L27: 100 | M27: 99.940706 | N27: 98.339757 | O27: 91.10584 | P27: 74.206937 | Q27: 53.602135 | R27: 31.900385 | S27: 7.471094 | T27: B | U27: DN-261101 | V27: - | W27: GT | AC27: =IF(Table_GV[[#This Row],[Fecha]]=0,"",_xlfn.CONCAT("Sem ",WEEKNUM(Table_GV[[#This Row],[Fecha]],2))) -> Sem 10 | AD27: =+IF(S27>=15.05,S27,0) -> 0
B28: 46086 | C28: GV-260270 | E28: SMCV | F28: 1C-M | G28: Sp 15 | H28: 483.66 | I28: 304.12 | J28: 2576.56 | K28: 326.6 | L28: 100 | M28: 99.846908 | N28: 98.683405 | O28: 92.620943 | P28: 76.944274 | Q28: 56.91978 | R28: 35.609308 | S28: 12.737293 | T28: B | U28: DN-261112 | V28: - | W28: GT | AC28: =IF(Table_GV[[#This Row],[Fecha]]=0,"",_xlfn.CONCAT("Sem ",WEEKNUM(Table_GV[[#This Row],[Fecha]],2))) -> Sem 10 | AD28: =+IF(S28>=15.05,S28,0) -> 0
B29: 46086 | C29: GV-260271 | E29: SMCV | F29: 1C-M | G29: Sp 16 | H29: 514.18 | I29: 374.13 | J29: 2558.32 | K29: 346.9 | L29: 100 | M29: 99.91352 | N29: 98.616316 | O29: 92.332084 | P29: 76.419717 | Q29: 56.500432 | R29: 36.754108 | S29: 12.539637 | T29: B | U29: DN-261114 | V29: - | W29: GT | AC29: =IF(Table_GV[[#This Row],[Fecha]]=0,"",_xlfn.CONCAT("Sem ",WEEKNUM(Table_GV[[#This Row],[Fecha]],2))) -> Sem 10 | AD29: =+IF(S29>=15.05,S29,0) -> 0
B30: 46087 | C30: GV-260272 | E30: SMCV | F30: 2A-H | G30: Sp 21 | H30: 672.16 | I30: 240.06 | J30: 2591.73 | K30: 400.4 | L30: 100 | M30: 100 | N30: 98.776224 | O30: 92.882118 | P30: 77.772228 | Q30: 58.991009 | R30: 38.236763 | S30: 13.786214 | T30: A | U30: DN-261117 | V30: - | W30: GT | AC30: =IF(Table_GV[[#This Row],[Fecha]]=0,"",_xlfn.CONCAT("Sem ",WEEKNUM(Table_GV[[#This Row],[Fecha]],2))) -> Sem 10 | AD30: =+IF(S30>=15.05,S30,0) -> 0
B31: 46087 | C31: GV-260273 | E31: SMCV | F31: 1C-M | G31: Sp 15 | H31: 492.2 | I31: 272.4 | J31: 2586.39 | K31: 474.9 | L31: 100 | M31: 100 | N31: 98.799747 | O31: 93.724995 | P31: 79.279848 | Q31: 60.391661 | R31: 39.945252 | S31: 15.055801 | T31: A | U31: FN-518 | V31: Adyacente | W31: GT | X31: Asociado a FN-518 | AC31: =IF(Table_GV[[#This Row],[Fecha]]=0,"",_xlfn.CONCAT("Sem ",WEEKNUM(Table_GV[[#This Row],[Fecha]],2))) -> Sem 10 | AD31: =+IF(S31>=15.05,S31,0) -> 15.055801
B32: 46087 | C32: GV-260274 | E32: SMCV | F32: 1C-M | G32: Sp 15 | H32: 501.62 | I32: 277.38 | J32: 2585.1 | K32: 360.9 | L32: 100 | M32: 100 | N32: 98.088113 | O32: 90.274314 | P32: 73.261291 | Q32: 52.701579 | R32: 32.335827 | S32: 10.778609 | T32: B | U32: FN-518 | V32: Delimitación | W32: GT | X32: Asociado a FN-518 | AC32: =IF(Table_GV[[#This Row],[Fecha]]=0,"",_xlfn.CONCAT("Sem ",WEEKNUM(Table_GV[[#This Row],[Fecha]],2))) -> Sem 10 | AD32: =+IF(S32>=15.05,S32,0) -> 0
B33: 46088 | C33: GV-260275 | E33: SMCV | F33: 1A-H | G33: Sp 6 | H33: 173.47 | I33: 96.44 | J33: 2632.54 | K33: 355.8 | L33: 100 | M33: 99.718943 | N33: 99.072513 | O33: 95.362563 | P33: 82.686903 | Q33: 62.394604 | R33: 40.697021 | S33: 13.827993 | T33: B | U33: DN-261126 | V33: - | W33: GM | AC33: =IF(Table_GV[[#This Row],[Fecha]]=0,"",_xlfn.CONCAT("Sem ",WEEKNUM(Table_GV[[#This Row],[Fecha]],2))) -> Sem 10 | AD33: =+IF(S33>=15.05,S33,0) -> 0
B34: 46088 | C34: GV-260276 | E34: SMCV | F34: 1B-H | G34: Plataforma | H34: 343.08 | I34: 62.01 | J34: 2635.9 | K34: 384.2 | L34: 100 | M34: 99.921916 | N34: 99.557522 | O34: 97.058824 | P34: 86.595523 | Q34: 66.501822 | R34: 42.581989 | S34: 14.497657 | T34: B | U34: DN-261132 | V34: - | W34: GM | AC34: =IF(Table_GV[[#This Row],[Fecha]]=0,"",_xlfn.CONCAT("Sem ",WEEKNUM(Table_GV[[#This Row],[Fecha]],2))) -> Sem 10 | AD34: =+IF(S34>=15.05,S34,0) -> 0
B35: 46089 | C35: GV-260277 | E35: SMCV | F35: 1A-H | G35: Sp 3 | H35: 79.09 | I35: 54.36 | J35: 2633.986 | K35: 340.9 | L35: 100 | M35: 100 | N35: 99.295981 | O35: 96.421238 | P35: 86.212966 | Q35: 67.028454 | R35: 43.531828 | S35: 14.520387 | T35: A | U35: CA-260113 | V35: Adyacente | W35: GM | X35: Asociado a FN-519 | AC35: =IF(Table_GV[[#This Row],[Fecha]]=0,"",_xlfn.CONCAT("Sem ",WEEKNUM(Table_GV[[#This Row],[Fecha]],2))) -> Sem 10 | AD35: =+IF(S35>=15.05,S35,0) -> 0
B36: 46089 | C36: GV-260278 | E36: SMCV | F36: 1A-H | G36: Sp 8 | H36: 242.03 | I36: 59.44 | J36: 2635.901 | K36: 413.6 | L36: 100 | M36: 100 | N36: 99.468085 | O36: 95.98646 | P36: 82.857834 | Q36: 61.750484 | R36: 40.062863 | S36: 13.902321 | T36: A | U36: FN-519 | V36: Adyacente | W36: GM | X36: Asociado a FN-519 | AC36: =IF(Table_GV[[#This Row],[Fecha]]=0,"",_xlfn.CONCAT("Sem ",WEEKNUM(Table_GV[[#This Row],[Fecha]],2))) -> Sem 10 | AD36: =+IF(S36>=15.05,S36,0) -> 0
B37: 46089 | C37: GV-260279 | E37: SMCV | F37: 1C-H | G37: Plataforma | H37: 517.29 | I37: 68.62 | J37: 2635.899 | K37: 347.5 | L37: 100 | M37: 100 | N37: 99.568345 | O37: 97.611511 | P37: 87.568345 | Q37: 66.589928 | R37: 40.863309 | S37: 12.57554 | T37: A | U37: DN-261136 | V37: - | W37: GM | AC37: =IF(Table_GV[[#This Row],[Fecha]]=0,"",_xlfn.CONCAT("Sem ",WEEKNUM(Table_GV[[#This Row],[Fecha]],2))) -> Sem 10 | AD37: =+IF(S37>=15.05,S37,0) -> 0
B38: 46089 | C38: GV-260280 | E38: SMCV | F38: 4B-H | G38: Sp 58 | H38: 1874.82 | I38: 145.31 | J38: 2576.827 | K38: 392.9 | L38: 100 | M38: 100 | N38: 98.091117 | O38: 91.168236 | P38: 74.217358 | Q38: 52.405192 | R38: 32.451005 | S38: 11.376941 | T38: A | U38: DN-261137 | V38: - | W38: GM | AC38: =IF(Table_GV[[#This Row],[Fecha]]=0,"",_xlfn.CONCAT("Sem ",WEEKNUM(Table_GV[[#This Row],[Fecha]],2))) -> Sem 10 | AD38: =+IF(S38>=15.05,S38,0) -> 0
B39: 46089 | C39: GV-260281 | E39: SMCV | F39: 1A-H | G39: Sp 3 | H39: 90.62 | I39: 59.7 | J39: 2633.49 | K39: 283.9 | L39: 100 | M39: 100 | N39: 99.154632 | O39: 94.610778 | P39: 81.155336 | Q39: 61.71187 | R39: 39.697076 | S39: 14.512152 | T39: B | U39: FN-519 | V39: Delimitación | W39: GM | X39: Asociado a FN-519 | AC39: =IF(Table_GV[[#This Row],[Fecha]]=0,"",_xlfn.CONCAT("Sem ",WEEKNUM(Table_GV[[#This Row],[Fecha]],2))) -> Sem 10 | AD39: =+IF(S39>=15.05,S39,0) -> 0
B40: 46089 | C40: GV-260282 | E40: SMCV | F40: 3C-M | G40: Sp 45 | H40: 1474.59 | I40: 366.51 | J40: 2538.05 | K40: 284.1 | L40: 100 | M40: 100 | N40: 98.592045 | O40: 92.361844 | P40: 75.712777 | Q40: 54.38226 | R40: 34.811686 | S40: 14.396339 | T40: B | U40: DN-261145 | V40: - | W40: GM | AC40: =IF(Table_GV[[#This Row],[Fecha]]=0,"",_xlfn.CONCAT("Sem ",WEEKNUM(Table_GV[[#This Row],[Fecha]],2))) -> Sem 10 | AD40: =+IF(S40>=15.05,S40,0) -> 0
B41: 46089 | C41: GV-260283 | E41: SMCV | F41: 3C-M | G41: Sp 48 | H41: 1597.64 | I41: 403.68 | J41: 2525.36 | K41: 296.6 | L41: 100 | M41: 100 | N41: 98.718813 | O41: 93.054619 | P41: 76.803776 | Q41: 56.169926 | R41: 36.210384 | S41: 14.699933 | T41: B | U41: DN-261146 | V41: - | W41: GM | AC41: =IF(Table_GV[[#This Row],[Fecha]]=0,"",_xlfn.CONCAT("Sem ",WEEKNUM(Table_GV[[#This Row],[Fecha]],2))) -> Sem 10 | AD41: =+IF(S41>=15.05,S41,0) -> 0
B42: 46089 | C42: GV-260284 | E42: SMCV | F42: 3B-M | G42: Sp 41 | H42: 1335.09 | I42: 303.69 | J42: 2556.74 | K42: 248.3 | L42: 100 | M42: 100 | N42: 98.429319 | O42: 92.227145 | P42: 75.513492 | Q42: 53.483689 | R42: 33.427306 | S42: 12.72654 | T42: B | U42: DN-261152 | V42: - | W42: GM | AC42: =IF(Table_GV[[#This Row],[Fecha]]=0,"",_xlfn.CONCAT("Sem ",WEEKNUM(Table_GV[[#This Row],[Fecha]],2))) -> Sem 10 | AD42: =+IF(S42>=15.05,S42,0) -> 0
B43: 46089 | C43: GV-260285 | E43: SMCV | F43: 1B-H | G43: JH UF | H43: 374.4 | I43: 92.13 | J43: 2635.88 | K43: 262.9 | L43: 100 | M43: 100 | N43: 99.087105 | O43: 94.40852 | P43: 81.323697 | Q43: 62.267022 | R43: 40.890072 | S43: 14.720426 | T43: B | U43: DN-261158 | V43: - | W43: GM | AC43: =IF(Table_GV[[#This Row],[Fecha]]=0,"",_xlfn.CONCAT("Sem ",WEEKNUM(Table_GV[[#This Row],[Fecha]],2))) -> Sem 10 | AD43: =+IF(S43>=15.05,S43,0) -> 0
B44: 46090 | C44: GV-260286 | E44: SMCV | F44: 3C-H | G44: Sp 48 | H44: 1580.83 | I44: 240.7 | J44: 2573.249 | K44: 353.8 | L44: 100 | M44: 100 | N44: 98.191068 | O44: 91.492369 | P44: 75.127191 | Q44: 54.183154 | R44: 34.171849 | S44: 12.153759 | T44: A | U44: DN-261165 | V44: - | W44: GM | AC44: =IF(Table_GV[[#This Row],[Fecha]]=0,"",_xlfn.CONCAT("Sem ",WEEKNUM(Table_GV[[#This Row],[Fecha]],2))) -> Sem 11 | AD44: =+IF(S44>=15.05,S44,0) -> 0
B45: 46090 | C45: GV-260287 | E45: SMCV | F45: 3B-L | G45: Sp 43 | H45: 1417.34 | I45: 592.7 | J45: 2473.23 | K45: 425.6 | L45: 100 | M45: 100 | N45: 98.637218 | O45: 92.81015 | P45: 75.822368 | Q45: 54.182331 | R45: 32.518797 | S45: 11.724624 | T45: A | U45: DN-261168 | V45: - | W45: GM | AC45: =IF(Table_GV[[#This Row],[Fecha]]=0,"",_xlfn.CONCAT("Sem ",WEEKNUM(Table_GV[[#This Row],[Fecha]],2))) -> Sem 11 | AD45: =+IF(S45>=15.05,S45,0) -> 0
B46: 46090 | C46: GV-260288 | E46: SMCV | F46: 3B-L | G46: Sp 41 | H46: 1345.62 | I46: 546.49 | J46: 2484.46 | K46: 359.3 | L46: 100 | M46: 100 | N46: 98.719733 | O46: 92.930699 | P46: 78.207626 | Q46: 58.279989 | R46: 39.326468 | S46: 13.053159 | T46: B | U46: DN-261172 | V46: - | W46: GM | AC46: =IF(Table_GV[[#This Row],[Fecha]]=0,"",_xlfn.CONCAT("Sem ",WEEKNUM(Table_GV[[#This Row],[Fecha]],2))) -> Sem 11 | AD46: =+IF(S46>=15.05,S46,0) -> 0
B47: 46091 | C47: GV-260289 | E47: SMCV | F47: 4C-H | G47: Sp 60 | H47: 1928.22 | I47: -116.35 | J47: 2627.32 | K47: 353.7 | L47: 100 | M47: 100 | N47: 98.897371 | O47: 93.271134 | P47: 77.35369 | Q47: 55.583828 | R47: 34.464235 | S47: 11.733107 | T47: A | U47: DN-261176 | V47: - | W47: GM | AC47: =IF(Table_GV[[#This Row],[Fecha]]=0,"",_xlfn.CONCAT("Sem ",WEEKNUM(Table_GV[[#This Row],[Fecha]],2))) -> Sem 11 | AD47: =+IF(S47>=15.05,S47,0) -> 0
B48: 46091 | C48: GV-260290 | E48: SMCV | F48: 4C-H | G48: Sp 60 | H48: 1948.52 | I48: -136.27 | J48: 2631.61 | K48: 331.9 | L48: 100 | M48: 100 | N48: 98.885206 | O48: 93.431757 | P48: 78.577885 | Q48: 58.029527 | R48: 37.029226 | S48: 12.684544 | T48: B | U48: DN-261178 | V48: - | W48: GM | AC48: =IF(Table_GV[[#This Row],[Fecha]]=0,"",_xlfn.CONCAT("Sem ",WEEKNUM(Table_GV[[#This Row],[Fecha]],2))) -> Sem 11 | AD48: =+IF(S48>=15.05,S48,0) -> 0
B49: 46091 | C49: GV-260291 | E49: SMCV | F49: 4C-H | G49: Sp 65 | H49: 2115.42 | I49: -77.41 | J49: 2605.19 | K49: 360.9 | L49: 100 | M49: 100 | N49: 99.085619 | O49: 94.98476 | P49: 81.463009 | Q49: 62.094763 | R49: 41.064007 | S49: 14.768634 | T49: B | U49: DN-261181 | V49: - | W49: GM | AC49: =IF(Table_GV[[#This Row],[Fecha]]=0,"",_xlfn.CONCAT("Sem ",WEEKNUM(Table_GV[[#This Row],[Fecha]],2))) -> Sem 11 | AD49: =+IF(S49>=15.05,S49,0) -> 0
B50: 46092 | C50: GV-260292 | E50: SMCV | F50: 4B-H | G50: Plataforma | H50: 1869.66 | I50: -162.91 | J50: 2635.599 | K50: 335.2 | L50: 100 | M50: 100 | N50: 93.914081 | O50: 80.817422 | P50: 62.052506 | Q50: 43.406921 | R50: 27.177804 | S50: 10.292363 | T50: A | U50: DN-261188 | V50: - | W50: GM | AC50: =IF(Table_GV[[#This Row],[Fecha]]=0,"",_xlfn.CONCAT("Sem ",WEEKNUM(Table_GV[[#This Row],[Fecha]],2))) -> Sem 11 | AD50: =+IF(S50>=15.05,S50,0) -> 0
B51: 46092 | C51: GV-260293 | E51: SMCV | F51: 2C-M | G51: Sp 34 | H51: 1097.1 | I51: 340.83 | J51: 2547.713 | K51: 391.7 | L51: 100 | M51: 100 | N51: 98.97881 | O51: 93.770743 | P51: 77.891243 | Q51: 57.263212 | R51: 35.511871 | S51: 12.279806 | T51: A | U51: DN-261193 | V51: - | W51: GM | AC51: =IF(Table_GV[[#This Row],[Fecha]]=0,"",_xlfn.CONCAT("Sem ",WEEKNUM(Table_GV[[#This Row],[Fecha]],2))) -> Sem 11 | AD51: =+IF(S51>=15.05,S51,0) -> 0
... B53: 46092 | C53: GV-260295 | E53: SMCV | F53: 4B-H | G53: Sp 55 | H53: 1787.07 | I53: -55.84 | J53: 2635.5 | K53: 263.9 | L53: 100 | M53: 100 | N53: 98.635847 | O53: 90.526715 | P53: 71.65593 | Q53: 51.079955 | R53: 32.057598 | S53: 10.837438 | T53: B | U53: DN-261204 | V53: - | W53: GM | AC53: =IF(Table_GV[[#This Row],[Fecha]]=0,"",_xlfn.CONCAT("Sem ",WEEKNUM(Table_GV[[#This Row],[Fecha]],2))) -> Sem 11 | AD53: =+IF(S53>=15.05,S53,0) -> 0
B54: 46093 | C54: GV-260296 | E54: SMCV | F54: 2C-M | G54: Sp 33 | H54: 1078.81 | I54: 270.01 | J54: 2565.61 | K54: 336.7 | L54: 100 | M54: 100 | N54: 99.019899 | O54: 94.238194 | P54: 79.77428 | Q54: 60.11286 | R54: 38.194238 | S54: 12.503713 | T54: A | U54: GV-260294 | V54: Adyacente | W54: GM | X54: Asociado a FN-523 | AC54: =IF(Table_GV[[#This Row],[Fecha]]=0,"",_xlfn.CONCAT("Sem ",WEEKNUM(Table_GV[[#This Row],[Fecha]],2))) -> Sem 11 | AD54: =+IF(S54>=15.05,S54,0) -> 0
B55: 46093 | C55: GV-260297 | E55: SMCV | F55: 3A-M | G55: Sp 36 | H55: 1169.46 | I55: 456.99 | J55: 2512.37 | K55: 347.9 | L55: 100 | M55: 100 | N55: 99.425122 | O55: 96.349526 | P55: 84.823225 | Q55: 66.427134 | R55: 43.748204 | S55: 14.831848 | T55: A | U55: DN-261209 | V55: - | W55: GM | AC55: =IF(Table_GV[[#This Row],[Fecha]]=0,"",_xlfn.CONCAT("Sem ",WEEKNUM(Table_GV[[#This Row],[Fecha]],2))) -> Sem 11 | AD55: =+IF(S55>=15.05,S55,0) -> 0
B56: 46093 | C56: GV-260298 | E56: SMCV | F56: 2C-L | G56: Sp 31 | H56: 1012.08 | I56: 526.25 | J56: 2491.86 | K56: 371.7 | L56: 100 | M56: 100 | N56: 98.870056 | O56: 92.736077 | P56: 74.872209 | Q56: 53.241862 | R56: 32.176486 | S56: 11.568469 | T56: A | U56: DN-261214 | V56: - | W56: GM | AC56: =IF(Table_GV[[#This Row],[Fecha]]=0,"",_xlfn.CONCAT("Sem ",WEEKNUM(Table_GV[[#This Row],[Fecha]],2))) -> Sem 11 | AD56: =+IF(S56>=15.05,S56,0) -> 0
B57: 46093 | C57: GV-260299 | E57: SMCV | F57: 3A-L | G57: Sp 36 | H57: 1164.51 | I57: 526.41 | J57: 2492.06 | K57: 342.2 | L57: 100 | M57: 100 | N57: 98.568089 | O57: 92.285213 | P57: 75.97896 | Q57: 54.90941 | R57: 33.95675 | S57: 10.461718 | T57: A | U57: DN-261216 | V57: - | W57: GM | AC57: =IF(Table_GV[[#This Row],[Fecha]]=0,"",_xlfn.CONCAT("Sem ",WEEKNUM(Table_GV[[#This Row],[Fecha]],2))) -> Sem 11 | AD57: =+IF(S57>=15.05,S57,0) -> 0
B58: 46093 | C58: GV-260300 | E58: SMCV | F58: 2B-H | G58: Sp 25 | H58: 803.52 | I58: 66.11 | J58: 2626.22 | K58: 358.4 | L58: 100 | M58: 100 | N58: 98.967634 | O58: 93.722098 | P58: 77.901786 | Q58: 55.77567 | R58: 35.63058 | S58: 13.002232 | T58: B | U58: DN-261224 | V58: - | W58: GT | AC58: =IF(Table_GV[[#This Row],[Fecha]]=0,"",_xlfn.CONCAT("Sem ",WEEKNUM(Table_GV[[#This Row],[Fecha]],2))) -> Sem 11 | AD58: =+IF(S58>=15.05,S58,0) -> 0
B59: 46093 | C59: GV-260301 | E59: SMCV | F59: 2C-H | G59: Sp 30 | H59: 982.19 | I59: 52.74 | J59: 2628.65 | K59: 386.7 | L59: 100 | M59: 100 | N59: 99.146625 | O59: 94.207396 | P59: 78.562193 | Q59: 56.917507 | R59: 34.109129 | S59: 11.093871 | T59: B | U59: DN-261226 | V59: - | W59: GT | AC59: =IF(Table_GV[[#This Row],[Fecha]]=0,"",_xlfn.CONCAT("Sem ",WEEKNUM(Table_GV[[#This Row],[Fecha]],2))) -> Sem 11 | AD59: =+IF(S59>=15.05,S59,0) -> 0
B60: 46093 | C60: GV-260302 | E60: SMCV | F60: 4A-H | G60: Sp 53 | H60: 1731.9 | I60: -76.19 | J60: 2635.6 | K60: 339.3 | L60: 100 | M60: 100 | N60: 99.056882 | O60: 94.252874 | P60: 79.13351 | Q60: 56.793398 | R60: 34.98379 | S60: 10.904804 | T60: B | U60: FN-525 | V60: Delimitación | W60: GT | X60: Asociado a FN-525 | AC60: =IF(Table_GV[[#This Row],[Fecha]]=0,"",_xlfn.CONCAT("Sem ",WEEKNUM(Table_GV[[#This Row],[Fecha]],2))) -> Sem 11 | AD60: =+IF(S60>=15.05,S60,0) -> 0
B61: 46094 | C61: GV-260303 | E61: SMCV | F61: 2B-L | G61: Sp 27 | H61: 863.52 | I61: 508.43 | J61: 2501.47 | K61: 382.1 | L61: 100 | M61: 100 | N61: 98.691442 | O61: 92.462706 | P61: 76.341272 | Q61: 56.189479 | R61: 34.938498 | S61: 11.646166 | T61: A | U61: DN-261232 | V61: - | W61: GT | AC61: =IF(Table_GV[[#This Row],[Fecha]]=0,"",_xlfn.CONCAT("Sem ",WEEKNUM(Table_GV[[#This Row],[Fecha]],2))) -> Sem 11 | AD61: =+IF(S61>=15.05,S61,0) -> 0
B62: 46094 | C62: GV-260304 | E62: SMCV | F62: 2A-L | G62: Sp 21 | H62: 690.81 | I62: 538.19 | J62: 2509.31 | K62: 363 | L62: 100 | M62: 100 | N62: 98.870523 | O62: 93.360882 | P62: 78.016529 | Q62: 56.721763 | R62: 35.482094 | S62: 11.019284 | T62: A | U62: DN-261236 | V62: - | W62: GT | AC62: =IF(Table_GV[[#This Row],[Fecha]]=0,"",_xlfn.CONCAT("Sem ",WEEKNUM(Table_GV[[#This Row],[Fecha]],2))) -> Sem 11 | AD62: =+IF(S62>=15.05,S62,0) -> 0
B63: 46094 | C63: GV-260305 | E63: SMCV | F63: 2B-M | G63: Sp 26 | H63: 852.96 | I63: 365.38 | J63: 2542.74 | K63: 491.7 | L63: 100 | M63: 99.938987 | N63: 98.962782 | O63: 93.959732 | P63: 79.886109 | Q63: 59.93492 | R63: 39.007525 | S63: 13.016067 | T63: B | U63: DN-261243 | V63: - | W63: GT | AC63: =IF(Table_GV[[#This Row],[Fecha]]=0,"",_xlfn.CONCAT("Sem ",WEEKNUM(Table_GV[[#This Row],[Fecha]],2))) -> Sem 11 | AD63: =+IF(S63>=15.05,S63,0) -> 0
B64: 46095 | C64: GV-260306 | E64: SMCV | F64: 2A-M | G64: Sp 23 | H64: 736.54 | I64: 269.42 | J64: 2576.98 | K64: 388.1 | L64: 100 | M64: 99.9227 | N64: 98.660139 | O64: 92.527699 | P64: 76.629735 | Q64: 56.789487 | R64: 35.506313 | S64: 11.569183 | T64: A | U64: DN-261245 | V64: - | W64: GT | AC64: =IF(Table_GV[[#This Row],[Fecha]]=0,"",_xlfn.CONCAT("Sem ",WEEKNUM(Table_GV[[#This Row],[Fecha]],2))) -> Sem 11 | AD64: =+IF(S64>=15.05,S64,0) -> 0
B65: 46095 | C65: GV-260307 | E65: SMCV | F65: 1C-M | G65: Sp 18 | H65: 597.48 | I65: 346.49 | J65: 2564.46 | K65: 315.2 | L65: 100 | M65: 100 | N65: 98.889594 | O65: 93.305838 | P65: 78.39467 | Q65: 58.629442 | R65: 38.293147 | S65: 13.19797 | T65: A | U65: DN-261248 | V65: - | W65: GT | AC65: =IF(Table_GV[[#This Row],[Fecha]]=0,"",_xlfn.CONCAT("Sem ",WEEKNUM(Table_GV[[#This Row],[Fecha]],2))) -> Sem 11 | AD65: =+IF(S65>=15.05,S65,0) -> 0
B66: 46095 | C66: GV-260308 | E66: SMCV | F66: 1C-M | G66: Sp 15 | H66: 491.4 | I66: 272.96 | J66: 2586.31 | K66: 471.1 | L66: 100 | M66: 100 | N66: 98.874973 | O66: 93.525791 | P66: 78.709404 | Q66: 58.416472 | R66: 37.720229 | S66: 12.4602 | T66: A | U66: FN-518 | V66: Re-test | W66: GT | X66: Asociado a FN -518 | AC66: =IF(Table_GV[[#This Row],[Fecha]]=0,"",_xlfn.CONCAT("Sem ",WEEKNUM(Table_GV[[#This Row],[Fecha]],2))) -> Sem 11 | AD66: =+IF(S66>=15.05,S66,0) -> 0
B67: 46095 | C67: GV-260309 | E67: SMCV | F67: 1C-M | G67: Sp 15 | H67: 494.28 | I67: 289.57 | J67: 2581.58 | K67: 363 | L67: 100 | M67: 100 | N67: 98.953168 | O67: 93.608815 | P67: 79.201102 | Q67: 60.46832 | R67: 38.898072 | S67: 14.214876 | T67: B | U67: DN-261254 | V67: - | W67: GT | AC67: =IF(Table_GV[[#This Row],[Fecha]]=0,"",_xlfn.CONCAT("Sem ",WEEKNUM(Table_GV[[#This Row],[Fecha]],2))) -> Sem 11 | AD67: =+IF(S67>=15.05,S67,0) -> 0
B68: 46095 | C68: GV-260310 | E68: SMCV | F68: 1C-M | G68: Sp 16 | H68: 538.21 | I68: 398 | J68: 2551.9 | K68: 404.7 | L68: 100 | M68: 99.950581 | N68: 98.468001 | O68: 92.018779 | P68: 76.352854 | Q68: 56.461576 | R68: 36.397331 | S68: 11.638251 | T68: B | U68: DN-261258 | V68: - | W68: GT | AC68: =IF(Table_GV[[#This Row],[Fecha]]=0,"",_xlfn.CONCAT("Sem ",WEEKNUM(Table_GV[[#This Row],[Fecha]],2))) -> Sem 11 | AD68: =+IF(S68>=15.05,S68,0) -> 0
B69: 46096 | C69: GV-260311 | E69: SMCV | F69: 3C-M | G69: Sp 49 | H69: 1621.33 | I69: 269.78 | J69: 2562.86 | K69: 285.8 | L69: 100 | M69: 100 | N69: 98.880336 | O69: 93.386984 | P69: 77.781666 | Q69: 57.487754 | R69: 35.549335 | S69: 11.896431 | T69: A | U69: DN-261264 | V69: - | W69: GT | AC69: =IF(Table_GV[[#This Row],[Fecha]]=0,"",_xlfn.CONCAT("Sem ",WEEKNUM(Table_GV[[#This Row],[Fecha]],2))) -> Sem 11 | AD69: =+IF(S69>=15.05,S69,0) -> 0
B70: 46096 | C70: GV-260312 | E70: SMCV | F70: 4B-H | G70: Sp 59 | H70: 1905.47 | I70: 185.85 | J70: 2565.54 | K70: 328.8 | L70: 100 | M70: 100 | N70: 99.026764 | O70: 93.765207 | P70: 79.379562 | Q70: 59.124088 | R70: 37.773723 | S70: 13.017032 | T70: A | U70: DN-261267 | V70: - | W70: GT | AC70: =IF(Table_GV[[#This Row],[Fecha]]=0,"",_xlfn.CONCAT("Sem ",WEEKNUM(Table_GV[[#This Row],[Fecha]],2))) -> Sem 11 | AD70: =+IF(S70>=15.05,S70,0) -> 0
B71: 46096 | C71: GV-260313 | E71: SMCV | F71: 4B-M | G71: Sp 54 | H71: 1761.25 | I71: 280.32 | J71: 2556.73 | K71: 318.11045 | L71: 100 | M71: 99.937129 | N71: 98.836882 | O71: 93.115599 | P71: 78.403727 | Q71: 57.467603 | R71: 36.971577 | S71: 13.206247 | T71: B | U71: DN-261272 | V71: - | W71: GT | AC71: =IF(Table_GV[[#This Row],[Fecha]]=0,"",_xlfn.CONCAT("Sem ",WEEKNUM(Table_GV[[#This Row],[Fecha]],2))) -> Sem 11 | AD71: =+IF(S71>=15.05,S71,0) -> 0
B72: 46096 | C72: GV-260314 | E72: SMCV | F72: 2C-H | G72: SA-OF | H72: 1072.37 | I72: -29.77 | J72: 2635.9 | K72: 312.5824 | L72: 100 | M72: 99.936017 | N72: 99.488135 | O72: 96.448936 | P72: 83.204429 | Q72: 62.185971 | R72: 40.335732 | S72: 12.535063 | T72: B | U72: DN-261275 | V72: - | W72: GT | AC72: =IF(Table_GV[[#This Row],[Fecha]]=0,"",_xlfn.CONCAT("Sem ",WEEKNUM(Table_GV[[#This Row],[Fecha]],2))) -> Sem 11 | AD72: =+IF(S72>=15.05,S72,0) -> 0
B73: 46097 | C73: GV-260315 | E73: SMCV | F73: 3B-M | G73: Sp 40 | H73: 1323.04 | I73: 290.16 | J73: 2560.97 | K73: 320.3 | L73: 100 | M73: 100 | N73: 98.657509 | O73: 92.788011 | P73: 78.051826 | Q73: 58.257883 | R73: 37.839525 | S73: 13.893225 | T73: A | U73: DN-261283 | V73: - | W73: GT | AC73: =IF(Table_GV[[#This Row],[Fecha]]=0,"",_xlfn.CONCAT("Sem ",WEEKNUM(Table_GV[[#This Row],[Fecha]],2))) -> Sem 12 | AD73: =+IF(S73>=15.05,S73,0) -> 0
B74: 46097 | C74: GV-260316 | E74: SMCV | F74: 3B-M | G74: Sp 44 | H74: 1451.74 | I74: 263.93 | J74: 2567.96 | K74: 355.6 | L74: 100 | M74: 100 | N74: 98.67829 | O74: 92.097863 | P74: 74.465692 | Q74: 53.233971 | R74: 32.170979 | S74: 10.461192 | T74: A | U74: DN-261286 | V74: - | W74: GT | AC74: =IF(Table_GV[[#This Row],[Fecha]]=0,"",_xlfn.CONCAT("Sem ",WEEKNUM(Table_GV[[#This Row],[Fecha]],2))) -> Sem 12 | AD74: =+IF(S74>=15.05,S74,0) -> 0
B75: 46097 | C75: GV-260317 | E75: SMCV | F75: 3C-M | G75: Sp 47 | H75: 1550.21 | I75: 474.91 | J75: 2505.21 | K75: 269 | L75: 100 | M75: 100 | N75: 98.847584 | O75: 93.3829 | P75: 78.215613 | Q75: 58.178439 | R75: 36.394052 | S75: 12.60223 | T75: A | U75: DN-261293 | V75: - | W75: GT | AC75: =IF(Table_GV[[#This Row],[Fecha]]=0,"",_xlfn.CONCAT("Sem ",WEEKNUM(Table_GV[[#This Row],[Fecha]],2))) -> Sem 12 | AD75: =+IF(S75>=15.05,S75,0) -> 0
B76: 46097 | C76: GV-260318 | E76: SMCV | F76: 3B-M | G76: Sp 44 | H76: 1445.57 | I76: 454.34 | J76: 2511.55 | K76: 382.74444 | L76: 100 | M76: 100 | N76: 99.059425 | O76: 93.807879 | P76: 79.359596 | Q76: 59.424623 | R76: 38.627457 | S76: 13.284176 | T76: B | U76: DN-261296 | V76: - | W76: GT | AC76: =IF(Table_GV[[#This Row],[Fecha]]=0,"",_xlfn.CONCAT("Sem ",WEEKNUM(Table_GV[[#This Row],[Fecha]],2))) -> Sem 12 | AD76: =+IF(S76>=15.05,S76,0) -> 0
B77: 46097 | C77: GV-260319 | E77: SMCV | F77: 3B-L | G77: Sp 41 | H77: 1342 | I77: 506.16 | J77: 2497.41 | K77: 421.33454 | L77: 100 | M77: 100 | N77: 99.145572 | O77: 93.425652 | P77: 79.066516 | Q77: 58.394107 | R77: 37.38942 | S77: 12.563542 | T77: B | U77: DN-261298 | V77: - | W77: GT | AC77: =IF(Table_GV[[#This Row],[Fecha]]=0,"",_xlfn.CONCAT("Sem ",WEEKNUM(Table_GV[[#This Row],[Fecha]],2))) -> Sem 12 | AD77: =+IF(S77>=15.05,S77,0) -> 0
B78: 46098 | C78: GV-260320 | E78: SMCV | F78: 3A-M | G78: Sp 38 | H78: 1235.93 | I78: 425.38 | J78: 2521.44 | K78: 431.6 | L78: 100 | M78: 100 | N78: 98.887859 | O78: 93.211307 | P78: 77.710843 | Q78: 57.182576 | R78: 36.909175 | S78: 13.762743 | T78: A | U78: DN-261302 | V78: - | W78: GT | AC78: =IF(Table_GV[[#This Row],[Fecha]]=0,"",_xlfn.CONCAT("Sem ",WEEKNUM(Table_GV[[#This Row],[Fecha]],2))) -> Sem 12 | AD78: =+IF(S78>=15.05,S78,0) -> 0
... B126: 46107 | C126: GV-260368 | E126: SMCV | F126: 4B-H | G126: Sp 59 | H126: 1887.22 | I126: -16.08 | J126: 2610.33 | K126: 368.7 | L126: 100 | M126: 99.945755 | N126: 99.349064 | O126: 95.524817 | P126: 81.828044 | Q126: 59.669108 | R126: 35.692975 | S126: 11.988066 | T126: A | U126: DN-261509 | V126: - | W126: FV | AC126: =IF(Table_GV[[#This Row],[Fecha]]=0,"",_xlfn.CONCAT("Sem ",WEEKNUM(Table_GV[[#This Row],[Fecha]],2))) -> Sem 13 | AD126: =+IF(S126>=15.05,S126,0) -> 0
B127: 46107 | C127: GV-260369 | E127: SMCV | F127: 4C-H | G127: Sp 61 | H127: 1777.37 | I127: -40.5 | J127: 2635.04 | K127: 315.6 | L127: 100 | M127: 100 | N127: 99.271229 | O127: 95.690748 | P127: 82.382763 | Q127: 61.311787 | R127: 37.769328 | S127: 12.294043 | T127: B | U127: DN-261507 | V127: Adyacente | W127: FV | X127: ASOCIADO FN-530 | AC127: =IF(Table_GV[[#This Row],[Fecha]]=0,"",_xlfn.CONCAT("Sem ",WEEKNUM(Table_GV[[#This Row],[Fecha]],2))) -> Sem 13 | AD127: =+IF(S127>=15.05,S127,0) -> 0
B128: 46107 | C128: GV-260370 | E128: SMCV | F128: 2B-H | G128: Sp 27 | H128: 866.8 | I128: 34.67 | J128: 2634.38 | K128: 451.7 | L128: 100 | M128: 100 | N128: 98.981625 | O128: 93.424839 | P128: 78.127075 | Q128: 57.427496 | R128: 36.351561 | S128: 12.309055 | T128: B | U128: DN-261516 | V128: - | W128: FV | AC128: =IF(Table_GV[[#This Row],[Fecha]]=0,"",_xlfn.CONCAT("Sem ",WEEKNUM(Table_GV[[#This Row],[Fecha]],2))) -> Sem 13 | AD128: =+IF(S128>=15.05,S128,0) -> 0
B129: 46107 | C129: GV-260371 | E129: SMCV | F129: 4A-H | G129: Sp 52 | H129: 1713.38 | I129: 14.82 | J129: 2634.83 | K129: 371.3 | L129: 100 | M129: 100 | N129: 99.380555 | O129: 95.987072 | P129: 83.652033 | Q129: 61.378939 | R129: 37.732292 | S129: 12.442769 | T129: B | U129: DN-261523 | V129: - | W129: FV | AC129: =IF(Table_GV[[#This Row],[Fecha]]=0,"",_xlfn.CONCAT("Sem ",WEEKNUM(Table_GV[[#This Row],[Fecha]],2))) -> Sem 13 | AD129: =+IF(S129>=15.05,S129,0) -> 0
B130: 46107 | C130: GV-260372 | E130: SMCV | F130: 4B-H | G130: Sp 56 | H130: 1824.89 | I130: 57.94 | J130: 2604.15 | K130: 384.5 | L130: 100 | M130: 100 | N130: 99.297789 | O130: 95.370611 | P130: 81.53446 | Q130: 60.364109 | R130: 36.80104 | S130: 12.43173 | T130: B | U130: DN-261527 | V130: - | W130: FV | AC130: =IF(Table_GV[[#This Row],[Fecha]]=0,"",_xlfn.CONCAT("Sem ",WEEKNUM(Table_GV[[#This Row],[Fecha]],2))) -> Sem 13 | AD130: =+IF(S130>=15.05,S130,0) -> 0
B131: 46108 | C131: GV-260373 | E131: SMCV | F131: 1C-H | G131: Sp 15 | H131: 473.57 | I131: 202.63 | J131: 2608.591 | K131: 431.9 | L131: 100 | M131: 99.953693 | N131: 98.934939 | O131: 93.586478 | P131: 78.212549 | Q131: 57.189164 | R131: 36.23524 | S131: 12.201899 | T131: A | U131: DN-261532 | V131: - | W131: FV | AC131: =IF(Table_GV[[#This Row],[Fecha]]=0,"",_xlfn.CONCAT("Sem ",WEEKNUM(Table_GV[[#This Row],[Fecha]],2))) -> Sem 13 | AD131: =+IF(S131>=15.05,S131,0) -> 0
B132: 46108 | C132: GV-260374 | E132: SMCV | F132: 1C-H | G132: Sp 18 | H132: 588.29 | I132: 111.69 | J132: 2633.995 | K132: 326.9 | L132: 100 | M132: 99.96941 | N132: 99.265831 | O132: 95.166718 | P132: 83.022331 | Q132: 63.658611 | R132: 41.694708 | S132: 13.582135 | T132: A | U132: DN-261534 | V132: - | W132: FV | AC132: =IF(Table_GV[[#This Row],[Fecha]]=0,"",_xlfn.CONCAT("Sem ",WEEKNUM(Table_GV[[#This Row],[Fecha]],2))) -> Sem 13 | AD132: =+IF(S132>=15.05,S132,0) -> 0
B133: 46108 | C133: GV-260375 | E133: SMCV | F133: 2A-H | G133: Sp 24 | H133: 756.95 | I133: 132.13 | J133: 2613.148 | K133: 323.3 | L133: 100 | M133: 99.814414 | N133: 98.546242 | O133: 91.710486 | P133: 74.729354 | Q133: 53.912775 | R133: 32.353851 | S133: 10.57841 | T133: A | U133: DN-261537 | V133: - | W133: FV | AC133: =IF(Table_GV[[#This Row],[Fecha]]=0,"",_xlfn.CONCAT("Sem ",WEEKNUM(Table_GV[[#This Row],[Fecha]],2))) -> Sem 13 | AD133: =+IF(S133>=15.05,S133,0) -> 0
B134: 46108 | C134: GV-260376 | E134: SMCV | F134: 3B-M | G134: Sp 39 | H134: 1289.51 | I134: 494.19 | J134: 2501.27 | K134: 326 | L134: 100 | M134: 100 | N134: 99.325153 | O134: 95.552147 | P134: 83.527607 | Q134: 63.650307 | R134: 41.134969 | S134: 13.435583 | T134: B | U134: DN-261545 | V134: - | W134: GM | AC134: =IF(Table_GV[[#This Row],[Fecha]]=0,"",_xlfn.CONCAT("Sem ",WEEKNUM(Table_GV[[#This Row],[Fecha]],2))) -> Sem 13 | AD134: =+IF(S134>=15.05,S134,0) -> 0
B135: 46108 | C135: GV-260377 | E135: SMCV | F135: 4B-M | G135: Dren C7 | H135: 1794.11 | I135: 452.71 | J135: 2503.66 | K135: 294.4 | L135: 100 | M135: 100 | N135: 99.388587 | O135: 95.822011 | P135: 84.205163 | Q135: 64.19837 | R135: 41.508152 | S135: 13.552989 | T135: B | U135: DN-261549 | V135: - | W135: GM | AC135: =IF(Table_GV[[#This Row],[Fecha]]=0,"",_xlfn.CONCAT("Sem ",WEEKNUM(Table_GV[[#This Row],[Fecha]],2))) -> Sem 13 | AD135: =+IF(S135>=15.05,S135,0) -> 0
B136: 46108 | C136: GV-260378 | E136: SMCV | F136: 4A-L | G136: Dren C7 | H136: 1661.04 | I136: 548.55 | J136: 2481.33 | K136: 418.7 | L136: 100 | M136: 100 | N136: 99.474564 | O136: 96.560783 | P136: 85.932649 | Q136: 65.679484 | R136: 41.676618 | S136: 12.753762 | T136: B | U136: DN-261554 | V136: - | W136: GM | AC136: =IF(Table_GV[[#This Row],[Fecha]]=0,"",_xlfn.CONCAT("Sem ",WEEKNUM(Table_GV[[#This Row],[Fecha]],2))) -> Sem 13 | AD136: =+IF(S136>=15.05,S136,0) -> 0
B137: 46108 | C137: GV-260379 | E137: SMCV | F137: 3C-M | G137: Sp 49 | H137: 1622.03 | I137: 431.25 | J137: 2518.86 | K137: 397.6 | L137: 100 | M137: 100 | N137: 99.471831 | O137: 96.504024 | P137: 85.663984 | Q137: 65.140845 | R137: 40.618712 | S137: 14.587525 | T137: B | U137: DN-261557 | V137: - | W137: GM | AC137: =IF(Table_GV[[#This Row],[Fecha]]=0,"",_xlfn.CONCAT("Sem ",WEEKNUM(Table_GV[[#This Row],[Fecha]],2))) -> Sem 13 | AD137: =+IF(S137>=15.05,S137,0) -> 0
B138: 46109 | C138: GV-260380 | E138: SMCV | F138: 3B-M | G138: Sp 39 | H138: 1285.26 | I138: 311.19 | J138: 2555.053 | K138: 390 | L138: 100 | M138: 100 | N138: 99.615385 | O138: 97.128205 | P138: 86.461538 | Q138: 66.25641 | R138: 41.205128 | S138: 12.820513 | T138: A | U138: DN-261562 | V138: - | W138: GM | AC138: =IF(Table_GV[[#This Row],[Fecha]]=0,"",_xlfn.CONCAT("Sem ",WEEKNUM(Table_GV[[#This Row],[Fecha]],2))) -> Sem 13 | AD138: =+IF(S138>=15.05,S138,0) -> 0
B139: 46109 | C139: GV-260381 | E139: SMCV | F139: 3C-M | G139: Sp 47 | H139: 1553.79 | I139: 356.28 | J139: 2541.638 | K139: 403.3 | L139: 100 | M139: 100 | N139: 99.107364 | O139: 94.545004 | P139: 80.213241 | Q139: 59.831391 | R139: 37.044384 | S139: 12.44731 | T139: A | U139: DN-261565 | V139: - | W139: GM | AC139: =IF(Table_GV[[#This Row],[Fecha]]=0,"",_xlfn.CONCAT("Sem ",WEEKNUM(Table_GV[[#This Row],[Fecha]],2))) -> Sem 13 | AD139: =+IF(S139>=15.05,S139,0) -> 0
... B143: 46110 | C143: GV-260385 | E143: SMCV | F143: 1B-H | G143: Sp 11 | H143: 353.09 | I143: 137.09 | J143: 2625.822 | K143: 301.5 | L143: 100 | M143: 100 | N143: 99.568823 | O143: 97.014925 | P143: 85.140962 | Q143: 64.543947 | R143: 39.270315 | S143: 11.807629 | T143: A | U143: DN-261578 | V143: - | W143: GM | AC143: =IF(Table_GV[[#This Row],[Fecha]]=0,"",_xlfn.CONCAT("Sem ",WEEKNUM(Table_GV[[#This Row],[Fecha]],2))) -> Sem 13 | AD143: =+IF(S143>=15.05,S143,0) -> 0
B144: 46110 | C144: GV-260386 | E144: SMCV | F144: 1A-H | G144: Sp 4 | H144: 99.84 | I144: 147.08 | J144: 2615.004 | K144: 354 | L144: 100 | M144: 100 | N144: 98.954802 | O144: 93.644068 | P144: 78.785311 | Q144: 57.711864 | R144: 37.344633 | S144: 12.344633 | T144: A | U144: Acopio Rep. Erosión 02 | V144: - | W144: GM | X144: Acopio Rep. Erosión 02 | AC144: =IF(Table_GV[[#This Row],[Fecha]]=0,"",_xlfn.CONCAT("Sem ",WEEKNUM(Table_GV[[#This Row],[Fecha]],2))) -> Sem 13 | AD144: =+IF(S144>=15.05,S144,0) -> 0
B145: 46110 | C145: GV-260387 | E145: SMCV | F145: 3A-M | G145: Sp 37 | H145: 1214.24 | I145: 438.4 | J145: 2518.61 | K145: 255 | L145: 100 | M145: 100 | N145: 99.254902 | O145: 94.588235 | P145: 80.509804 | Q145: 60.078431 | R145: 38.431373 | S145: 13.215686 | T145: B | U145: DN-261589 | V145: - | W145: GM | AC145: =IF(Table_GV[[#This Row],[Fecha]]=0,"",_xlfn.CONCAT("Sem ",WEEKNUM(Table_GV[[#This Row],[Fecha]],2))) -> Sem 13 | AD145: =+IF(S145>=15.05,S145,0) -> 0
B146: 46110 | C146: GV-260388 | E146: SMCV | F146: 2B-L | G146: Sp 29 | H146: 932.16 | I146: 548.4 | J146: 2487.3 | K146: 287.3 | L146: 100 | M146: 100 | N146: 98.955795 | O146: 93.595545 | P146: 78.907066 | Q146: 58.440654 | R146: 37.312913 | S146: 12.391229 | T146: B | U146: DN-261594 | V146: - | W146: GM | AC146: =IF(Table_GV[[#This Row],[Fecha]]=0,"",_xlfn.CONCAT("Sem ",WEEKNUM(Table_GV[[#This Row],[Fecha]],2))) -> Sem 13 | AD146: =+IF(S146>=15.05,S146,0) -> 0
B147: 46110 | C147: GV-260389 | E147: SMCV | F147: 2C-L | G147: Sp 32 | H147: 1049.62 | I147: 638.01 | J147: 2462.53 | K147: 278.5 | L147: 100 | M147: 100 | N147: 98.994614 | O147: 94.32675 | P147: 79.497307 | Q147: 59.425494 | R147: 37.881508 | S147: 13.572711 | T147: B | U147: DN-261594 | V147: - | W147: GM | AC147: =IF(Table_GV[[#This Row],[Fecha]]=0,"",_xlfn.CONCAT("Sem ",WEEKNUM(Table_GV[[#This Row],[Fecha]],2))) -> Sem 13 | AD147: =+IF(S147>=15.05,S147,0) -> 0
B148: 46111 | C148: GV-260390 | E148: SMCV | F148: 3A-M | G148: Sp 34 | H148: 1121.74 | I148: 337.76 | J148: 2549.734 | K148: 371.7 | L148: 100 | M148: 99.865483 | N148: 99.112187 | O148: 94.56551 | P148: 80.333602 | Q148: 59.13371 | R148: 37.180522 | S148: 12.160344 | T148: A | U148: DN-261603 | V148: - | W148: GM | AC148: =IF(Table_GV[[#This Row],[Fecha]]=0,"",_xlfn.CONCAT("Sem ",WEEKNUM(Table_GV[[#This Row],[Fecha]],2))) -> Sem 14 | AD148: =+IF(S148>=15.05,S148,0) -> 0
B149: 46111 | C149: GV-260391 | E149: SMCV | F149: 3A-M | G149: Sp 37 | H149: 1213.13 | I149: 372.2 | J149: 2538.449 | K149: 413.7 | L149: 100 | M149: 99.975828 | N149: 99.129804 | O149: 94.174523 | P149: 78.41431 | Q149: 56.973652 | R149: 35.315446 | S149: 11.989364 | T149: A | U149: DN-261606 | V149: - | W149: GM | AC149: =IF(Table_GV[[#This Row],[Fecha]]=0,"",_xlfn.CONCAT("Sem ",WEEKNUM(Table_GV[[#This Row],[Fecha]],2))) -> Sem 14 | AD149: =+IF(S149>=15.05,S149,0) -> 0
B150: 46111 | C150: GV-260392 | E150: SMCV | F150: 2C-M | G150: Sp 33 | H150: 1092.31 | I150: 258.13 | J150: 2569.31 | K150: 234 | L150: 100 | M150: 100 | N150: 98.931624 | O150: 93.888889 | P150: 79.316239 | Q150: 58.974359 | R150: 37.179487 | S150: 12.905983 | T150: B | U150: DN-261608 | V150: - | W150: GM | AC150: =IF(Table_GV[[#This Row],[Fecha]]=0,"",_xlfn.CONCAT("Sem ",WEEKNUM(Table_GV[[#This Row],[Fecha]],2))) -> Sem 14 | AD150: =+IF(S150>=15.05,S150,0) -> 0
B151: 46111 | C151: GV-260393 | E151: SMCV | F151: 2C-M | G151: Sp 32 | H151: 1029.98 | I151: 329.22 | J151: 2552.41 | K151: 295.1 | L151: 100 | M151: 100 | N151: 98.881735 | O151: 93.053202 | P151: 77.228058 | Q151: 55.235513 | R151: 34.39512 | S151: 10.877669 | T151: B | U151: DN-261612 | V151: - | W151: GM | AC151: =IF(Table_GV[[#This Row],[Fecha]]=0,"",_xlfn.CONCAT("Sem ",WEEKNUM(Table_GV[[#This Row],[Fecha]],2))) -> Sem 14 | AD151: =+IF(S151>=15.05,S151,0) -> 0
B152: 46111 | C152: GV-260394 | E152: SMCV | F152: 2B-M | G152: Sp 26 | H152: 852.76 | I152: 436.2 | J152: 2522.69 | K152: 292.1 | L152: 100 | M152: 100 | N152: 99.315303 | O152: 95.34406 | P152: 82.300582 | Q152: 62.957891 | R152: 40.534064 | S152: 13.865115 | T152: B | U152: DN-261617 | V152: - | W152: GM | AC152: =IF(Table_GV[[#This Row],[Fecha]]=0,"",_xlfn.CONCAT("Sem ",WEEKNUM(Table_GV[[#This Row],[Fecha]],2))) -> Sem 14 | AD152: =+IF(S152>=15.05,S152,0) -> 0
B153: 46112 | C153: GV-260395 | E153: SMCV | F153: 1A-H | G153: Plataforma | H153: 78.28 | I153: 14.63 | J153: 2636.135 | K153: 324.3 | L153: 100 | M153: 100 | N153: 99.259944 | O153: 95.497996 | P153: 82.886216 | Q153: 63.058896 | R153: 39.469627 | S153: 12.519272 | T153: A | U153: DN-261622 | V153: - | W153: GM | AC153: =IF(Table_GV[[#This Row],[Fecha]]=0,"",_xlfn.CONCAT("Sem ",WEEKNUM(Table_GV[[#This Row],[Fecha]],2))) -> Sem 14 | AD153: =+IF(S153>=15.05,S153,0) -> 0
...

Sheet Granulometrias Cono de Arena
C2: Control de Calidad
C3: PRESA DE RELAVES | F3: RESUMEN DE GRANULOMETRIAS DE LOS RELAVES EN EL DIQUE DE LA PRESA | Y3: Sin Formula
F4: =+B9 -> 46082 | Y4: revisar
M7: Nº 8 | N7: Nº 16 | O7: Nº 30 | P7: Nº 40 | Q7: Nº 50 | R7: Nº 70 | S7: Nº 100 | T7: Nº 200
B8: Fecha | C8: Código | D8: Hora | E8: Ejecutor | F8: Cancha | G8: Sp, Sb | H8: Este-Oeste | I8: Sur-Norte | J8: Cota | K8: Ensayo | L8: Peso de muestra (g) | M8: 2360 | N8: 1180 | O8: 600 | P8: 425 | Q8: 300 | R8: 212 | S8: 150 | T8: 75 | U8: Resp | V8: Turno | W8: Observaciones | X8: Semana | Y8: Falla
B9: 46082 | C9: CA-260102 | E9: SMCV | F9: 4B-H | G9: Sp 57 | H9: 1845.17 | I9: 98.61 | J9: 2590.66 | K9: Cono de arena | L9: 332.1 | M9: 100 | N9: 100 | O9: 98.614875 | P9: 92.622704 | Q9: 76.96477 | R9: 56.519121 | S9: 35.350798 | T9: 13.158687 | U9: GM | V9: A | X9: =IF(Table_GCA[[#This Row],[Fecha]]=0,"",_xlfn.CONCAT("Sem ",WEEKNUM(Table_GCA[[#This Row],[Fecha]],2))) -> Sem 9 | Y9: =+IF(T9>=15.05,T9,0) -> 0
B10: 46082 | C10: CA-260103 | E10: SMCV | F10: 2A-H | G10: Plataforma | H10: 661.66 | I10: 45.54 | J10: 2635.6 | K10: Cono de arena | L10: 319.6 | M10: 100 | N10: 100 | O10: 98.998748 | P10: 93.585732 | Q10: 77.377972 | R10: 55.97622 | S10: 35.294118 | T10: 11.98373 | U10: GM | V10: A1 | X10: =IF(Table_GCA[[#This Row],[Fecha]]=0,"",_xlfn.CONCAT("Sem ",WEEKNUM(Table_GCA[[#This Row],[Fecha]],2))) -> Sem 9 | Y10: =+IF(T10>=15.05,T10,0) -> 0
B11: 46083 | C11: CA-260104 | E11: SMCV | F11: 2B-H | G11: P.76 UF | H11: 818.24 | I11: 19.36 | J11: 2635.61 | K11: Cono de arena | L11: 293.3 | M11: 100 | N11: 100 | O11: 98.772588 | P11: 91.783157 | Q11: 72.690078 | R11: 50.937607 | S11: 29.526083 | T11: 10.398909 | U11: GM | V11: A | X11: =IF(Table_GCA[[#This Row],[Fecha]]=0,"",_xlfn.CONCAT("Sem ",WEEKNUM(Table_GCA[[#This Row],[Fecha]],2))) -> Sem 10 | Y11: =+IF(T11>=15.05,T11,0) -> 0
B12: 46084 | C12: CA-260105 | E12: SMCV | F12: 3C-H | G12: Sp 45 | H12: 1478.91 | I12: 48.98 | J12: 2630.09 | K12: Cono de arena | L12: 338.3 | M12: 100 | N12: 99.940881 | O12: 98.64026 | P12: 92.284954 | Q12: 76.32279 | R12: 55.365061 | S12: 34.525569 | T12: 10.8188 | U12: GT | V12: A | X12: =IF(Table_GCA[[#This Row],[Fecha]]=0,"",_xlfn.CONCAT("Sem ",WEEKNUM(Table_GCA[[#This Row],[Fecha]],2))) -> Sem 10 | Y12: =+IF(T12>=15.05,T12,0) -> 0
B13: 46084 | C13: CA-260106 | E13: SMCV | F13: 2C-L | G13: Sp 33 | H13: 1085.92 | I13: 590.98 | J13: 2472.27 | K13: Cono de arena | L13: 359.81933 | M13: 100 | N13: 100 | O13: 98.443663 | P13: 91.968191 | Q13: 74.237071 | R13: 52.698484 | S13: 32.549483 | T13: 11.06648 | U13: GT | V13: B | X13: =IF(Table_GCA[[#This Row],[Fecha]]=0,"",_xlfn.CONCAT("Sem ",WEEKNUM(Table_GCA[[#This Row],[Fecha]],2))) -> Sem 10 | Y13: =+IF(T13>=15.05,T13,0) -> 0
B14: 46085 | C14: CA-260107 | E14: SMCV | F14: 2C-L | G14: Sp 33 | H14: 1085.92 | I14: 590.98 | J14: 2472.27 | K14: Cono de arena | L14: 359.81933 | M14: 100 | N14: 100 | O14: 98.443663 | P14: 91.968191 | Q14: 74.237071 | R14: 52.698484 | S14: 32.549483 | T14: 11.06648 | U14: GT | V14: A | X14: =IF(Table_GCA[[#This Row],[Fecha]]=0,"",_xlfn.CONCAT("Sem ",WEEKNUM(Table_GCA[[#This Row],[Fecha]],2))) -> Sem 10 | Y14: =+IF(T14>=15.05,T14,0) -> 0
B15: 46085 | C15: CA-260108 | E15: SMCV | F15: 2C-H | G15: Sp 30 | H15: 972.92 | I15: 228.97 | J15: 2577.48 | K15: Cono de arena | L15: 428.99511 | M15: 100 | N15: 99.930069 | O15: 98.997658 | P15: 94.219048 | Q15: 80.489288 | R15: 60.675543 | S15: 40.022627 | T15: 14.614412 | U15: GT | V15: B | X15: =IF(Table_GCA[[#This Row],[Fecha]]=0,"",_xlfn.CONCAT("Sem ",WEEKNUM(Table_GCA[[#This Row],[Fecha]],2))) -> Sem 10 | Y15: =+IF(T15>=15.05,T15,0) -> 0
B16: 46086 | C16: CA-260109 | E16: SMCV | F16: 2C-L | G16: Sp 33 | H16: 1543.86 | I16: -25.24 | J16: 2635.9 | K16: Cono de arena | L16: 359.81933 | M16: 100 | N16: 100 | O16: 98.443663 | P16: 91.968191 | Q16: 74.237071 | R16: 52.698484 | S16: 32.549483 | T16: 11.06648 | U16: GT | V16: A | X16: =IF(Table_GCA[[#This Row],[Fecha]]=0,"",_xlfn.CONCAT("Sem ",WEEKNUM(Table_GCA[[#This Row],[Fecha]],2))) -> Sem 10 | Y16: =+IF(T16>=15.05,T16,0) -> 0
B17: 46086 | C17: CA-260110 | E17: SMCV | F17: 2C-L | G17: Sp 33 | H17: 883.1 | I17: 612.92 | J17: 2469.85 | K17: Cono de arena | L17: 359.81933 | M17: 100 | N17: 100 | O17: 98.443663 | P17: 91.968191 | Q17: 74.237071 | R17: 52.698484 | S17: 32.549483 | T17: 11.06648 | U17: GT | V17: A1 | X17: =IF(Table_GCA[[#This Row],[Fecha]]=0,"",_xlfn.CONCAT("Sem ",WEEKNUM(Table_GCA[[#This Row],[Fecha]],2))) -> Sem 10 | Y17: =+IF(T17>=15.05,T17,0) -> 0
B18: 46086 | C18: CA-260111 | E18: SMCV | F18: 1C-M | G18: Sp 17 | H18: 565.53 | I18: 298.68 | J18: 2578.52 | K18: Cono de arena | L18: 395.50079 | M18: 100 | N18: 99.898862 | O18: 98.887486 | P18: 93.729469 | Q18: 79.696627 | R18: 60.783896 | S18: 41.239055 | T18: 13.198655 | U18: GT | V18: B | X18: =IF(Table_GCA[[#This Row],[Fecha]]=0,"",_xlfn.CONCAT("Sem ",WEEKNUM(Table_GCA[[#This Row],[Fecha]],2))) -> Sem 10 | Y18: =+IF(T18>=15.05,T18,0) -> 0
B19: 46087 | C19: CA-260112 | E19: SMCV | F19: 2A-M | G19: Sp 21 | H19: 676.36 | I19: 321.32 | J19: 2570.06 | K19: Cono de arena | L19: 433.5 | M19: 100 | N19: 100 | O19: 98.800461 | P19: 93.171857 | Q19: 78.93887 | R19: 59.377163 | S19: 39.331027 | T19: 13.61015 | U19: GT | V19: A | X19: =IF(Table_GCA[[#This Row],[Fecha]]=0,"",_xlfn.CONCAT("Sem ",WEEKNUM(Table_GCA[[#This Row],[Fecha]],2))) -> Sem 10 | Y19: =+IF(T19>=15.05,T19,0) -> 0
B20: 46088 | C20: CA-260113 | E20: SMCV | F20: 1A-H | G20: Plataforma | H20: 242.4 | I20: 59.97 | J20: 2635.9 | K20: Cono de arena | L20: 437.9 | M20: 100 | N20: 99.931491 | O20: 99.474766 | P20: 95.775291 | Q20: 81.66248 | R20: 61.269696 | S20: 39.392555 | T20: 15.277461 | U20: GM | V20: B | X20: =IF(Table_GCA[[#This Row],[Fecha]]=0,"",_xlfn.CONCAT("Sem ",WEEKNUM(Table_GCA[[#This Row],[Fecha]],2))) -> Sem 10 | Y20: =+IF(T20>=15.05,T20,0) -> 15.277461
... B34: 46096 | C34: CA-260127 | E34: SMCV | F34: 4B-H | G34: Sp 57 | H34: 1836.33 | I34: 188.01 | J34: 2571.45 | K34: Cono de arena | L34: 338.74257 | M34: 100 | N34: 100 | O34: 99.173414 | P34: 94.331979 | Q34: 79.453424 | R34: 59.083974 | S34: 36.559495 | T34: 12.175196 | U34: GT | V34: B | X34: =IF(Table_GCA[[#This Row],[Fecha]]=0,"",_xlfn.CONCAT("Sem ",WEEKNUM(Table_GCA[[#This Row],[Fecha]],2))) -> Sem 11 | Y34: =+IF(T34>=15.05,T34,0) -> 0
B35: 46097 | C35: CA-260128 | E35: SMCV | F35: 3A-M | G35: Sp 39 | H35: 1278.24 | I35: 331.44 | J35: 2548.62 | K35: Cono de arena | L35: 366.95402 | M35: 100 | N35: 100 | O35: 98.882694 | P35: 93.023649 | Q35: 76.700078 | R35: 56.016288 | S35: 34.460453 | T35: 11.596553 | U35: GT | V35: A | X35: =IF(Table_GCA[[#This Row],[Fecha]]=0,"",_xlfn.CONCAT("Sem ",WEEKNUM(Table_GCA[[#This Row],[Fecha]],2))) -> Sem 12 | Y35: =+IF(T35>=15.05,T35,0) -> 0 | AN35: B
B36: 46097 | C36: CA-260129 | E36: SMCV | F36: 3C-M | G36: Sp 45 | H36: 1475.88 | I36: 324.65 | J36: 2550.83 | K36: Cono de arena | L36: 272.61456 | M36: 100 | N36: 100 | O36: 98.606091 | P36: 92.37018 | Q36: 76.670358 | R36: 56.532035 | S36: 36.246985 | T36: 11.560116 | U36: GT | V36: A1 | X36: =IF(Table_GCA[[#This Row],[Fecha]]=0,"",_xlfn.CONCAT("Sem ",WEEKNUM(Table_GCA[[#This Row],[Fecha]],2))) -> Sem 12 | Y36: =+IF(T36>=15.05,T36,0) -> 0
B37: 46097 | C37: CA-260130 | E37: SMCV | F37: 3A-L | G37: Sp 38 | H37: 1263.49 | I37: 590.74 | J37: 2471.93 | K37: Cono de arena | L37: 418.00173 | M37: 100 | N37: 100 | O37: 98.803833 | P37: 91.291902 | Q37: 75.04795 | R37: 53.995405 | S37: 32.273007 | T37: 10.765919 | U37: GT | V37: B | X37: =IF(Table_GCA[[#This Row],[Fecha]]=0,"",_xlfn.CONCAT("Sem ",WEEKNUM(Table_GCA[[#This Row],[Fecha]],2))) -> Sem 12 | Y37: =+IF(T37>=15.05,T37,0) -> 0
B38: 46098 | C38: CA-260131 | E38: SMCV | F38: 2B-M | G38: Sp 29 | H38: 931.78 | I38: 313.88 | J38: 2554.14 | K38: Cono de arena | L38: 495.8752 | M38: 100 | N38: 100 | O38: 98.689186 | P38: 92.437613 | Q38: 75.921361 | R38: 55.089506 | S38: 33.652661 | T38: 11.409161 | U38: GT | V38: A | X38: =IF(Table_GCA[[#This Row],[Fecha]]=0,"",_xlfn.CONCAT("Sem ",WEEKNUM(Table_GCA[[#This Row],[Fecha]],2))) -> Sem 12 | Y38: =+IF(T38>=15.05,T38,0) -> 0
B39: 46098 | C39: CA-260132 | E39: SMCV | F39: 3A-M | G39: Sp 38 | H39: 1256.59 | I39: 274.48 | J39: 2565.697 | K39: Cono de arena | L39: 333.9532 | M39: 100 | N39: 100 | O39: 98.981893 | P39: 93.352362 | Q39: 77.601652 | R39: 57.598849 | S39: 36.188663 | T39: 13.371095 | U39: GM | V39: B | X39: =IF(Table_GCA[[#This Row],[Fecha]]=0,"",_xlfn.CONCAT("Sem ",WEEKNUM(Table_GCA[[#This Row],[Fecha]],2))) -> Sem 12 | Y39: =+IF(T39>=15.05,T39,0) -> 0
B40: 46099 | C40: CA-260133 | E40: SMCV | F40: 2B-L | G40: Sp 29 | H40: 926.65 | I40: 500.76 | J40: 2500.28 | K40: Cono de arena | L40: 377.1 | M40: 100 | N40: 100 | O40: 98.859719 | P40: 93.21135 | Q40: 77.75126 | R40: 57.2262 | S40: 36.648104 | T40: 12.224874 | U40: GM | V40: A | X40: =IF(Table_GCA[[#This Row],[Fecha]]=0,"",_xlfn.CONCAT("Sem ",WEEKNUM(Table_GCA[[#This Row],[Fecha]],2))) -> Sem 12 | Y40: =+IF(T40>=15.05,T40,0) -> 0
B41: 46099 | C41: CA-260134 | E41: SMCV | F41: 4B-H | G41: Sp 58 | H41: 1873.25 | I41: 30.07 | J41: 2602.461 | K41: Cono de arena | L41: 315.8 | M41: 100 | N41: 100 | O41: 98.923369 | P41: 93.223559 | Q41: 76.757441 | R41: 55.319823 | S41: 34.103863 | T41: 12.951235 | U41: GM | V41: B | X41: =IF(Table_GCA[[#This Row],[Fecha]]=0,"",_xlfn.CONCAT("Sem ",WEEKNUM(Table_GCA[[#This Row],[Fecha]],2))) -> Sem 12 | Y41: =+IF(T41>=15.05,T41,0) -> 0
B42: 46100 | C42: CA-260135 | E42: SMCV | F42: 3B-H | G42: Sp 41 | H42: 1347.77 | I42: -5.33 | J42: 2636.218 | K42: Cono de arena | L42: 333 | M42: 100 | N42: 100 | O42: 98.528529 | P42: 94.054054 | Q42: 77.297297 | R42: 56.726727 | S42: 36.696697 | T42: 14.474474 | U42: GM | V42: B | X42: =IF(Table_GCA[[#This Row],[Fecha]]=0,"",_xlfn.CONCAT("Sem ",WEEKNUM(Table_GCA[[#This Row],[Fecha]],2))) -> Sem 12 | Y42: =+IF(T42>=15.05,T42,0) -> 0
B43: 46101 | C43: CA-260136 | E43: SMCV | F43: 3C-H | G43: SA-UF | H43: 1509.76 | I43: 26.7 | J43: 2636.18 | K43: Cono de arena | L43: 302.1 | M43: 100 | N43: 100 | O43: 98.278716 | P43: 91.161867 | Q43: 74.08143 | R43: 53.823237 | S43: 33.200927 | T43: 12.44621 | U43: GM | V43: A | X43: =IF(Table_GCA[[#This Row],[Fecha]]=0,"",_xlfn.CONCAT("Sem ",WEEKNUM(Table_GCA[[#This Row],[Fecha]],2))) -> Sem 12 | Y43: =+IF(T43>=15.05,T43,0) -> 0
B44: 46101 | C44: CA-260137 | E44: SMCV | F44: 2A-L | G44: Sp 23 | H44: 736.67 | I44: 526.93 | J44: 2508.448 | K44: Cono de arena | L44: 345.2 | M44: 100 | N44: 99.913094 | O44: 98.899189 | P44: 94.032445 | Q44: 79.692932 | R44: 58.922364 | S44: 37.485516 | T44: 12.630359 | U44: GM | V44: A | X44: =IF(Table_GCA[[#This Row],[Fecha]]=0,"",_xlfn.CONCAT("Sem ",WEEKNUM(Table_GCA[[#This Row],[Fecha]],2))) -> Sem 12 | Y44: =+IF(T44>=15.05,T44,0) -> 0
B45: 46101 | C45: CA-260138 | E45: SMCV | F45: 1C-H | G45: Sp 14 | H45: 463.91 | I45: 161.04 | J45: 2620.23 | K45: Cono de arena | L45: 324.6 | M45: 100 | N45: 100 | O45: 98.92175 | P45: 94.177449 | Q45: 79.359211 | R45: 59.365373 | S45: 39.279113 | T45: 13.647566 | U45: GM | V45: B | X45: =IF(Table_GCA[[#This Row],[Fecha]]=0,"",_xlfn.CONCAT("Sem ",WEEKNUM(Table_GCA[[#This Row],[Fecha]],2))) -> Sem 12 | Y45: =+IF(T45>=15.05,T45,0) -> 0
B46: 46102 | C46: CA-260139 | E46: SMCV | F46: 2A-H | G46: Sp 21 | H46: 693.25 | I46: 209.34 | J46: 2598.42 | K46: Cono de arena | L46: 366.2 | M46: 100 | N46: 100 | O46: 98.853086 | P46: 93.227744 | Q46: 76.67941 | R46: 53.304205 | S46: 31.103222 | T46: 9.9945385 | U46: GM | V46: A | X46: =IF(Table_GCA[[#This Row],[Fecha]]=0,"",_xlfn.CONCAT("Sem ",WEEKNUM(Table_GCA[[#This Row],[Fecha]],2))) -> Sem 12 | Y46: =+IF(T46>=15.05,T46,0) -> 0
B47: 46102 | C47: CA-260140 | E47: SMCV | F47: 3B-H | G47: Sp 42 | H47: 1372.06 | I47: 232.42 | J47: 2579.132 | K47: Cono de arena | L47: 391 | M47: 100 | N47: 100 | O47: 99.232737 | P47: 95.11509 | Q47: 82.531969 | R47: 63.42711 | S47: 40.511509 | T47: 14.88491 | U47: GM | V47: B | X47: =IF(Table_GCA[[#This Row],[Fecha]]=0,"",_xlfn.CONCAT("Sem ",WEEKNUM(Table_GCA[[#This Row],[Fecha]],2))) -> Sem 12 | Y47: =+IF(T47>=15.05,T47,0) -> 0
... B70: 46112 | C70: CA-260163 | E70: SMCV | F70: 2A-M | G70: Sp 20 | H70: 652.55 | I70: 401.2 | J70: 2548.422 | K70: Cono de arena | L70: 401.3 | M70: 100 | N70: 100 | O70: 98.704211 | P70: 90.90456 | Q70: 71.46773 | R70: 46.822826 | S70: 27.53551 | T70: 11.761774 | U70: GM | V70: A | X70: =IF(Table_GCA[[#This Row],[Fecha]]=0,"",_xlfn.CONCAT("Sem ",WEEKNUM(Table_GCA[[#This Row],[Fecha]],2))) -> Sem 14 | Y70: =+IF(T70>=15.05,T70,0) -> 0
B71: 46112 | C71: CA-260164 | E71: SMCV | F71: 1C-M | G71: Sp 14 | H71: 443.32 | I71: 314.65 | J71: 2573.81 | K71: Cono de arena | L71: 300.06731 | M71: 100 | N71: 100 | O71: 99.43346 | P71: 96.467459 | Q71: 86.269747 | R71: 67.307335 | S71: 46.578652 | T71: 14.919089 | U71: GM | V71: B | X71: =IF(Table_GCA[[#This Row],[Fecha]]=0,"",_xlfn.CONCAT("Sem ",WEEKNUM(Table_GCA[[#This Row],[Fecha]],2))) -> Sem 14
X72: =IF(Table_GCA[[#This Row],[Fecha]]=0,"",_xlfn.CONCAT("Sem ",WEEKNUM(Table_GCA[[#This Row],[Fecha]],2)))
X73: =IF(Table_GCA[[#This Row],[Fecha]]=0,"",_xlfn.CONCAT("Sem ",WEEKNUM(Table_GCA[[#This Row],[Fecha]],2)))
X74: =IF(Table_GCA[[#This Row],[Fecha]]=0,"",_xlfn.CONCAT("Sem ",WEEKNUM(Table_GCA[[#This Row],[Fecha]],2)))
X75: =IF(Table_GCA[[#This Row],[Fecha]]=0,"",_xlfn.CONCAT("Sem ",WEEKNUM(Table_GCA[[#This Row],[Fecha]],2)))
X76: =IF(Table_GCA[[#This Row],[Fecha]]=0,"",_xlfn.CONCAT("Sem ",WEEKNUM(Table_GCA[[#This Row],[Fecha]],2)))
X77: =IF(Table_GCA[[#This Row],[Fecha]]=0,"",_xlfn.CONCAT("Sem ",WEEKNUM(Table_GCA[[#This Row],[Fecha]],2)))
X78: =IF(Table_GCA[[#This Row],[Fecha]]=0,"",_xlfn.CONCAT("Sem ",WEEKNUM(Table_GCA[[#This Row],[Fecha]],2)))
X79: =IF(Table_GCA[[#This Row],[Fecha]]=0,"",_xlfn.CONCAT("Sem ",WEEKNUM(Table_GCA[[#This Row],[Fecha]],2)))
X80: =IF(Table_GCA[[#This Row],[Fecha]]=0,"",_xlfn.CONCAT("Sem ",WEEKNUM(Table_GCA[[#This Row],[Fecha]],2)))
X81: =IF(Table_GCA[[#This Row],[Fecha]]=0,"",_xlfn.CONCAT("Sem ",WEEKNUM(Table_GCA[[#This Row],[Fecha]],2)))
X82: =IF(Table_GCA[[#This Row],[Fecha]]=0,"",_xlfn.CONCAT("Sem ",WEEKNUM(Table_GCA[[#This Row],[Fecha]],2)))
X83: =IF(Table_GCA[[#This Row],[Fecha]]=0,"",_xlfn.CONCAT("Sem ",WEEKNUM(Table_GCA[[#This Row],[Fecha]],2)))
... X103: =IF(Table_GCA[[#This Row],[Fecha]]=0,"",_xlfn.CONCAT("Sem ",WEEKNUM(Table_GCA[[#This Row],[Fecha]],2)))
X104: =IF(Table_GCA[[#This Row],[Fecha]]=0,"",_xlfn.CONCAT("Sem ",WEEKNUM(Table_GCA[[#This Row],[Fecha]],2))) | Y104: =+IF(T104>=15.05,T104,0) -> 0
X105: =IF(Table_GCA[[#This Row],[Fecha]]=0,"",_xlfn.CONCAT("Sem ",WEEKNUM(Table_GCA[[#This Row],[Fecha]],2))) | Y105: =+IF(T105>=15.05,T105,0) -> 0
X106: =IF(Table_GCA[[#This Row],[Fecha]]=0,"",_xlfn.CONCAT("Sem ",WEEKNUM(Table_GCA[[#This Row],[Fecha]],2))) | Y106: =+IF(T106>=15.05,T106,0) -> 0
X107: =IF(Table_GCA[[#This Row],[Fecha]]=0,"",_xlfn.CONCAT("Sem ",WEEKNUM(Table_GCA[[#This Row],[Fecha]],2))) | Y107: =+IF(T107>=15.05,T107,0) -> 0
X108: =IF(Table_GCA[[#This Row],[Fecha]]=0,"",_xlfn.CONCAT("Sem ",WEEKNUM(Table_GCA[[#This Row],[Fecha]],2))) | Y108: =+IF(T108>=15.05,T108,0) -> 0
X109: =IF(Table_GCA[[#This Row],[Fecha]]=0,"",_xlfn.CONCAT("Sem ",WEEKNUM(Table_GCA[[#This Row],[Fecha]],2))) | Y109: =+IF(T109>=15.05,T109,0) -> 0
X110: =IF(Table_GCA[[#This Row],[Fecha]]=0,"",_xlfn.CONCAT("Sem ",WEEKNUM(Table_GCA[[#This Row],[Fecha]],2))) | Y110: =+IF(T110>=15.05,T110,0) -> 0
X111: =IF(Table_GCA[[#This Row],[Fecha]]=0,"",_xlfn.CONCAT("Sem ",WEEKNUM(Table_GCA[[#This Row],[Fecha]],2))) | Y111: =+IF(T111>=15.05,T111,0) -> 0
X112: =IF(Table_GCA[[#This Row],[Fecha]]=0,"",_xlfn.CONCAT("Sem ",WEEKNUM(Table_GCA[[#This Row],[Fecha]],2))) | Y112: =+IF(T112>=15.05,T112,0) -> 0
X113: =IF(Table_GCA[[#This Row],[Fecha]]=0,"",_xlfn.CONCAT("Sem ",WEEKNUM(Table_GCA[[#This Row],[Fecha]],2))) | Y113: =+IF(T113>=15.05,T113,0) -> 0
X114: =IF(Table_GCA[[#This Row],[Fecha]]=0,"",_xlfn.CONCAT("Sem ",WEEKNUM(Table_GCA[[#This Row],[Fecha]],2))) | Y114: =+IF(T114>=15.05,T114,0) -> 0
X115: =IF(Table_GCA[[#This Row],[Fecha]]=0,"",_xlfn.CONCAT("Sem ",WEEKNUM(Table_GCA[[#This Row],[Fecha]],2))) | Y115: =+IF(T115>=15.05,T115,0) -> 0
... X117: =IF(Table_GCA[[#This Row],[Fecha]]=0,"",_xlfn.CONCAT("Sem ",WEEKNUM(Table_GCA[[#This Row],[Fecha]],2))) | Y117: =+IF(T117>=15.05,T117,0) -> 0
M119: Laboratorio
M120: Porcentaje Acumulado Pasante
M121: Nº 8 | N121: Nº 16 | O121: Nº 30 | P121: Nº 40 | Q121: Nº 50 | R121: Nº 70 | S121: Nº 100 | T121: Nº 200
F122: =+"Estadísticas "&(TEXT(F4,"mmmm yyyy")) -> Estadísticas March 2026 | L122: Mínimo | M122: =MIN(M9:M117) -> 100 | N122: =MIN(N9:N117) -> 99.634814 | O122: =MIN(O9:O117) -> 98.131572 | P122: =MIN(P9:P117) -> 90.891413 | Q122: =MIN(Q9:Q117) -> 71.46773 | R122: =MIN(R9:R117) -> 46.822826 | S122: =MIN(S9:S117) -> 27.53551 | T122: =MIN(T9:T117) -> 8.2255404
L123: Máximo | M123: =MAX(M9:M117) -> 100 | N123: =MAX(N9:N117) -> 100 | O123: =MAX(O9:O117) -> 99.73284 | P123: =MAX(P9:P117) -> 97.924373 | Q123: =MAX(Q9:Q117) -> 89.293054 | R123: =MAX(R9:R117) -> 68.002466 | S123: =MAX(S9:S117) -> 46.578652 | T123: =MAX(T9:T117) -> 17.127928
L124: Promedio | M124: =AVERAGE(M9:M117) -> 100 | N124: =AVERAGE(N9:N117) -> 99.976589 | O124: =AVERAGE(O9:O117) -> 98.900018 | P124: =AVERAGE(P9:P117) -> 93.661639 | Q124: =AVERAGE(Q9:Q117) -> 78.539108 | R124: =AVERAGE(R9:R117) -> 57.67751 | S124: =AVERAGE(S9:S117) -> 36.218259 | T124: =AVERAGE(T9:T117) -> 12.41154
L125: Max. Esp. | T125: 15
B155: RESUMEN | E155: PROMEDIO M200 | H155: =+SUBTOTAL(1,Table_GCA[75]) -> 12.41154
E156: CANTIDAD | H156: =+SUBTOTAL(2,Table_GCA[75]) -> 63
E157: PASA | H157: =H156-H158 -> 61
E158: FALLA | H158: {=SUMPRODUCT(SUBTOTAL(3,OFFSET(Y9:Y350,ROW(Y9:Y350)-ROW(Y9),0,1)),--(Y9:Y350>=15.05))} -> 2
E159: % FALLAS | H159: =+H158/H156 -> 0.031746032
B161: =+Table_GCA[[#Headers],[Fecha]] -> Fecha | C161: =+B161 -> Fecha | D161: =++Table_GCA[[#Headers],[75]] -> 75
B162: =+">="&TEXT(SUBTOTAL(5,Table_GCA[Fecha]),"dd-mm-yyy") -> >=01-03-2026 | C162: =+"<="&TEXT(SUBTOTAL(4,Table_GCA[Fecha]),"dd-mm-yyy") -> <=31-03-2026 | D162: <15.04
B163: Fecha | C163: Fecha | D163: =+D161 -> 75
B164: =+B162 -> >=01-03-2026 | C164: =+C162 -> <=31-03-2026 | D164: >=15.04
B165: =+"RESUMEN GRANULOMETRIA CONO DE ARENA DEL "&UPPER(TEXT(SUBTOTAL(5,Table_GCA[Fecha]),"dd-mmm"))&" AL "&UPPER(TEXT(SUBTOTAL(4,Table_GCA[Fecha]),"dd-mmm")) -> RESUMEN GRANULOMETRIA CONO DE ARENA DEL 01-MAR AL 31-MAR
B166: =+"RESUMEN GRANULOMETRIA VERIFICACIÓN DEL "&UPPER(TEXT(F4,"mmmm-yyy")) -> RESUMEN GRANULOMETRIA VERIFICACIÓN DEL MARCH-2026

Sheet Granulometrias Proctor
C2: Control de Calidad
C3: PRESA DE RELAVES | J3: RESUMEN DE GRANULOMETRIAS DE LOS RELAVES AGUAS EN EL DIQUE DE LA PRESA | Y3: Sin Formula
F4: ='Granulometrias Descarga'!F4:V4 -> 46082 | Y4: revisar
M7: Nº 8 | N7: Nº 16 | O7: Nº 30 | P7: Nº 40 | Q7: Nº 50 | R7: Nº 70 | S7: Nº 100 | T7: Nº 200
B8: Fecha | C8: Código | D8: Hora | E8: Ejecutor | F8: Cancha | G8: Sp, Sb, A8,A9 | H8: Este-Oeste | I8: Sur-Norte | J8: Cota | K8: Ensayo | L8: Peso de muestra (g) | M8: 2360 | N8: 1180 | O8: 600 | P8: 425 | Q8: 300 | R8: 212 | S8: 150 | T8: 75 | U8: Resp | V8: Turno | W8: Observaciones | X8: Semana | Y8: Falla
B9: 46085 | C9: PR-260032 | E9: SMCV | F9: 2C-M | G9: Sp 32 | H9: 1056.445 | I9: 264.17 | J9: 2567.79 | K9: Proctor | L9: 475.5 | M9: 100 | N9: 99.663512 | O9: 98.065195 | P9: 92.3449 | Q9: 78.338591 | R9: 59.57939 | S9: 38.759201 | T9: 14.44795 | U9: GT | V9: B | W9: Material Compactado correspondiente a Talud 2C-M | X9: =IF(Table_GP[[#This Row],[Fecha]]=0,"",_xlfn.CONCAT("Sem ",WEEKNUM(Table_GP[[#This Row],[Fecha]],2))) -> Sem 10 | Y9: =+IF(T9>=15.05,T9,0) -> 0
B10: 46087 | C10: PR-260033 | E10: SMCV | F10: 1B-H | G10: Plataforma | H10: 320.15 | I10: 64.7 | J10: 2635.95 | K10: Proctor | L10: 495.5 | M10: 100 | N10: 99.778002 | O10: 99.313824 | P10: 96.831483 | Q10: 86.579213 | R10: 66.659939 | S10: 41.735621 | T10: 13.158426 | U10: GT | V10: B | W10: Material Conformado correspondiente a Corona 1B-H | X10: =IF(Table_GP[[#This Row],[Fecha]]=0,"",_xlfn.CONCAT("Sem ",WEEKNUM(Table_GP[[#This Row],[Fecha]],2))) -> Sem 10 | Y10: =+IF(T10>=15.05,T10,0) -> 0
B11: 46088 | C11: PR-260034 | E11: SMCV | F11: 4B-H | G11: Sp 56 | H11: 1821.24 | I11: 199.45 | J11: 2569.89 | K11: Proctor | L11: 465.2 | M11: 100 | N11: 99.892519 | O11: 98.538263 | P11: 93.72313 | Q11: 77.214101 | R11: 56.083405 | S11: 34.565778 | T11: 12.725709 | U11: GM | V11: B | W11: Material Conformado correspondiente a Talud 4B-H | X11: =IF(Table_GP[[#This Row],[Fecha]]=0,"",_xlfn.CONCAT("Sem ",WEEKNUM(Table_GP[[#This Row],[Fecha]],2))) -> Sem 10 | Y11: =+IF(T11>=15.05,T11,0) -> 0
B12: 46090 | C12: PR-260035 | E12: SMCV | F12: 4A-H | G12: Sp 51 | H12: 1694.27 | I12: 18.9 | J12: 2635.22 | K12: Proctor | L12: 374.9 | M12: 100 | N12: 100 | O12: 98.132835 | P12: 90.984262 | Q12: 73.779675 | R12: 52.387303 | S12: 32.435316 | T12: 10.856228 | U12: GM | V12: B | W12: Material Conformado correspondiente a Talud 4A-H | X12: =IF(Table_GP[[#This Row],[Fecha]]=0,"",_xlfn.CONCAT("Sem ",WEEKNUM(Table_GP[[#This Row],[Fecha]],2))) -> Sem 11 | Y12: =+IF(T12>=15.05,T12,0) -> 0
B13: 46093 | C13: PR-260036 | E13: SMCV | F13: 2B-H | G13: Sp 27 | H13: 863.17 | I13: 44.4 | J13: 2631.88 | K13: Proctor | L13: 227 | M13: 100 | N13: 100 | O13: 98.590308 | P13: 91.718062 | Q13: 75.418502 | R13: 54.537445 | S13: 33.788546 | T13: 9.7356828 | U13: GM | V13: A | W13: Material Conformado correspondiente a Talud 2B-H | X13: =IF(Table_GP[[#This Row],[Fecha]]=0,"",_xlfn.CONCAT("Sem ",WEEKNUM(Table_GP[[#This Row],[Fecha]],2))) -> Sem 11 | Y13: =+IF(T13>=15.05,T13,0) -> 0
B14: 46094 | C14: PR-260037 | E14: SMCV | F14: 2A-M | G14: Sp 21 | H14: 675.18 | I14: 477.8 | J14: 2607.74 | K14: Proctor | L14: 371.9 | M14: 100 | N14: 99.973111 | O14: 99.005109 | P14: 93.519763 | Q14: 77.816617 | R14: 57.112127 | S14: 35.0363 | T14: 12.718473 | U14: GT | V14: A | W14: Material Conformado correspondiente a Talud 2A-M | X14: =IF(Table_GP[[#This Row],[Fecha]]=0,"",_xlfn.CONCAT("Sem ",WEEKNUM(Table_GP[[#This Row],[Fecha]],2))) -> Sem 11 | Y14: =+IF(T14>=15.05,T14,0) -> 0
B15: 46095 | C15: PR-260038 | E15: SMCV | F15: 3C-H | G15: Sp 48 | H15: 1580.2 | I15: 160.21 | J15: 2597.6 | K15: Proctor | L15: 580.4 | M15: 100 | N15: 100 | O15: 99.552033 | P15: 96.295658 | Q15: 84.269469 | R15: 64.955203 | S15: 41.10958 | T15: 13.542385 | U15: GT | V15: B | W15: Material Conformado correspondiente a Talud 3C-H | X15: =IF(Table_GP[[#This Row],[Fecha]]=0,"",_xlfn.CONCAT("Sem ",WEEKNUM(Table_GP[[#This Row],[Fecha]],2))) -> Sem 11 | Y15: =+IF(T15>=15.05,T15,0) -> 0
B16: 46097 | C16: PR-260039 | E16: SMCV | F16: 3A-M | G16: Sp 34 | H16: 1124.81 | I16: 476.06 | J16: 2506.18 | K16: Proctor | L16: 411.9 | M16: 100 | N16: 100 | O16: 98.858946 | P16: 93.299345 | Q16: 77.276038 | R16: 56.785628 | S16: 35.032775 | T16: 12.23598 | U16: GT | V16: B | W16: Material Conformado correspondiente a Talud 3A-M | X16: =IF(Table_GP[[#This Row],[Fecha]]=0,"",_xlfn.CONCAT("Sem ",WEEKNUM(Table_GP[[#This Row],[Fecha]],2))) -> Sem 12 | Y16: =+IF(T16>=15.05,T16,0) -> 0
B17: 46099 | C17: PR-260040 | E17: SMCV | F17: 4A-H | G17: Sp 50 | H17: 1661.24 | I17: 39.48 | J17: 2631.22 | K17: Proctor | L17: 411.9 | M17: 100 | N17: 100 | O17: 98.761835 | P17: 93.736344 | Q17: 78.417092 | R17: 57.319738 | S17: 35.372663 | T17: 12.138869 | U17: GM | V17: A | W17: Material Conformado correspondiente a Talud 4A-H | X17: =IF(Table_GP[[#This Row],[Fecha]]=0,"",_xlfn.CONCAT("Sem ",WEEKNUM(Table_GP[[#This Row],[Fecha]],2))) -> Sem 12 | Y17: =+IF(T17>=15.05,T17,0) -> 0
B18: 46099 | C18: PR-260041 | E18: SMCV | F18: 3C-H | G18: Sp 45 | H18: 1495.65 | I18: -3.25 | J18: 2636.25 | K18: Proctor | L18: 346 | M18: 100 | N18: 100 | O18: 98.757225 | P18: 92.745665 | Q18: 75.895954 | R18: 55.606936 | S18: 35.375723 | T18: 11.156069 | U18: GM | V18: B | W18: Material Conformado correspondiente a Talud 3C-H | X18: =IF(Table_GP[[#This Row],[Fecha]]=0,"",_xlfn.CONCAT("Sem ",WEEKNUM(Table_GP[[#This Row],[Fecha]],2))) -> Sem 12 | Y18: =+IF(T18>=15.05,T18,0) -> 0
B19: 46100 | C19: PR-260042 | E19: SMCV | F19: 2B-M | G19: Sp 28 | H19: 0+902.21 | I19: 0+339.48 | J19: 2517.89 | K19: Proctor | L19: 381.9 | M19: 100 | N19: 100 | O19: 98.716942 | P19: 93.008641 | Q19: 78.188007 | R19: 56.768788 | S19: 34.87824 | T19: 10.081173 | U19: GM | V19: A | W19: Material Conformado correspondiente a Talud 2B-M | X19: =IF(Table_GP[[#This Row],[Fecha]]=0,"",_xlfn.CONCAT("Sem ",WEEKNUM(Table_GP[[#This Row],[Fecha]],2))) -> Sem 12 | Y19: =+IF(T19>=15.05,T19,0) -> 0
B20: 46101 | C20: PR-260043 | E20: SMCV | F20: 4A-M | G20: Sp 51 | H20: 1700.25 | I20: 360.01 | J20: 2537.93 | K20: Proctor | L20: 362 | M20: 100 | N20: 100 | O20: 99.309392 | P20: 95.441989 | Q20: 82.513812 | R20: 62.292818 | S20: 41.160221 | T20: 13.370166 | U20: GM | V20: B | W20: Material Conformado correspondiente a Talud 4A-M | X20: =IF(Table_GP[[#This Row],[Fecha]]=0,"",_xlfn.CONCAT("Sem ",WEEKNUM(Table_GP[[#This Row],[Fecha]],2))) -> Sem 12 | Y20: =+IF(T20>=15.05,T20,0) -> 0
B21: 46103 | C21: PR-260044 | E21: SMCV | F21: 1C-M | G21: Sp 18 | H21: 580.21 | I21: 340.1 | J21: 2567.05 | K21: Proctor | L21: 285.9 | M21: 100 | N21: 100 | O21: 99.195523 | P21: 95.033228 | Q21: 82.47639 | R21: 62.924099 | S21: 41.168241 | T21: 13.04652 | U21: GM | V21: A | W21: Material Conformado correspondiente a Talud 1C-M | X21: =IF(Table_GP[[#This Row],[Fecha]]=0,"",_xlfn.CONCAT("Sem ",WEEKNUM(Table_GP[[#This Row],[Fecha]],2))) -> Sem 12 | Y21: =+IF(T21>=15.05,T21,0) -> 0
B22: 46104 | C22: PR-260045 | E22: SMCV | F22: 2C-M | G22: Sp 32 | H22: 1041.55 | I22: 304.17 | J22: 2558.44 | K22: Proctor | L22: 490.4 | M22: 100 | N22: 99.959217 | O22: 98.633768 | P22: 93.14845 | Q22: 77.569331 | R22: 56.056281 | S22: 34.787928 | T22: 11.888254 | U22: FV | V22: B | W22: Material Conformado correspondiente a Talud 2C-M | X22: =IF(Table_GP[[#This Row],[Fecha]]=0,"",_xlfn.CONCAT("Sem ",WEEKNUM(Table_GP[[#This Row],[Fecha]],2))) -> Sem 13 | Y22: =+IF(T22>=15.05,T22,0) -> 0
B23: 46107 | C23: PR-260046 | E23: SMCV | F23: 2B-H | G23: Sp 28 | H23: 900.1 | I23: 60.26 | J23: 2626.7 | K23: Proctor | L23: 410.6 | M23: 100 | N23: 99.951291 | O23: 98.78227 | P23: 92.717974 | Q23: 76.522163 | R23: 55.358013 | S23: 34.510472 | T23: 11.836337 | U23: FV | V23: A | W23: Material Conformado correspondiente a Talud 2B-H | X23: =IF(Table_GP[[#This Row],[Fecha]]=0,"",_xlfn.CONCAT("Sem ",WEEKNUM(Table_GP[[#This Row],[Fecha]],2))) -> Sem 13 | Y23: =+IF(T23>=15.05,T23,0) -> 0
B24: 46108 | C24: PR-260047 | E24: SMCV | F24: 4B-L | G24: Sp 54 | H24: 1780.35 | I24: 520.01 | J24: 2490.2 | K24: Proctor | L24: 478.5 | M24: 100 | N24: 100 | O24: 98.996865 | P24: 93.416928 | Q24: 77.722048 | R24: 55.987461 | S24: 34.085684 | T24: 10.449321 | U24: FV | V24: A | W24: Material Conformado correspondiente a Talud 4B-L | X24: =IF(Table_GP[[#This Row],[Fecha]]=0,"",_xlfn.CONCAT("Sem ",WEEKNUM(Table_GP[[#This Row],[Fecha]],2))) -> Sem 13 | Y24: =+IF(T24>=15.05,T24,0) -> 0
B25: 46112 | C25: PR-260048 | E25: SMCV | F25: 2A-M | G25: Sp 22 | H25: 720.36 | I25: 480.01 | J25: 2521.7 | K25: Proctor | L25: 334.3 | M25: 100 | N25: 99.940173 | O25: 99.222255 | P25: 95.183966 | Q25: 81.005085 | R25: 60.454681 | S25: 36.793299 | T25: 12.084954 | U25: GM | V25: A | W25: Material Conformado correspondiente a Talud 2A-M | X25: =IF(Table_GP[[#This Row],[Fecha]]=0,"",_xlfn.CONCAT("Sem ",WEEKNUM(Table_GP[[#This Row],[Fecha]],2))) -> Sem 14 | Y25: =+IF(T25>=15.05,T25,0) -> 0
X26: =IF(Table_GP[[#This Row],[Fecha]]=0,"",_xlfn.CONCAT("Sem ",WEEKNUM(Table_GP[[#This Row],[Fecha]],2))) | Y26: =+IF(T26>=15.05,T26,0) -> 0
X27: =IF(Table_GP[[#This Row],[Fecha]]=0,"",_xlfn.CONCAT("Sem ",WEEKNUM(Table_GP[[#This Row],[Fecha]],2))) | Y27: =+IF(T27>=15.05,T27,0) -> 0
X28: =IF(Table_GP[[#This Row],[Fecha]]=0,"",_xlfn.CONCAT("Sem ",WEEKNUM(Table_GP[[#This Row],[Fecha]],2))) | Y28: =+IF(T28>=15.05,T28,0) -> 0
X29: =IF(Table_GP[[#This Row],[Fecha]]=0,"",_xlfn.CONCAT("Sem ",WEEKNUM(Table_GP[[#This Row],[Fecha]],2))) | Y29: =+IF(T29>=15.05,T29,0) -> 0
X30: =IF(Table_GP[[#This Row],[Fecha]]=0,"",_xlfn.CONCAT("Sem ",WEEKNUM(Table_GP[[#This Row],[Fecha]],2))) | Y30: =+IF(T30>=15.05,T30,0) -> 0
X31: =IF(Table_GP[[#This Row],[Fecha]]=0,"",_xlfn.CONCAT("Sem ",WEEKNUM(Table_GP[[#This Row],[Fecha]],2))) | Y31: =+IF(T31>=15.05,T31,0) -> 0
M33: Laboratorio
M34: Porcentaje Acumulado Pasante
M35: Nº 8 | N35: Nº 16 | O35: Nº 30 | P35: Nº 40 | Q35: Nº 50 | R35: Nº 70 | S35: Nº 100 | T35: Nº 200
F36: =+"Estadísticas "&(TEXT(F4,"mmmm yyyy")) -> Estadísticas Marzo 2026 | L36: Mínimo | M36: =MIN(M9:M31) -> 100 | N36: =MIN(N9:N31) -> 99.663512 | O36: =MIN(O9:O31) -> 98.065195 | P36: =MIN(P9:P31) -> 90.984262 | Q36: =MIN(Q9:Q31) -> 73.779675 | R36: =MIN(R9:R31) -> 52.387303 | S36: =MIN(S9:S31) -> 32.435316 | T36: =MIN(T9:T31) -> 9.7356828
L37: Máximo | M37: =MAX(M9:M31) -> 100 | N37: =MAX(N9:N31) -> 100 | O37: =MAX(O9:O31) -> 99.552033 | P37: =MAX(P9:P31) -> 96.831483 | Q37: =MAX(Q9:Q31) -> 86.579213 | R37: =MAX(R9:R31) -> 66.659939 | S37: =MAX(S9:S31) -> 41.735621 | T37: =MAX(T9:T31) -> 14.44795
L38: Promedio | M38: =AVERAGE(M9:M31) -> 100 | N38: =AVERAGE(N9:N31) -> 99.95046 | O38: =AVERAGE(O9:O31) -> 98.848976 | P38: =AVERAGE(P9:P31) -> 93.714693 | Q38: =AVERAGE(Q9:Q31) -> 78.882476 | R38: =AVERAGE(R9:R31) -> 58.286427 | S38: =AVERAGE(S9:S31) -> 36.505623 | T38: =AVERAGE(T9:T31) -> 12.086617
L39: Max. Esp. | T39: 15.04
B69: RESUMEN | E69: PROMEDIO M200 | H69: =+SUBTOTAL(1,Table_GP[75]) -> 12.086617
E70: CANTIDAD | H70: =+SUBTOTAL(2,Table_GP[75]) -> 17
E71: PASA | H71: =+DCOUNTA(Table_GP[#All],"75",B75:D76) -> 0
E72: FALLA | H72: =+DCOUNTA(Table_GP[#All],"75",B77:D78) -> 0
E73: % FALLAS | H73: =+H72/H70 -> 0
B75: =+Table_GP[[#Headers],[Fecha]] -> Fecha | C75: =+B75 -> Fecha | D75: =++Table_GP[[#Headers],[75]] -> 75
B76: =+">="&TEXT(SUBTOTAL(5,Table_GP[Fecha]),"dd-mm-yyy") -> >=04-03-2026 | C76: =+"<="&TEXT(SUBTOTAL(4,Table_GP[Fecha]),"dd-mm-yyy") -> <=31-03-2026 | D76: <15.04
B77: Fecha | C77: Fecha | D77: =+D75 -> 75
B78: =+B76 -> >=04-03-2026 | C78: =+C76 -> <=31-03-2026 | D78: >=15.04
B79: =+"RESUMEN GRANULOMETRIA PROCTOR DEL "&UPPER(TEXT(SUBTOTAL(5,Table_GP[Fecha]),"dd-mmm"))&" AL "&UPPER(TEXT(SUBTOTAL(4,Table_GP[Fecha]),"dd-mmm")) -> RESUMEN GRANULOMETRIA PROCTOR DEL 04-MAR AL 31-MAR
B80: =+"RESUMEN GRANULOMETRIA VERIFICACIÓN DEL "&UPPER(TEXT(F4,"mmmm-yyy")) -> RESUMEN GRANULOMETRIA VERIFICACIÓN DEL MARZO-2026

Sheet GD sem
D2: Control de Calidad
D3: PRESA DE RELAVES
B6: Fecha | C6: Turno | D6: Código | E6: Cancha | F6: Sp, Sb, A8,A9 | G6: Nº 200
B7: ='Granulometrias Descarga'!B9 -> 46082 | C7: ='Granulometrias Descarga'!U9 -> A | D7: ='Granulometrias Descarga'!C9 -> GD-260451 | E7: ='Granulometrias Descarga'!F9 -> 3 | F7: ='Granulometrias Descarga'!G9 -> JH | G7: ='Granulometrias Descarga'!P9 -> 9.0771939
B8: ='Granulometrias Descarga'!B10 -> 46082 | C8: ='Granulometrias Descarga'!U10 -> A | D8: ='Granulometrias Descarga'!C10 -> GD-260452 | E8: ='Granulometrias Descarga'!F10 -> 3 | F8: ='Granulometrias Descarga'!G10 -> JH | G8: ='Granulometrias Descarga'!P10 -> 10.06135
B9: ='Granulometrias Descarga'!B11 -> 46082 | C9: ='Granulometrias Descarga'!U11 -> A | D9: ='Granulometrias Descarga'!C11 -> GD-260453 | E9: ='Granulometrias Descarga'!F11 -> 3 | F9: ='Granulometrias Descarga'!G11 -> JH | G9: ='Granulometrias Descarga'!P11 -> 8.490566
B10: ='Granulometrias Descarga'!B12 -> 46082 | C10: ='Granulometrias Descarga'!U12 -> B | D10: ='Granulometrias Descarga'!C12 -> GD-260454 | E10: ='Granulometrias Descarga'!F12 -> 3 | F10: ='Granulometrias Descarga'!G12 -> 2da.Est. | G10: ='Granulometrias Descarga'!P12 -> 7.8075483
B11: ='Granulometrias Descarga'!B13 -> 46082 | C11: ='Granulometrias Descarga'!U13 -> B | D11: ='Granulometrias Descarga'!C13 -> GD-260455 | E11: ='Granulometrias Descarga'!F13 -> 3 | F11: ='Granulometrias Descarga'!G13 -> 2da.Est. | G11: ='Granulometrias Descarga'!P13 -> 7.9229798
B12: ='Granulometrias Descarga'!B14 -> 46082 | C12: ='Granulometrias Descarga'!U14 -> B | D12: ='Granulometrias Descarga'!C14 -> GD-260456 | E12: ='Granulometrias Descarga'!F14 -> 3 | F12: ='Granulometrias Descarga'!G14 -> JH | G12: ='Granulometrias Descarga'!P14 -> 8.5169744
B13: ='Granulometrias Descarga'!B15 -> 46082 | C13: ='Granulometrias Descarga'!U15 -> B | D13: ='Granulometrias Descarga'!C15 -> GD-260457 | E13: ='Granulometrias Descarga'!F15 -> 3 | F13: ='Granulometrias Descarga'!G15 -> JH | G13: ='Granulometrias Descarga'!P15 -> 8.0630494
B14: ='Granulometrias Descarga'!B16 -> 46082 | C14: ='Granulometrias Descarga'!U16 -> B | D14: ='Granulometrias Descarga'!C16 -> GD-260458 | E14: ='Granulometrias Descarga'!F16 -> 3 | F14: ='Granulometrias Descarga'!G16 -> 2da.Est. | G14: ='Granulometrias Descarga'!P16 -> 8.7227414
B15: ='Granulometrias Descarga'!B17 -> 46083 | C15: ='Granulometrias Descarga'!U17 -> A | D15: ='Granulometrias Descarga'!C17 -> GD-260459 | E15: ='Granulometrias Descarga'!F17 -> 3 | F15: ='Granulometrias Descarga'!G17 -> 2da.Est. | G15: ='Granulometrias Descarga'!P17 -> 8.7065568
B16: ='Granulometrias Descarga'!B18 -> 46083 | C16: ='Granulometrias Descarga'!U18 -> A | D16: ='Granulometrias Descarga'!C18 -> GD-260460 | E16: ='Granulometrias Descarga'!F18 -> 3 | F16: ='Granulometrias Descarga'!G18 -> 2da.Est. | G16: ='Granulometrias Descarga'!P18 -> 9.1081594
B17: ='Granulometrias Descarga'!B19 -> 46083 | C17: ='Granulometrias Descarga'!U19 -> A | D17: ='Granulometrias Descarga'!C19 -> GD-260461 | E17: ='Granulometrias Descarga'!F19 -> 2C-M | F17: ='Granulometrias Descarga'!G19 -> Sb | G17: ='Granulometrias Descarga'!P19 -> 9.5481671
B18: ='Granulometrias Descarga'!B20 -> 46083 | C18: ='Granulometrias Descarga'!U20 -> A | D18: ='Granulometrias Descarga'!C20 -> GD-260462 | E18: ='Granulometrias Descarga'!F20 -> 3A-M | F18: ='Granulometrias Descarga'!G20 -> Sb | G18: ='Granulometrias Descarga'!P20 -> 11.026936
... B98: ='Granulometrias Descarga'!B100 -> 46093 | C98: ='Granulometrias Descarga'!U100 -> A | D98: ='Granulometrias Descarga'!C100 -> GD-260542 | E98: ='Granulometrias Descarga'!F100 -> 2A-H | F98: ='Granulometrias Descarga'!G100 -> Sb | G98: ='Granulometrias Descarga'!P100 -> 10.077519
B99: ='Granulometrias Descarga'!B106 -> 46093 | C99: ='Granulometrias Descarga'!U106 -> B | D99: ='Granulometrias Descarga'!C106 -> GD-260548 | E99: ='Granulometrias Descarga'!F106 -> 3 | F99: ='Granulometrias Descarga'!G106 -> 2da.Est. | G99: ='Granulometrias Descarga'!P106 -> 7.2926448
B100: ='Granulometrias Descarga'!B107 -> 46094 | C100: ='Granulometrias Descarga'!U107 -> A | D100: ='Granulometrias Descarga'!C107 -> GD-260549 | E100: ='Granulometrias Descarga'!F107 -> 3 | F100: ='Granulometrias Descarga'!G107 -> 2da.Est. | G100: ='Granulometrias Descarga'!P107 -> 8.5721534
B101: ='Granulometrias Descarga'!B108 -> 46094 | C101: ='Granulometrias Descarga'!U108 -> A | D101: ='Granulometrias Descarga'!C108 -> GD-260550 | E101: ='Granulometrias Descarga'!F108 -> 3 | F101: ='Granulometrias Descarga'!G108 -> 2da.Est. | G101: ='Granulometrias Descarga'!P108 -> 10.371209
B102: ='Granulometrias Descarga'!B109 -> 46094 | C102: ='Granulometrias Descarga'!U109 -> A | D102: ='Granulometrias Descarga'!C109 -> GD-260551 | E102: ='Granulometrias Descarga'!F109 -> 3 | F102: ='Granulometrias Descarga'!G109 -> 2da.Est. | G102: ='Granulometrias Descarga'!P109 -> 10.812037
B103: ='Granulometrias Descarga'!B110 -> 46094 | C103: ='Granulometrias Descarga'!U110 -> A | D103: ='Granulometrias Descarga'!C110 -> GD-260552 | E103: ='Granulometrias Descarga'!F110 -> 4A-M | F103: ='Granulometrias Descarga'!G110 -> Sb | G103: ='Granulometrias Descarga'!P110 -> 9.987801
B104: ='Granulometrias Descarga'!B111 -> 46094 | C104: ='Granulometrias Descarga'!U111 -> B | D104: ='Granulometrias Descarga'!C111 -> GD-260553 | E104: ='Granulometrias Descarga'!F111 -> 3 | F104: ='Granulometrias Descarga'!G111 -> 2da.Est. | G104: ='Granulometrias Descarga'!P111 -> 7.9824857
B105: ='Granulometrias Descarga'!B112 -> 46094 | C105: ='Granulometrias Descarga'!U112 -> B | D105: ='Granulometrias Descarga'!C112 -> GD-260554 | E105: ='Granulometrias Descarga'!F112 -> 3 | F105: ='Granulometrias Descarga'!G112 -> Sb | G105: ='Granulometrias Descarga'!P112 -> 9.8621627
B106: ='Granulometrias Descarga'!B113 -> 46094 | C106: ='Granulometrias Descarga'!U113 -> B | D106: ='Granulometrias Descarga'!C113 -> GD-260555 | E106: ='Granulometrias Descarga'!F113 -> 3 | F106: ='Granulometrias Descarga'!G113 -> 2da.Est. | G106: ='Granulometrias Descarga'!P113 -> 9.2059839
B107: ='Granulometrias Descarga'!B114 -> 46095 | C107: ='Granulometrias Descarga'!U114 -> A | D107: ='Granulometrias Descarga'!C114 -> GD-260556 | E107: ='Granulometrias Descarga'!F114 -> 3 | F107: ='Granulometrias Descarga'!G114 -> 2da.Est. | G107: ='Granulometrias Descarga'!P114 -> 10.068184
B108: ='Granulometrias Descarga'!B115 -> 46095 | C108: ='Granulometrias Descarga'!U115 -> A | D108: ='Granulometrias Descarga'!C115 -> GD-260557 | E108: ='Granulometrias Descarga'!F115 -> 3 | F108: ='Granulometrias Descarga'!G115 -> 2da.Est. | G108: ='Granulometrias Descarga'!P115 -> 10.843156
B109: ='Granulometrias Descarga'!B116 -> 46095 | C109: ='Granulometrias Descarga'!U116 -> A | D109: ='Granulometrias Descarga'!C116 -> GD-260558 | E109: ='Granulometrias Descarga'!F116 -> 3 | F109: ='Granulometrias Descarga'!G116 -> 2da.Est. | G109: ='Granulometrias Descarga'!P116 -> 10.286177
B110: ='Granulometrias Descarga'!B117 -> 46095 | C110: ='Granulometrias Descarga'!U117 -> A | D110: ='Granulometrias Descarga'!C117 -> GD-260559 | E110: ='Granulometrias Descarga'!F117 -> 4A-M | F110: ='Granulometrias Descarga'!G117 -> Sb | G110: ='Granulometrias Descarga'!P117 -> 10.775109
... B297: ='Granulometrias Descarga'!B304 -> 0 | C297: ='Granulometrias Descarga'!U304 -> 0 | D297: ='Granulometrias Descarga'!C304 -> 0 | E297: ='Granulometrias Descarga'!F304 -> 0 | F297: ='Granulometrias Descarga'!G304 -> 0 | G297: ='Granulometrias Descarga'!P304 -> 0
F299: Total | G299: =SUBTOTAL(3,G7:G297) -> 291
B300: Esperado | G300: <12
B301: Máximo | G301: =SUBTOTAL(4,G7:G297) -> 14.50351
B302: Mínimo | G302: =SUBTOTAL(5,G7:G297) -> 0
B303: Promedio | G303: =SUBTOTAL(1,G7:G297) -> 9.2509813
B304: Desv. Est. | G304: =SUBTOTAL(7,G7:G297) -> 2.4004885

Sheet GCA sem
D2: Control de Calidad
D3: PRESA DE RELAVES
B6: Fecha | C6: Turno | D6: Código | E6: Cancha | F6: Sp, Sb, A8,A9 | G6: Nº 200
B7: =+'Granulometrias Cono de Arena'!B9 -> 46082 | C7: =+'Granulometrias Cono de Arena'!V9 -> A | D7: =+'Granulometrias Cono de Arena'!C9 -> CA-260102 | E7: =+'Granulometrias Cono de Arena'!F9 -> 4B-H | F7: =+'Granulometrias Cono de Arena'!G9 -> Sp 57 | G7: =+'Granulometrias Cono de Arena'!T9 -> 13.158687
B8: =+'Granulometrias Cono de Arena'!B10 -> 46082 | C8: =+'Granulometrias Cono de Arena'!V10 -> A1 | D8: =+'Granulometrias Cono de Arena'!C10 -> CA-260103 | E8: =+'Granulometrias Cono de Arena'!F10 -> 2A-H | F8: =+'Granulometrias Cono de Arena'!G10 -> Plataforma | G8: =+'Granulometrias Cono de Arena'!T10 -> 11.98373
B9: =+'Granulometrias Cono de Arena'!B11 -> 46083 | C9: =+'Granulometrias Cono de Arena'!V11 -> A | D9: =+'Granulometrias Cono de Arena'!C11 -> CA-260104 | E9: =+'Granulometrias Cono de Arena'!F11 -> 2B-H | F9: =+'Granulometrias Cono de Arena'!G11 -> P.76 UF | G9: =+'Granulometrias Cono de Arena'!T11 -> 10.398909
B10: =+'Granulometrias Cono de Arena'!B13 -> 46084 | C10: =+'Granulometrias Cono de Arena'!V13 -> B | D10: =+'Granulometrias Cono de Arena'!C13 -> CA-260106 | E10: =+'Granulometrias Cono de Arena'!F13 -> 2C-L | F10: =+'Granulometrias Cono de Arena'!G13 -> Sp 33 | G10: =+'Granulometrias Cono de Arena'!T13 -> 11.06648
B11: =+'Granulometrias Cono de Arena'!B14 -> 46085 | C11: =+'Granulometrias Cono de Arena'!V14 -> A | D11: =+'Granulometrias Cono de Arena'!C14 -> CA-260107 | E11: =+'Granulometrias Cono de Arena'!F14 -> 2C-L | F11: =+'Granulometrias Cono de Arena'!G14 -> Sp 33 | G11: =+'Granulometrias Cono de Arena'!T14 -> 11.06648
B12: =+'Granulometrias Cono de Arena'!B15 -> 46085 | C12: =+'Granulometrias Cono de Arena'!V15 -> B | D12: =+'Granulometrias Cono de Arena'!C15 -> CA-260108 | E12: =+'Granulometrias Cono de Arena'!F15 -> 2C-H | F12: =+'Granulometrias Cono de Arena'!G15 -> Sp 30 | G12: =+'Granulometrias Cono de Arena'!T15 -> 14.614412
B13: =+'Granulometrias Cono de Arena'!B16 -> 46086 | C13: =+'Granulometrias Cono de Arena'!V16 -> A | D13: =+'Granulometrias Cono de Arena'!C16 -> CA-260109 | E13: =+'Granulometrias Cono de Arena'!F16 -> 2C-L | F13: =+'Granulometrias Cono de Arena'!G16 -> Sp 33 | G13: =+'Granulometrias Cono de Arena'!T16 -> 11.06648
B14: =+'Granulometrias Cono de Arena'!B17 -> 46086 | C14: =+'Granulometrias Cono de Arena'!V17 -> A1 | D14: =+'Granulometrias Cono de Arena'!C17 -> CA-260110 | E14: =+'Granulometrias Cono de Arena'!F17 -> 2C-L | F14: =+'Granulometrias Cono de Arena'!G17 -> Sp 33 | G14: =+'Granulometrias Cono de Arena'!T17 -> 11.06648
B15: =+'Granulometrias Cono de Arena'!B18 -> 46086 | C15: =+'Granulometrias Cono de Arena'!V18 -> B | D15: =+'Granulometrias Cono de Arena'!C18 -> CA-260111 | E15: =+'Granulometrias Cono de Arena'!F18 -> 1C-M | F15: =+'Granulometrias Cono de Arena'!G18 -> Sp 17 | G15: =+'Granulometrias Cono de Arena'!T18 -> 13.198655
B16: =+'Granulometrias Cono de Arena'!B19 -> 46087 | C16: =+'Granulometrias Cono de Arena'!V19 -> A | D16: =+'Granulometrias Cono de Arena'!C19 -> CA-260112 | E16: =+'Granulometrias Cono de Arena'!F19 -> 2A-M | F16: =+'Granulometrias Cono de Arena'!G19 -> Sp 21 | G16: =+'Granulometrias Cono de Arena'!T19 -> 13.61015
B17: =+'Granulometrias Cono de Arena'!B20 -> 46088 | C17: =+'Granulometrias Cono de Arena'!V20 -> B | D17: =+'Granulometrias Cono de Arena'!C20 -> CA-260113 | E17: =+'Granulometrias Cono de Arena'!F20 -> 1A-H | F17: =+'Granulometrias Cono de Arena'!G20 -> Plataforma | G17: =+'Granulometrias Cono de Arena'!T20 -> 15.277461
B18: =+'Granulometrias Cono de Arena'!B21 -> 46089 | C18: =+'Granulometrias Cono de Arena'!V21 -> A | D18: =+'Granulometrias Cono de Arena'!C21 -> CA-260114 | E18: =+'Granulometrias Cono de Arena'!F21 -> 4B-M | F18: =+'Granulometrias Cono de Arena'!G21 -> Sp 56 | G18: =+'Granulometrias Cono de Arena'!T21 -> 12.542916
B19: =+'Granulometrias Cono de Arena'!B22 -> 46089 | C19: =+'Granulometrias Cono de Arena'!V22 -> B | D19: =+'Granulometrias Cono de Arena'!C22 -> CA-260115 | E19: =+'Granulometrias Cono de Arena'!F22 -> 3A-H | F19: =+'Granulometrias Cono de Arena'!G22 -> Sp 39 | G19: =+'Granulometrias Cono de Arena'!T22 -> 14.813864
B20: =+'Granulometrias Cono de Arena'!B23 -> 46090 | C20: =+'Granulometrias Cono de Arena'!V23 -> A | D20: =+'Granulometrias Cono de Arena'!C23 -> CA-260116 | E20: =+'Granulometrias Cono de Arena'!F23 -> 3C-H | F20: =+'Granulometrias Cono de Arena'!G23 -> Sp 47 | G20: =+'Granulometrias Cono de Arena'!T23 -> 11.482558
B21: =+'Granulometrias Cono de Arena'!B24 -> 46090 | C21: =+'Granulometrias Cono de Arena'!V24 -> B | D21: =+'Granulometrias Cono de Arena'!C24 -> CA-260117 | E21: =+'Granulometrias Cono de Arena'!F24 -> 3B-M | F21: =+'Granulometrias Cono de Arena'!G24 -> Sp 39 | G21: =+'Granulometrias Cono de Arena'!T24 -> 10.598392
... B67: =+'Granulometrias Cono de Arena'!B70 -> 46112 | C67: =+'Granulometrias Cono de Arena'!V70 -> A | D67: =+'Granulometrias Cono de Arena'!C70 -> CA-260163 | E67: =+'Granulometrias Cono de Arena'!F70 -> 2A-M | F67: =+'Granulometrias Cono de Arena'!G70 -> Sp 20 | G67: =+'Granulometrias Cono de Arena'!T70 -> 11.761774
B68: =+'Granulometrias Cono de Arena'!B104 -> 0 | C68: =+'Granulometrias Cono de Arena'!V104 -> 0 | D68: =+'Granulometrias Cono de Arena'!C104 -> 0 | E68: =+'Granulometrias Cono de Arena'!F104 -> 0 | F68: =+'Granulometrias Cono de Arena'!G104 -> 0 | G68: =+'Granulometrias Cono de Arena'!T104 -> 0
B69: =+'Granulometrias Cono de Arena'!B105 -> 0 | C69: =+'Granulometrias Cono de Arena'!V105 -> 0 | D69: =+'Granulometrias Cono de Arena'!C105 -> 0 | E69: =+'Granulometrias Cono de Arena'!F105 -> 0 | F69: =+'Granulometrias Cono de Arena'!G105 -> 0 | G69: =+'Granulometrias Cono de Arena'!T105 -> 0
B70: =+'Granulometrias Cono de Arena'!B106 -> 0 | C70: =+'Granulometrias Cono de Arena'!V106 -> 0 | D70: =+'Granulometrias Cono de Arena'!C106 -> 0 | E70: =+'Granulometrias Cono de Arena'!F106 -> 0 | F70: =+'Granulometrias Cono de Arena'!G106 -> 0 | G70: =+'Granulometrias Cono de Arena'!T106 -> 0
B71: =+'Granulometrias Cono de Arena'!B107 -> 0 | C71: =+'Granulometrias Cono de Arena'!V107 -> 0 | D71: =+'Granulometrias Cono de Arena'!C107 -> 0 | E71: =+'Granulometrias Cono de Arena'!F107 -> 0 | F71: =+'Granulometrias Cono de Arena'!G107 -> 0 | G71: =+'Granulometrias Cono de Arena'!T107 -> 0
F73: Total | G73: =SUBTOTAL(3,Table2[Nº 200]) -> 17
B74: Esperado | G74: <15
B75: Máximo | G75: =SUBTOTAL(4,Table2[Nº 200]) -> 14.813864
B76: Mínimo | G76: =SUBTOTAL(5,Table2[Nº 200]) -> 10.549005
B77: Promedio | G77: =SUBTOTAL(1,Table2[Nº 200]) -> 12.186243
B78: Desv. Est. | G78: =SUBTOTAL(7,Table2[Nº 200]) -> 1.3003316
B79: Cantidad Ensayos | G79: =SUBTOTAL(3,Table2[Nº 200]) -> 17
U94: 14.3
U95: 13.9
U96: 13.4
U97: =U94+U95+U96 -> 41.6 | V97: =U97/3 -> 13.866667

Sheet GP sem
D2: Control de Calidad
D3: PRESA DE RELAVES
B6: Fecha | C6: Turno | D6: Código | E6: Cancha | F6: Sp, Sb, A8,A9 | G6: Nº 200
B7: =+'Granulometrias Proctor'!B9 -> 46085 | C7: =+'Granulometrias Proctor'!V9 -> B | D7: =+'Granulometrias Proctor'!C9 -> PR-260032 | E7: =+'Granulometrias Proctor'!F9 -> 2C-M | F7: =+'Granulometrias Proctor'!G9 -> Sp 32 | G7: =+'Granulometrias Proctor'!T9 -> 14.44795
B8: =+'Granulometrias Proctor'!B10 -> 46087 | C8: =+'Granulometrias Proctor'!V10 -> B | D8: =+'Granulometrias Proctor'!C10 -> PR-260033 | E8: =+'Granulometrias Proctor'!F10 -> 1B-H | F8: =+'Granulometrias Proctor'!G10 -> Plataforma | G8: =+'Granulometrias Proctor'!T10 -> 13.158426
B9: =+'Granulometrias Proctor'!B11 -> 46088 | C9: =+'Granulometrias Proctor'!V11 -> B | D9: =+'Granulometrias Proctor'!C11 -> PR-260034 | E9: =+'Granulometrias Proctor'!F11 -> 4B-H | F9: =+'Granulometrias Proctor'!G11 -> Sp 56 | G9: =+'Granulometrias Proctor'!T11 -> 12.725709
B10: =+'Granulometrias Proctor'!B12 -> 46090 | C10: =+'Granulometrias Proctor'!V12 -> B | D10: =+'Granulometrias Proctor'!C12 -> PR-260035 | E10: =+'Granulometrias Proctor'!F12 -> 4A-H | F10: =+'Granulometrias Proctor'!G12 -> Sp 51 | G10: =+'Granulometrias Proctor'!T12 -> 10.856228
B11: =+'Granulometrias Proctor'!B13 -> 46093 | C11: =+'Granulometrias Proctor'!V13 -> A | D11: =+'Granulometrias Proctor'!C13 -> PR-260036 | E11: =+'Granulometrias Proctor'!F13 -> 2B-H | F11: =+'Granulometrias Proctor'!G13 -> Sp 27 | G11: =+'Granulometrias Proctor'!T13 -> 9.7356828
B12: =+'Granulometrias Proctor'!B14 -> 46094 | C12: =+'Granulometrias Proctor'!V14 -> A | D12: =+'Granulometrias Proctor'!C14 -> PR-260037 | E12: =+'Granulometrias Proctor'!F14 -> 2A-M | F12: =+'Granulometrias Proctor'!G14 -> Sp 21 | G12: =+'Granulometrias Proctor'!T14 -> 12.718473
B13: =+'Granulometrias Proctor'!B15 -> 46095 | C13: =+'Granulometrias Proctor'!V15 -> B | D13: =+'Granulometrias Proctor'!C15 -> PR-260038 | E13: =+'Granulometrias Proctor'!F15 -> 3C-H | F13: =+'Granulometrias Proctor'!G15 -> Sp 48 | G13: =+'Granulometrias Proctor'!T15 -> 13.542385
B14: =+'Granulometrias Proctor'!B16 -> 46097 | C14: =+'Granulometrias Proctor'!V16 -> B | D14: =+'Granulometrias Proctor'!C16 -> PR-260039 | E14: =+'Granulometrias Proctor'!F16 -> 3A-M | F14: =+'Granulometrias Proctor'!G16 -> Sp 34 | G14: =+'Granulometrias Proctor'!T16 -> 12.23598
B15: =+'Granulometrias Proctor'!B17 -> 46099 | C15: =+'Granulometrias Proctor'!V17 -> A | D15: =+'Granulometrias Proctor'!C17 -> PR-260040 | E15: =+'Granulometrias Proctor'!F17 -> 4A-H | F15: =+'Granulometrias Proctor'!G17 -> Sp 50 | G15: =+'Granulometrias Proctor'!T17 -> 12.138869
B16: =+'Granulometrias Proctor'!B18 -> 46099 | C16: =+'Granulometrias Proctor'!V18 -> B | D16: =+'Granulometrias Proctor'!C18 -> PR-260041 | E16: =+'Granulometrias Proctor'!F18 -> 3C-H | F16: =+'Granulometrias Proctor'!G18 -> Sp 45 | G16: =+'Granulometrias Proctor'!T18 -> 11.156069
B17: =+'Granulometrias Proctor'!B19 -> 46100 | C17: =+'Granulometrias Proctor'!V19 -> A | D17: =+'Granulometrias Proctor'!C19 -> PR-260042 | E17: =+'Granulometrias Proctor'!F19 -> 2B-M | F17: =+'Granulometrias Proctor'!G19 -> Sp 28 | G17: =+'Granulometrias Proctor'!T19 -> 10.081173
B18: =+'Granulometrias Proctor'!B20 -> 46101 | C18: =+'Granulometrias Proctor'!V20 -> B | D18: =+'Granulometrias Proctor'!C20 -> PR-260043 | E18: =+'Granulometrias Proctor'!F20 -> 4A-M | F18: =+'Granulometrias Proctor'!G20 -> Sp 51 | G18: =+'Granulometrias Proctor'!T20 -> 13.370166
... B29: =+'Granulometrias Proctor'!B31 -> 0 | C29: =+'Granulometrias Proctor'!V31 -> 0 | D29: =+'Granulometrias Proctor'!C31 -> 0 | E29: =+'Granulometrias Proctor'!F31 -> 0 | F29: =+'Granulometrias Proctor'!G31 -> 0 | G29: =+'Granulometrias Proctor'!T31 -> 0
F31: Total | G31: =SUBTOTAL(3,Table3[Nº 200]) -> 23
B32: Esperado | G32: <12
B33: Máximo | G33: =SUBTOTAL(4,Table3[Nº 200]) -> 14.44795
B34: Mínimo | G34: =SUBTOTAL(5,Table3[Nº 200]) -> 0
B35: Promedio | G35: =SUBTOTAL(1,Table3[Nº 200]) -> 8.9335868
B36: Desv. Est. | G36: =SUBTOTAL(7,Table3[Nº 200]) -> 5.5383696
B37: Cantidad Ensayos | G37: =SUBTOTAL(3,Table3[Nº 200]) -> 23

Sheet GV sem
D2: Control de Calidad
D3: PRESA DE RELAVES
B6: Fecha | C6: Turno | D6: Código | E6: Cancha | F6: Sp, Sb, A8,A9 | G6: Nº 200 | H6: ASOCIADO
B7: ='Granulometrias de Verificación'!B9 -> 46082 | C7: ='Granulometrias de Verificación'!T9 -> A | D7: ='Granulometrias de Verificación'!C9 -> GV-260251 | E7: ='Granulometrias de Verificación'!F9 -> 4A-H | F7: ='Granulometrias de Verificación'!G9 -> Sp 51 | G7: ='Granulometrias de Verificación'!S9 -> 13.845655 | H7: =+'Granulometrias de Verificación'!U9 -> DN-261022
B8: ='Granulometrias de Verificación'!B10 -> 46082 | C8: ='Granulometrias de Verificación'!T10 -> A | D8: ='Granulometrias de Verificación'!C10 -> GV-260252 | E8: ='Granulometrias de Verificación'!F10 -> 4B-H | F8: ='Granulometrias de Verificación'!G10 -> Sp 55 | G8: ='Granulometrias de Verificación'!S10 -> 10.451698 | H8: =+'Granulometrias de Verificación'!U10 -> DN-261024
B9: ='Granulometrias de Verificación'!B11 -> 46082 | C9: ='Granulometrias de Verificación'!T11 -> B | D9: ='Granulometrias de Verificación'!C11 -> GV-260253 | E9: ='Granulometrias de Verificación'!F11 -> 3C-H | F9: ='Granulometrias de Verificación'!G11 -> Sp 45 | G9: ='Granulometrias de Verificación'!S11 -> 11.301958 | H9: =+'Granulometrias de Verificación'!U11 -> DN-261033
B10: ='Granulometrias de Verificación'!B12 -> 46083 | C10: ='Granulometrias de Verificación'!T12 -> A | D10: ='Granulometrias de Verificación'!C12 -> GV-260254 | E10: ='Granulometrias de Verificación'!F12 -> 2A-H | F10: ='Granulometrias de Verificación'!G12 -> SA-UF | G10: ='Granulometrias de Verificación'!S12 -> 14.610099 | H10: =+'Granulometrias de Verificación'!U12 -> DN-261039
B11: ='Granulometrias de Verificación'!B13 -> 46083 | C11: ='Granulometrias de Verificación'!T13 -> B | D11: ='Granulometrias de Verificación'!C13 -> GV-260255 | E11: ='Granulometrias de Verificación'!F13 -> 3A-H | F11: ='Granulometrias de Verificación'!G13 -> Sp 38 | G11: ='Granulometrias de Verificación'!S13 -> 13.248317 | H11: =+'Granulometrias de Verificación'!U13 -> DN-261044
B12: ='Granulometrias de Verificación'!B14 -> 46084 | C12: ='Granulometrias de Verificación'!T14 -> A | D12: ='Granulometrias de Verificación'!C14 -> GV-260256 | E12: ='Granulometrias de Verificación'!F14 -> 3B-H | F12: ='Granulometrias de Verificación'!G14 -> Sp 40 | G12: ='Granulometrias de Verificación'!S14 -> 12.453478 | H12: =+'Granulometrias de Verificación'!U14 -> DN-261048
B13: ='Granulometrias de Verificación'!B15 -> 46084 | C13: ='Granulometrias de Verificación'!T15 -> B | D13: ='Granulometrias de Verificación'!C15 -> GV-260257 | E13: ='Granulometrias de Verificación'!F15 -> 2C-M | F13: ='Granulometrias de Verificación'!G15 -> Sp 29 | G13: ='Granulometrias de Verificación'!S15 -> 11.017929 | H13: =+'Granulometrias de Verificación'!U15 -> DN-261055
B14: ='Granulometrias de Verificación'!B16 -> 46084 | C14: ='Granulometrias de Verificación'!T16 -> B | D14: ='Granulometrias de Verificación'!C16 -> GV-260258 | E14: ='Granulometrias de Verificación'!F16 -> 3A-L | F14: ='Granulometrias de Verificación'!G16 -> Sp 38 | G14: ='Granulometrias de Verificación'!S16 -> 12.65861 | H14: =+'Granulometrias de Verificación'!U16 -> DN-261064
B15: ='Granulometrias de Verificación'!B17 -> 46085 | C15: ='Granulometrias de Verificación'!T17 -> A | D15: ='Granulometrias de Verificación'!C17 -> GV-260259 | E15: ='Granulometrias de Verificación'!F17 -> 3A-H | F15: ='Granulometrias de Verificación'!G17 -> Plataforma | G15: ='Granulometrias de Verificación'!S17 -> 13.046786 | H15: =+'Granulometrias de Verificación'!U17 -> DN-261069
B16: ='Granulometrias de Verificación'!B18 -> 46085 | C16: ='Granulometrias de Verificación'!T18 -> A | D16: ='Granulometrias de Verificación'!C18 -> GV-260260 | E16: ='Granulometrias de Verificación'!F18 -> 3A-H | F16: ='Granulometrias de Verificación'!G18 -> Sp 36 | G16: ='Granulometrias de Verificación'!S18 -> 8.8749338 | H16: =+'Granulometrias de Verificación'!U18 -> DN-261072
B17: ='Granulometrias de Verificación'!B19 -> 46085 | C17: ='Granulometrias de Verificación'!T19 -> A | D17: ='Granulometrias de Verificación'!C19 -> GV-260261 | E17: ='Granulometrias de Verificación'!F19 -> 2C-M | F17: ='Granulometrias de Verificación'!G19 -> Sp 34 | G17: ='Granulometrias de Verificación'!S19 -> 12.129472 | H17: =+'Granulometrias de Verificación'!U19 -> DN-261074
B18: ='Granulometrias de Verificación'!B20 -> 46085 | C18: ='Granulometrias de Verificación'!T20 -> A | D18: ='Granulometrias de Verificación'!C20 -> GV-260262 | E18: ='Granulometrias de Verificación'!F20 -> 3A-M | F18: ='Granulometrias de Verificación'!G20 -> Sp 38 | G18: ='Granulometrias de Verificación'!S20 -> 14.776585 | H18: =+'Granulometrias de Verificación'!U20 -> FN-517
... B198: ='Granulometrias de Verificación'!B200 -> 0 | C198: ='Granulometrias de Verificación'!T200 -> 0 | D198: ='Granulometrias de Verificación'!C200 -> 0 | E198: ='Granulometrias de Verificación'!F200 -> 0 | F198: ='Granulometrias de Verificación'!G200 -> 0 | G198: ='Granulometrias de Verificación'!S200 -> 0 | H198: =+'Granulometrias de Verificación'!U200 -> 0
F200: Total | G200: =SUBTOTAL(3,G7:G198) -> 44
B201: Esperado | G201: <12 | M201: Filtrar ACOPIOS GV
B202: Máximo | G202: =SUBTOTAL(4,Table4[Nº 200]) -> 15.171233 | J202: Prom. Ponderado | M202: =+(+L204*L205+M204*M205)/(+L205+M205) -> 12.276432 | N202: =+(+L204*L205+N204*N205+M204*M205)/(+L205+N205+M205) -> 11.361129
B203: Mínimo | G203: =SUBTOTAL(5,Table4[Nº 200]) -> 10.292363 | L203: GV | M203: GCA | N203: GP
B204: Promedio | G204: =SUBTOTAL(1,Table4[Nº 200]) -> 12.311277 | J204: Prom. | L204: =+G204 -> 12.311277 | M204: =+'GCA sem'!G77 -> 12.186243 | N204: =+'GP sem'!G35 -> 8.9335868
B205: Desv. Est. | G205: =SUBTOTAL(7,Table4[Nº 200]) -> 1.2001768 | J205: # Ensayos | L205: =+G206 -> 44 | M205: =+'GCA sem'!G79 -> 17 | N205: =+'GP sem'!G37 -> 23
B206: Cantidad Ensayos | G206: =SUBTOTAL(3,Table4[Nº 200]) -> 44

Sheet ReportSemPart1
K2: Valores promedio de la semana filtrada | N2: Valores promedio de la semana filtrada | R2: Valores promedio de la semana filtrada | V2: Valores ponderados de la semana
D3: Hoy | F3: Filtrando | K3: Tabla Granulometrías Descarga | N3: Tabla Granulometría Cono de Arena | R3: Tabla Granulometría Cono de Arena | V3: Tabla Ponderada
B4: Ayer | C4: =D4-1 -> 46117 | D4: =TODAY() -> 46118 | F4: Desde | G4: =C5+1 -> 46111 | K4: %Finos Descarga | L4: Extra | N4: %Finos Descarga | O4: Extra | R4: %Finos Descarga | S4: Extra | V4: %Finos Descarga
B5: Hace 7 días | C5: =C4-7 -> 46110 | F5: Hasta | G5: =C4 -> 46117 | K5: =ROUND(AVERAGEIF(F16:F815,">0"),1) -> 9.6 | L5: =ROUND(AVERAGEIF(G16:G815,">0"),2) -> 70.66 | N5: =ROUND(AVERAGEIF(M16:M815,">0"),1) -> 12.5 | O5: =ROUND(AVERAGEIF(N16:N815,">0"),2) -> #DIV/0! | R5: =ROUND(AVERAGEIF(T16:T815,">0"),1) -> 12.7 | S5: =ROUND(AVERAGEIF(U16:U815,">0"),2) -> #DIV/0! | V5: =ROUND(V9/V7,1) -> 12.6
K6: Contador | L6: Contador | N6: Contador | O6: Contador | R6: Contador | S6: Contador | V6: Contador
B7: Mensual | K7: =COUNTIF(F16:F815,">0") -> 18 | L7: =COUNTIF(G16:G815,">0") -> 18 | N7: =COUNTIF(M16:M815,">0") -> 4 | O7: =COUNTIF(N16:N815,">0") -> 0 | R7: =COUNTIF(T16:T815,">0") -> 12 | S7: =COUNTIF(U16:U815,">0") -> 0 | V7: =SUM(N7,R7) -> 16
B8: Tabla Granulometrías Descarga | C8: Suma mensual | D8: Contador Mensual | E8: Tabla Arenas compactadas | F8: %Solidos mensual | K8: Suma | L8: Suma | N8: Suma | O8: Suma | R8: Suma | S8: Suma | V8: Suma Total
B9: =ROUND(AVERAGEIF(D16:D815,">0"),1) -> 9.7 | C9: =SUM(R16:R500)+SUM(K16:K500) -> 2667.7616 | D9: =COUNTIF(R16:R815,">0")+COUNTIF(K16:K815,">0") -> 213 | E9: =ROUND(C9/D9,1) -> 12.5 | F9: =ROUND(AVERAGEIF(E16:E815,">0"),1) -> 70.4 | K9: =SUM(F16:F463) -> 172.72912 | L9: =SUM(G16:G463) -> 1271.7988 | N9: =SUM(M16:M463) -> 49.931578 | O9: =SUM(N16:N463) -> 0 | R9: =SUM(T16:T463) -> 151.85676 | S9: =SUM(U16:U463) -> 0 | V9: =SUM(N9,R9) -> 201.78834
B10: reporte
D14: Tabla Granulometrías Descarga | K14: Tabla Granulometría Cono de Arena | R14: Tabla Granulometría Cono de Arena
B15: Fecha | C15: Verificación | D15: %Finos Descarga | E15: Extra | F15: Filtro DS | G15: Filtro Comp. | I15: Fecha | J15: Verificación | K15: %Finos CA | L15: Extra | M15: Filtro DS | N15: Filtro Comp. | P15: Fecha | Q15: Verificación | R15: %Finos CA | S15: Asociado | T15: Filtro DS | U15: Filtro Comp. | V15: Verificación 2 | W15: Verificación 2
B16: ='Granulometrias Descarga'!B9 -> 46082 | C16: =IF(AND(B16>$C$5,B16<$D$4),1,0) -> 0 | D16: ='Granulometrias Descarga'!P9 -> 9.0771939 | E16: ='Granulometrias Descarga'!Q9 -> 70.903904 | F16: =IFERROR(D16*C16,0) -> 0 | G16: =IFERROR(E16*C16,0) -> 0 | I16: ='Granulometrias Cono de Arena'!B9 -> 46082 | J16: =IF(AND(I16>$C$5,I16<$D$4),1,0) -> 0 | K16: ='Granulometrias Cono de Arena'!T9 -> 13.158687 | M16: =IFERROR(K16*J16,0) -> 0 | N16: =IFERROR(L16*J16,0) -> 0 | P16: ='Granulometrias de Verificación'!B9 -> 46082 | Q16: =IF(AND(P16>$C$5,P16<$D$4),1,0) -> 0 | R16: ='Granulometrias de Verificación'!S9 -> 13.845655 | S16: ='Granulometrias de Verificación'!U9 -> DN-261022 | T16: =IFERROR(R16*Q16,0)*V16 -> 0 | U16: =IFERROR(S16*Q16,0) -> 0 | V16: =IF(OR(LEFT(S16,2)="DN",LEFT(S16,2)="CA", LEFT(S16,2)="FN"),1,0) -> 1 | W16: =IF(S16<>"Acopio",1,0) -> 1
B17: ='Granulometrias Descarga'!B10 -> 46082 | C17: =IF(AND(B17>$C$5,B17<$D$4),1,0) -> 0 | D17: ='Granulometrias Descarga'!P10 -> 10.06135 | E17: ='Granulometrias Descarga'!Q10 -> 69.99313 | F17: =IFERROR(D17*C17,0) -> 0 | G17: =IFERROR(E17*C17,0) -> 0 | I17: ='Granulometrias Cono de Arena'!B10 -> 46082 | J17: =IF(AND(I17>$C$5,I17<$D$4),1,0) -> 0 | K17: ='Granulometrias Cono de Arena'!T10 -> 11.98373 | M17: =IFERROR(K17*J17,0) -> 0 | N17: =IFERROR(L17*J17,0) -> 0 | P17: ='Granulometrias de Verificación'!B10 -> 46082 | Q17: =IF(AND(P17>$C$5,P17<$D$4),1,0) -> 0 | R17: ='Granulometrias de Verificación'!S10 -> 10.451698 | S17: ='Granulometrias de Verificación'!U10 -> DN-261024 | T17: =IFERROR(R17*Q17,0)*V17 -> 0 | U17: =IFERROR(S17*Q17,0) -> 0 | V17: =IF(OR(LEFT(S17,2)="DN",LEFT(S17,2)="CA", LEFT(S17,2)="FN"),1,0) -> 1 | W17: =IF(S17<>"Acopio",1,0) -> 1
B18: ='Granulometrias Descarga'!B11 -> 46082 | C18: =IF(AND(B18>$C$5,B18<$D$4),1,0) -> 0 | D18: ='Granulometrias Descarga'!P11 -> 8.490566 | E18: ='Granulometrias Descarga'!Q11 -> 69.794239 | F18: =IFERROR(D18*C18,0) -> 0 | G18: =IFERROR(E18*C18,0) -> 0 | I18: ='Granulometrias Cono de Arena'!B11 -> 46083 | J18: =IF(AND(I18>$C$5,I18<$D$4),1,0) -> 0 | K18: ='Granulometrias Cono de Arena'!T11 -> 10.398909 | M18: =IFERROR(K18*J18,0) -> 0 | N18: =IFERROR(L18*J18,0) -> 0 | P18: ='Granulometrias de Verificación'!B11 -> 46082 | Q18: =IF(AND(P18>$C$5,P18<$D$4),1,0) -> 0 | R18: ='Granulometrias de Verificación'!S11 -> 11.301958 | S18: ='Granulometrias de Verificación'!U11 -> DN-261033 | T18: =IFERROR(R18*Q18,0)*V18 -> 0 | U18: =IFERROR(S18*Q18,0) -> 0 | V18: =IF(OR(LEFT(S18,2)="DN",LEFT(S18,2)="CA", LEFT(S18,2)="FN"),1,0) -> 1 | W18: =IF(S18<>"Acopio",1,0) -> 1
B19: ='Granulometrias Descarga'!B12 -> 46082 | C19: =IF(AND(B19>$C$5,B19<$D$4),1,0) -> 0 | D19: ='Granulometrias Descarga'!P12 -> 7.8075483 | E19: ='Granulometrias Descarga'!Q12 -> 70.40568 | F19: =IFERROR(D19*C19,0) -> 0 | G19: =IFERROR(E19*C19,0) -> 0 | I19: ='Granulometrias Cono de Arena'!B12 -> 46084 | J19: =IF(AND(I19>$C$5,I19<$D$4),1,0) -> 0 | K19: ='Granulometrias Cono de Arena'!T12 -> 10.8188 | M19: =IFERROR(K19*J19,0) -> 0 | N19: =IFERROR(L19*J19,0) -> 0 | P19: ='Granulometrias de Verificación'!B12 -> 46083 | Q19: =IF(AND(P19>$C$5,P19<$D$4),1,0) -> 0 | R19: ='Granulometrias de Verificación'!S12 -> 14.610099 | S19: ='Granulometrias de Verificación'!U12 -> DN-261039 | T19: =IFERROR(R19*Q19,0)*V19 -> 0 | U19: =IFERROR(S19*Q19,0) -> 0 | V19: =IF(OR(LEFT(S19,2)="DN",LEFT(S19,2)="CA", LEFT(S19,2)="FN"),1,0) -> 1 | W19: =IF(S19<>"Acopio",1,0) -> 1
B20: ='Granulometrias Descarga'!B13 -> 46082 | C20: =IF(AND(B20>$C$5,B20<$D$4),1,0) -> 0 | D20: ='Granulometrias Descarga'!P13 -> 7.9229798 | E20: ='Granulometrias Descarga'!Q13 -> 67.793709 | F20: =IFERROR(D20*C20,0) -> 0 | G20: =IFERROR(E20*C20,0) -> 0 | I20: ='Granulometrias Cono de Arena'!B13 -> 46084 | J20: =IF(AND(I20>$C$5,I20<$D$4),1,0) -> 0 | K20: ='Granulometrias Cono de Arena'!T13 -> 11.06648 | M20: =IFERROR(K20*J20,0) -> 0 | N20: =IFERROR(L20*J20,0) -> 0 | P20: ='Granulometrias de Verificación'!B13 -> 46083 | Q20: =IF(AND(P20>$C$5,P20<$D$4),1,0) -> 0 | R20: ='Granulometrias de Verificación'!S13 -> 13.248317 | S20: ='Granulometrias de Verificación'!U13 -> DN-261044 | T20: =IFERROR(R20*Q20,0)*V20 -> 0 | U20: =IFERROR(S20*Q20,0) -> 0 | V20: =IF(OR(LEFT(S20,2)="DN",LEFT(S20,2)="CA", LEFT(S20,2)="FN"),1,0) -> 1 | W20: =IF(S20<>"Acopio",1,0) -> 1
B21: ='Granulometrias Descarga'!B14 -> 46082 | C21: =IF(AND(B21>$C$5,B21<$D$4),1,0) -> 0 | D21: ='Granulometrias Descarga'!P14 -> 8.5169744 | E21: ='Granulometrias Descarga'!Q14 -> 68.572595 | F21: =IFERROR(D21*C21,0) -> 0 | G21: =IFERROR(E21*C21,0) -> 0 | I21: ='Granulometrias Cono de Arena'!B14 -> 46085 | J21: =IF(AND(I21>$C$5,I21<$D$4),1,0) -> 0 | K21: ='Granulometrias Cono de Arena'!T14 -> 11.06648 | M21: =IFERROR(K21*J21,0) -> 0 | N21: =IFERROR(L21*J21,0) -> 0 | P21: ='Granulometrias de Verificación'!B14 -> 46084 | Q21: =IF(AND(P21>$C$5,P21<$D$4),1,0) -> 0 | R21: ='Granulometrias de Verificación'!S14 -> 12.453478 | S21: ='Granulometrias de Verificación'!U14 -> DN-261048 | T21: =IFERROR(R21*Q21,0)*V21 -> 0 | U21: =IFERROR(S21*Q21,0) -> 0 | V21: =IF(OR(LEFT(S21,2)="DN",LEFT(S21,2)="CA", LEFT(S21,2)="FN"),1,0) -> 1 | W21: =IF(S21<>"Acopio",1,0) -> 1
B22: ='Granulometrias Descarga'!B15 -> 46082 | C22: =IF(AND(B22>$C$5,B22<$D$4),1,0) -> 0 | D22: ='Granulometrias Descarga'!P15 -> 8.0630494 | E22: ='Granulometrias Descarga'!Q15 -> 67.922586 | F22: =IFERROR(D22*C22,0) -> 0 | G22: =IFERROR(E22*C22,0) -> 0 | I22: ='Granulometrias Cono de Arena'!B15 -> 46085 | J22: =IF(AND(I22>$C$5,I22<$D$4),1,0) -> 0 | K22: ='Granulometrias Cono de Arena'!T15 -> 14.614412 | M22: =IFERROR(K22*J22,0) -> 0 | N22: =IFERROR(L22*J22,0) -> 0 | P22: ='Granulometrias de Verificación'!B15 -> 46084 | Q22: =IF(AND(P22>$C$5,P22<$D$4),1,0) -> 0 | R22: ='Granulometrias de Verificación'!S15 -> 11.017929 | S22: ='Granulometrias de Verificación'!U15 -> DN-261055 | T22: =IFERROR(R22*Q22,0)*V22 -> 0 | U22: =IFERROR(S22*Q22,0) -> 0 | V22: =IF(OR(LEFT(S22,2)="DN",LEFT(S22,2)="CA", LEFT(S22,2)="FN"),1,0) -> 1 | W22: =IF(S22<>"Acopio",1,0) -> 1
B23: ='Granulometrias Descarga'!B16 -> 46082 | C23: =IF(AND(B23>$C$5,B23<$D$4),1,0) -> 0 | D23: ='Granulometrias Descarga'!P16 -> 8.7227414 | E23: ='Granulometrias Descarga'!Q16 -> 68.414322 | F23: =IFERROR(D23*C23,0) -> 0 | G23: =IFERROR(E23*C23,0) -> 0 | I23: ='Granulometrias Cono de Arena'!B16 -> 46086 | J23: =IF(AND(I23>$C$5,I23<$D$4),1,0) -> 0 | K23: ='Granulometrias Cono de Arena'!T16 -> 11.06648 | M23: =IFERROR(K23*J23,0) -> 0 | N23: =IFERROR(L23*J23,0) -> 0 | P23: ='Granulometrias de Verificación'!B16 -> 46084 | Q23: =IF(AND(P23>$C$5,P23<$D$4),1,0) -> 0 | R23: ='Granulometrias de Verificación'!S16 -> 12.65861 | S23: ='Granulometrias de Verificación'!U16 -> DN-261064 | T23: =IFERROR(R23*Q23,0)*V23 -> 0 | U23: =IFERROR(S23*Q23,0) -> 0 | V23: =IF(OR(LEFT(S23,2)="DN",LEFT(S23,2)="CA", LEFT(S23,2)="FN"),1,0) -> 1 | W23: =IF(S23<>"Acopio",1,0) -> 1
B24: ='Granulometrias Descarga'!B17 -> 46083 | C24: =IF(AND(B24>$C$5,B24<$D$4),1,0) -> 0 | D24: ='Granulometrias Descarga'!P17 -> 8.7065568 | E24: ='Granulometrias Descarga'!Q17 -> 69.307177 | F24: =IFERROR(D24*C24,0) -> 0 | G24: =IFERROR(E24*C24,0) -> 0 | I24: ='Granulometrias Cono de Arena'!B17 -> 46086 | J24: =IF(AND(I24>$C$5,I24<$D$4),1,0) -> 0 | K24: ='Granulometrias Cono de Arena'!T17 -> 11.06648 | M24: =IFERROR(K24*J24,0) -> 0 | N24: =IFERROR(L24*J24,0) -> 0 | P24: ='Granulometrias de Verificación'!B17 -> 46085 | Q24: =IF(AND(P24>$C$5,P24<$D$4),1,0) -> 0 | R24: ='Granulometrias de Verificación'!S17 -> 13.046786 | S24: ='Granulometrias de Verificación'!U17 -> DN-261069 | T24: =IFERROR(R24*Q24,0)*V24 -> 0 | U24: =IFERROR(S24*Q24,0) -> 0 | V24: =IF(OR(LEFT(S24,2)="DN",LEFT(S24,2)="CA", LEFT(S24,2)="FN"),1,0) -> 1 | W24: =IF(S24<>"Acopio",1,0) -> 1
B25: ='Granulometrias Descarga'!B18 -> 46083 | C25: =IF(AND(B25>$C$5,B25<$D$4),1,0) -> 0 | D25: ='Granulometrias Descarga'!P18 -> 9.1081594 | E25: ='Granulometrias Descarga'!Q18 -> 70.501672 | F25: =IFERROR(D25*C25,0) -> 0 | G25: =IFERROR(E25*C25,0) -> 0 | I25: ='Granulometrias Cono de Arena'!B18 -> 46086 | J25: =IF(AND(I25>$C$5,I25<$D$4),1,0) -> 0 | K25: ='Granulometrias Cono de Arena'!T18 -> 13.198655 | M25: =IFERROR(K25*J25,0) -> 0 | N25: =IFERROR(L25*J25,0) -> 0 | P25: ='Granulometrias de Verificación'!B18 -> 46085 | Q25: =IF(AND(P25>$C$5,P25<$D$4),1,0) -> 0 | R25: ='Granulometrias de Verificación'!S18 -> 8.8749338 | S25: ='Granulometrias de Verificación'!U18 -> DN-261072 | T25: =IFERROR(R25*Q25,0)*V25 -> 0 | U25: =IFERROR(S25*Q25,0) -> 0 | V25: =IF(OR(LEFT(S25,2)="DN",LEFT(S25,2)="CA", LEFT(S25,2)="FN"),1,0) -> 1 | W25: =IF(S25<>"Acopio",1,0) -> 1
B26: ='Granulometrias Descarga'!B19 -> 46083 | C26: =IF(AND(B26>$C$5,B26<$D$4),1,0) -> 0 | D26: ='Granulometrias Descarga'!P19 -> 9.5481671 | E26: ='Granulometrias Descarga'!Q19 -> 70.691041 | F26: =IFERROR(D26*C26,0) -> 0 | G26: =IFERROR(E26*C26,0) -> 0 | I26: ='Granulometrias Cono de Arena'!B19 -> 46087 | J26: =IF(AND(I26>$C$5,I26<$D$4),1,0) -> 0 | K26: ='Granulometrias Cono de Arena'!T19 -> 13.61015 | M26: =IFERROR(K26*J26,0) -> 0 | N26: =IFERROR(L26*J26,0) -> 0 | P26: ='Granulometrias de Verificación'!B19 -> 46085 | Q26: =IF(AND(P26>$C$5,P26<$D$4),1,0) -> 0 | R26: ='Granulometrias de Verificación'!S19 -> 12.129472 | S26: ='Granulometrias de Verificación'!U19 -> DN-261074 | T26: =IFERROR(R26*Q26,0)*V26 -> 0 | U26: =IFERROR(S26*Q26,0) -> 0 | V26: =IF(OR(LEFT(S26,2)="DN",LEFT(S26,2)="CA", LEFT(S26,2)="FN"),1,0) -> 1 | W26: =IF(S26<>"Acopio",1,0) -> 1
B27: ='Granulometrias Descarga'!B20 -> 46083 | C27: =IF(AND(B27>$C$5,B27<$D$4),1,0) -> 0 | D27: ='Granulometrias Descarga'!P20 -> 11.026936 | E27: ='Granulometrias Descarga'!Q20 -> 71.208791 | F27: =IFERROR(D27*C27,0) -> 0 | G27: =IFERROR(E27*C27,0) -> 0 | I27: ='Granulometrias Cono de Arena'!B20 -> 46088 | J27: =IF(AND(I27>$C$5,I27<$D$4),1,0) -> 0 | K27: ='Granulometrias Cono de Arena'!T20 -> 15.277461 | M27: =IFERROR(K27*J27,0) -> 0 | N27: =IFERROR(L27*J27,0) -> 0 | P27: ='Granulometrias de Verificación'!B20 -> 46085 | Q27: =IF(AND(P27>$C$5,P27<$D$4),1,0) -> 0 | R27: ='Granulometrias de Verificación'!S20 -> 14.776585 | S27: ='Granulometrias de Verificación'!U20 -> FN-517 | T27: =IFERROR(R27*Q27,0)*V27 -> 0 | U27: =IFERROR(S27*Q27,0) -> 0 | V27: =IF(OR(LEFT(S27,2)="DN",LEFT(S27,2)="CA", LEFT(S27,2)="FN"),1,0) -> 1 | W27: =IF(S27<>"Acopio",1,0) -> 1
... B77: ='Granulometrias Descarga'!B70 -> 46089 | C77: =IF(AND(B77>$C$5,B77<$D$4),1,0) -> 0 | D77: ='Granulometrias Descarga'!P70 -> 9.6870343 | E77: ='Granulometrias Descarga'!Q70 -> 70.990267 | F77: =IFERROR(D77*C77,0) -> 0 | G77: =IFERROR(E77*C77,0) -> 0 | I77: ='Granulometrias Cono de Arena'!B70 -> 46112 | J77: =IF(AND(I77>$C$5,I77<$D$4),1,0) -> 1 | K77: ='Granulometrias Cono de Arena'!T70 -> 11.761774 | M77: =IFERROR(K77*J77,0) -> 11.761774 | N77: =IFERROR(L77*J77,0) -> 0 | P77: ='Granulometrias de Verificación'!B70 -> 46096 | Q77: =IF(AND(P77>$C$5,P77<$D$4),1,0) -> 0 | R77: ='Granulometrias de Verificación'!S70 -> 13.017032 | S77: ='Granulometrias de Verificación'!U70 -> DN-261267 | T77: =IFERROR(R77*Q77,0)*V77 -> 0 | U77: =IFERROR(S77*Q77,0) -> 0 | V77: =IF(OR(LEFT(S77,2)="DN",LEFT(S77,2)="CA", LEFT(S77,2)="FN"),1,0) -> 1 | W77: =IF(S77<>"Acopio",1,0) -> 1
B78: ='Granulometrias Descarga'!B71 -> 46089 | C78: =IF(AND(B78>$C$5,B78<$D$4),1,0) -> 0 | D78: ='Granulometrias Descarga'!P71 -> 10.018149 | E78: ='Granulometrias Descarga'!Q71 -> 68.091943 | F78: =IFERROR(D78*C78,0) -> 0 | G78: =IFERROR(E78*C78,0) -> 0 | I78: ='Granulometrias Cono de Arena'!B104 -> 0 | J78: =IF(AND(I78>$C$5,I78<$D$4),1,0) -> 0 | K78: ='Granulometrias Cono de Arena'!T104 -> 0 | M78: =IFERROR(K78*J78,0) -> 0 | N78: =IFERROR(L78*J78,0) -> 0 | P78: ='Granulometrias de Verificación'!B71 -> 46096 | Q78: =IF(AND(P78>$C$5,P78<$D$4),1,0) -> 0 | R78: ='Granulometrias de Verificación'!S71 -> 13.206247 | S78: ='Granulometrias de Verificación'!U71 -> DN-261272 | T78: =IFERROR(R78*Q78,0)*V78 -> 0 | U78: =IFERROR(S78*Q78,0) -> 0 | V78: =IF(OR(LEFT(S78,2)="DN",LEFT(S78,2)="CA", LEFT(S78,2)="FN"),1,0) -> 1 | W78: =IF(S78<>"Acopio",1,0) -> 1
B79: ='Granulometrias Descarga'!B72 -> 46089 | C79: =IF(AND(B79>$C$5,B79<$D$4),1,0) -> 0 | D79: ='Granulometrias Descarga'!P72 -> 12.085635 | E79: ='Granulometrias Descarga'!Q72 -> 68.625592 | F79: =IFERROR(D79*C79,0) -> 0 | G79: =IFERROR(E79*C79,0) -> 0 | I79: ='Granulometrias Cono de Arena'!B105 -> 0 | J79: =IF(AND(I79>$C$5,I79<$D$4),1,0) -> 0 | K79: ='Granulometrias Cono de Arena'!T105 -> 0 | M79: =IFERROR(K79*J79,0) -> 0 | N79: =IFERROR(L79*J79,0) -> 0 | P79: ='Granulometrias de Verificación'!B72 -> 46096 | Q79: =IF(AND(P79>$C$5,P79<$D$4),1,0) -> 0 | R79: ='Granulometrias de Verificación'!S72 -> 12.535063 | S79: ='Granulometrias de Verificación'!U72 -> DN-261275 | T79: =IFERROR(R79*Q79,0)*V79 -> 0 | U79: =IFERROR(S79*Q79,0) -> 0 | V79: =IF(OR(LEFT(S79,2)="DN",LEFT(S79,2)="CA", LEFT(S79,2)="FN"),1,0) -> 1 | W79: =IF(S79<>"Acopio",1,0) -> 1
B80: ='Granulometrias Descarga'!B73 -> 46089 | C80: =IF(AND(B80>$C$5,B80<$D$4),1,0) -> 0 | D80: ='Granulometrias Descarga'!P73 -> 11.855241 | E80: ='Granulometrias Descarga'!Q73 -> 68.101983 | F80: =IFERROR(D80*C80,0) -> 0 | G80: =IFERROR(E80*C80,0) -> 0 | I80: ='Granulometrias Cono de Arena'!B106 -> 0 | J80: =IF(AND(I80>$C$5,I80<$D$4),1,0) -> 0 | K80: ='Granulometrias Cono de Arena'!T106 -> 0 | M80: =IFERROR(K80*J80,0) -> 0 | N80: =IFERROR(L80*J80,0) -> 0 | P80: ='Granulometrias de Verificación'!B73 -> 46097 | Q80: =IF(AND(P80>$C$5,P80<$D$4),1,0) -> 0 | R80: ='Granulometrias de Verificación'!S73 -> 13.893225 | S80: ='Granulometrias de Verificación'!U73 -> DN-261283 | T80: =IFERROR(R80*Q80,0)*V80 -> 0 | U80: =IFERROR(S80*Q80,0) -> 0 | V80: =IF(OR(LEFT(S80,2)="DN",LEFT(S80,2)="CA", LEFT(S80,2)="FN"),1,0) -> 1 | W80: =IF(S80<>"Acopio",1,0) -> 1
B81: ='Granulometrias Descarga'!B74 -> 46090 | C81: =IF(AND(B81>$C$5,B81<$D$4),1,0) -> 0 | D81: ='Granulometrias Descarga'!P74 -> 8.3408885 | E81: ='Granulometrias Descarga'!Q74 -> 67.256098 | F81: =IFERROR(D81*C81,0) -> 0 | G81: =IFERROR(E81*C81,0) -> 0 | I81: ='Granulometrias Cono de Arena'!B107 -> 0 | J81: =IF(AND(I81>$C$5,I81<$D$4),1,0) -> 0 | K81: ='Granulometrias Cono de Arena'!T107 -> 0 | M81: =IFERROR(K81*J81,0) -> 0 | N81: =IFERROR(L81*J81,0) -> 0 | P81: ='Granulometrias de Verificación'!B74 -> 46097 | Q81: =IF(AND(P81>$C$5,P81<$D$4),1,0) -> 0 | R81: ='Granulometrias de Verificación'!S74 -> 10.461192 | S81: ='Granulometrias de Verificación'!U74 -> DN-261286 | T81: =IFERROR(R81*Q81,0)*V81 -> 0 | U81: =IFERROR(S81*Q81,0) -> 0 | V81: =IF(OR(LEFT(S81,2)="DN",LEFT(S81,2)="CA", LEFT(S81,2)="FN"),1,0) -> 1 | W81: =IF(S81<>"Acopio",1,0) -> 1
B82: ='Granulometrias Descarga'!B75 -> 46090 | C82: =IF(AND(B82>$C$5,B82<$D$4),1,0) -> 0 | D82: ='Granulometrias Descarga'!P75 -> 8.4977721 | E82: ='Granulometrias Descarga'!Q75 -> 68.797898 | F82: =IFERROR(D82*C82,0) -> 0 | G82: =IFERROR(E82*C82,0) -> 0 | I82: ='Granulometrias Cono de Arena'!B108 -> 0 | J82: =IF(AND(I82>$C$5,I82<$D$4),1,0) -> 0 | K82: ='Granulometrias Cono de Arena'!T108 -> 0 | M82: =IFERROR(K82*J82,0) -> 0 | N82: =IFERROR(L82*J82,0) -> 0 | P82: ='Granulometrias de Verificación'!B75 -> 46097 | Q82: =IF(AND(P82>$C$5,P82<$D$4),1,0) -> 0 | R82: ='Granulometrias de Verificación'!S75 -> 12.60223 | S82: ='Granulometrias de Verificación'!U75 -> DN-261293 | T82: =IFERROR(R82*Q82,0)*V82 -> 0 | U82: =IFERROR(S82*Q82,0) -> 0 | V82: =IF(OR(LEFT(S82,2)="DN",LEFT(S82,2)="CA", LEFT(S82,2)="FN"),1,0) -> 1 | W82: =IF(S82<>"Acopio",1,0) -> 1
B83: ='Granulometrias Descarga'!B76 -> 46090 | C83: =IF(AND(B83>$C$5,B83<$D$4),1,0) -> 0 | D83: ='Granulometrias Descarga'!P76 -> 11.606392 | E83: ='Granulometrias Descarga'!Q76 -> 70.605701 | F83: =IFERROR(D83*C83,0) -> 0 | G83: =IFERROR(E83*C83,0) -> 0 | I83: ='Granulometrias Cono de Arena'!B109 -> 0 | J83: =IF(AND(I83>$C$5,I83<$D$4),1,0) -> 0 | K83: ='Granulometrias Cono de Arena'!T109 -> 0 | M83: =IFERROR(K83*J83,0) -> 0 | N83: =IFERROR(L83*J83,0) -> 0 | P83: ='Granulometrias de Verificación'!B76 -> 46097 | Q83: =IF(AND(P83>$C$5,P83<$D$4),1,0) -> 0 | R83: ='Granulometrias de Verificación'!S76 -> 13.284176 | S83: ='Granulometrias de Verificación'!U76 -> DN-261296 | T83: =IFERROR(R83*Q83,0)*V83 -> 0 | U83: =IFERROR(S83*Q83,0) -> 0 | V83: =IF(OR(LEFT(S83,2)="DN",LEFT(S83,2)="CA", LEFT(S83,2)="FN"),1,0) -> 1 | W83: =IF(S83<>"Acopio",1,0) -> 1
B84: ='Granulometrias Descarga'!B77 -> 46090 | C84: =IF(AND(B84>$C$5,B84<$D$4),1,0) -> 0 | D84: ='Granulometrias Descarga'!P77 -> 11.152882 | E84: ='Granulometrias Descarga'!Q77 -> 69.709544 | F84: =IFERROR(D84*C84,0) -> 0 | G84: =IFERROR(E84*C84,0) -> 0 | I84: ='Granulometrias Cono de Arena'!B110 -> 0 | J84: =IF(AND(I84>$C$5,I84<$D$4),1,0) -> 0 | K84: ='Granulometrias Cono de Arena'!T110 -> 0 | M84: =IFERROR(K84*J84,0) -> 0 | N84: =IFERROR(L84*J84,0) -> 0 | P84: ='Granulometrias de Verificación'!B77 -> 46097 | Q84: =IF(AND(P84>$C$5,P84<$D$4),1,0) -> 0 | R84: ='Granulometrias de Verificación'!S77 -> 12.563542 | S84: ='Granulometrias de Verificación'!U77 -> DN-261298 | T84: =IFERROR(R84*Q84,0)*V84 -> 0 | U84: =IFERROR(S84*Q84,0) -> 0 | V84: =IF(OR(LEFT(S84,2)="DN",LEFT(S84,2)="CA", LEFT(S84,2)="FN"),1,0) -> 1 | W84: =IF(S84<>"Acopio",1,0) -> 1
B85: ='Granulometrias Descarga'!B78 -> 46090 | C85: =IF(AND(B85>$C$5,B85<$D$4),1,0) -> 0 | D85: ='Granulometrias Descarga'!P78 -> 10.794814 | E85: ='Granulometrias Descarga'!Q78 -> 70.174051 | F85: =IFERROR(D85*C85,0) -> 0 | G85: =IFERROR(E85*C85,0) -> 0 | I85: ='Granulometrias Cono de Arena'!B111 -> 0 | J85: =IF(AND(I85>$C$5,I85<$D$4),1,0) -> 0 | K85: ='Granulometrias Cono de Arena'!T111 -> 0 | M85: =IFERROR(K85*J85,0) -> 0 | N85: =IFERROR(L85*J85,0) -> 0 | P85: ='Granulometrias de Verificación'!B78 -> 46098 | Q85: =IF(AND(P85>$C$5,P85<$D$4),1,0) -> 0 | R85: ='Granulometrias de Verificación'!S78 -> 13.762743 | S85: ='Granulometrias de Verificación'!U78 -> DN-261302 | T85: =IFERROR(R85*Q85,0)*V85 -> 0 | U85: =IFERROR(S85*Q85,0) -> 0 | V85: =IF(OR(LEFT(S85,2)="DN",LEFT(S85,2)="CA", LEFT(S85,2)="FN"),1,0) -> 1 | W85: =IF(S85<>"Acopio",1,0) -> 1
B86: ='Granulometrias Descarga'!B79 -> 46090 | C86: =IF(AND(B86>$C$5,B86<$D$4),1,0) -> 0 | D86: ='Granulometrias Descarga'!P79 -> 12.573616 | E86: ='Granulometrias Descarga'!Q79 -> 70.456432 | F86: =IFERROR(D86*C86,0) -> 0 | G86: =IFERROR(E86*C86,0) -> 0 | I86: ='Granulometrias Cono de Arena'!B112 -> 0 | J86: =IF(AND(I86>$C$5,I86<$D$4),1,0) -> 0 | K86: ='Granulometrias Cono de Arena'!T112 -> 0 | M86: =IFERROR(K86*J86,0) -> 0 | N86: =IFERROR(L86*J86,0) -> 0 | P86: ='Granulometrias de Verificación'!B79 -> 46098 | Q86: =IF(AND(P86>$C$5,P86<$D$4),1,0) -> 0 | R86: ='Granulometrias de Verificación'!S79 -> 11.820926 | S86: ='Granulometrias de Verificación'!U79 -> DN-261306 | T86: =IFERROR(R86*Q86,0)*V86 -> 0 | U86: =IFERROR(S86*Q86,0) -> 0 | V86: =IF(OR(LEFT(S86,2)="DN",LEFT(S86,2)="CA", LEFT(S86,2)="FN"),1,0) -> 1 | W86: =IF(S86<>"Acopio",1,0) -> 1
B87: ='Granulometrias Descarga'!B80 -> 46090 | C87: =IF(AND(B87>$C$5,B87<$D$4),1,0) -> 0 | D87: ='Granulometrias Descarga'!P80 -> 8.4080371 | E87: ='Granulometrias Descarga'!Q80 -> 71.098901 | F87: =IFERROR(D87*C87,0) -> 0 | G87: =IFERROR(E87*C87,0) -> 0 | I87: ='Granulometrias Cono de Arena'!B113 -> 0 | J87: =IF(AND(I87>$C$5,I87<$D$4),1,0) -> 0 | K87: ='Granulometrias Cono de Arena'!T113 -> 0 | M87: =IFERROR(K87*J87,0) -> 0 | N87: =IFERROR(L87*J87,0) -> 0 | P87: ='Granulometrias de Verificación'!B80 -> 46098 | Q87: =IF(AND(P87>$C$5,P87<$D$4),1,0) -> 0 | R87: ='Granulometrias de Verificación'!S80 -> 11.55268 | S87: ='Granulometrias de Verificación'!U80 -> DN-261313 | T87: =IFERROR(R87*Q87,0)*V87 -> 0 | U87: =IFERROR(S87*Q87,0) -> 0 | V87: =IF(OR(LEFT(S87,2)="DN",LEFT(S87,2)="CA", LEFT(S87,2)="FN"),1,0) -> 1 | W87: =IF(S87<>"Acopio",1,0) -> 1
B88: ='Granulometrias Descarga'!B81 -> 46090 | C88: =IF(AND(B88>$C$5,B88<$D$4),1,0) -> 0 | D88: ='Granulometrias Descarga'!P81 -> 9.969419 | E88: ='Granulometrias Descarga'!Q81 -> 70.27724 | F88: =IFERROR(D88*C88,0) -> 0 | G88: =IFERROR(E88*C88,0) -> 0 | I88: ='Granulometrias Cono de Arena'!B114 -> 0 | J88: =IF(AND(I88>$C$5,I88<$D$4),1,0) -> 0 | K88: ='Granulometrias Cono de Arena'!T114 -> 0 | M88: =IFERROR(K88*J88,0) -> 0 | N88: =IFERROR(L88*J88,0) -> 0 | P88: ='Granulometrias de Verificación'!B81 -> 46098 | Q88: =IF(AND(P88>$C$5,P88<$D$4),1,0) -> 0 | R88: ='Granulometrias de Verificación'!S81 -> 11.078167 | S88: ='Granulometrias de Verificación'!U81 -> DN-261314 | T88: =IFERROR(R88*Q88,0)*V88 -> 0 | U88: =IFERROR(S88*Q88,0) -> 0 | V88: =IF(OR(LEFT(S88,2)="DN",LEFT(S88,2)="CA", LEFT(S88,2)="FN"),1,0) -> 1 | W88: =IF(S88<>"Acopio",1,0) -> 1
B89: ='Granulometrias Descarga'!B82 -> 46091 | C89: =IF(AND(B89>$C$5,B89<$D$4),1,0) -> 0 | D89: ='Granulometrias Descarga'!P82 -> 9.4522692 | E89: ='Granulometrias Descarga'!Q82 -> 69.006479 | F89: =IFERROR(D89*C89,0) -> 0 | G89: =IFERROR(E89*C89,0) -> 0 | I89: ='Granulometrias Cono de Arena'!B115 -> 0 | J89: =IF(AND(I89>$C$5,I89<$D$4),1,0) -> 0 | K89: ='Granulometrias Cono de Arena'!T115 -> 0 | M89: =IFERROR(K89*J89,0) -> 0 | N89: =IFERROR(L89*J89,0) -> 0 | P89: ='Granulometrias de Verificación'!B82 -> 46099 | Q89: =IF(AND(P89>$C$5,P89<$D$4),1,0) -> 0 | R89: ='Granulometrias de Verificación'!S82 -> 11.607457 | S89: ='Granulometrias de Verificación'!U82 -> DN-261323 | T89: =IFERROR(R89*Q89,0)*V89 -> 0 | U89: =IFERROR(S89*Q89,0) -> 0 | V89: =IF(OR(LEFT(S89,2)="DN",LEFT(S89,2)="CA", LEFT(S89,2)="FN"),1,0) -> 1 | W89: =IF(S89<>"Acopio",1,0) -> 1
... B91: ='Granulometrias Descarga'!B84 -> 46091 | C91: =IF(AND(B91>$C$5,B91<$D$4),1,0) -> 0 | D91: ='Granulometrias Descarga'!P84 -> 10.107817 | E91: ='Granulometrias Descarga'!Q84 -> 68.783314 | F91: =IFERROR(D91*C91,0) -> 0 | G91: =IFERROR(E91*C91,0) -> 0 | I91: ='Granulometrias Cono de Arena'!B117 -> 0 | J91: =IF(AND(I91>$C$5,I91<$D$4),1,0) -> 0 | K91: ='Granulometrias Cono de Arena'!T117 -> 0 | M91: =IFERROR(K91*J91,0) -> 0 | N91: =IFERROR(L91*J91,0) -> 0 | P91: ='Granulometrias de Verificación'!B84 -> 46099 | Q91: =IF(AND(P91>$C$5,P91<$D$4),1,0) -> 0 | R91: ='Granulometrias de Verificación'!S84 -> 11.932967 | S91: ='Granulometrias de Verificación'!U84 -> DN-261328 | T91: =IFERROR(R91*Q91,0)*V91 -> 0 | U91: =IFERROR(S91*Q91,0) -> 0 | V91: =IF(OR(LEFT(S91,2)="DN",LEFT(S91,2)="CA", LEFT(S91,2)="FN"),1,0) -> 1 | W91: =IF(S91<>"Acopio",1,0) -> 1
B92: ='Granulometrias Descarga'!B85 -> 46091 | C92: =IF(AND(B92>$C$5,B92<$D$4),1,0) -> 0 | D92: ='Granulometrias Descarga'!P85 -> 9.9076139 | E92: ='Granulometrias Descarga'!Q85 -> 70.28661 | F92: =IFERROR(D92*C92,0) -> 0 | G92: =IFERROR(E92*C92,0) -> 0 | P92: ='Granulometrias de Verificación'!B85 -> 46099 | Q92: =IF(AND(P92>$C$5,P92<$D$4),1,0) -> 0 | R92: ='Granulometrias de Verificación'!S85 -> 11.581292 | S92: ='Granulometrias de Verificación'!U85 -> DN-261334 | T92: =IFERROR(R92*Q92,0)*V92 -> 0 | U92: =IFERROR(S92*Q92,0) -> 0 | V92: =IF(OR(LEFT(S92,2)="DN",LEFT(S92,2)="CA", LEFT(S92,2)="FN"),1,0) -> 1 | W92: =IF(S92<>"Acopio",1,0) -> 1
B93: ='Granulometrias Descarga'!B86 -> 46091 | C93: =IF(AND(B93>$C$5,B93<$D$4),1,0) -> 0 | D93: ='Granulometrias Descarga'!P86 -> 10.366587 | E93: ='Granulometrias Descarga'!Q86 -> 69.463578 | F93: =IFERROR(D93*C93,0) -> 0 | G93: =IFERROR(E93*C93,0) -> 0 | P93: ='Granulometrias de Verificación'!B86 -> 46099 | Q93: =IF(AND(P93>$C$5,P93<$D$4),1,0) -> 0 | R93: ='Granulometrias de Verificación'!S86 -> 12.844037 | S93: ='Granulometrias de Verificación'!U86 -> DN-261336 | T93: =IFERROR(R93*Q93,0)*V93 -> 0 | U93: =IFERROR(S93*Q93,0) -> 0 | V93: =IF(OR(LEFT(S93,2)="DN",LEFT(S93,2)="CA", LEFT(S93,2)="FN"),1,0) -> 1 | W93: =IF(S93<>"Acopio",1,0) -> 1
B94: ='Granulometrias Descarga'!B87 -> 46092 | C94: =IF(AND(B94>$C$5,B94<$D$4),1,0) -> 0 | D94: ='Granulometrias Descarga'!P87 -> 8.4927066 | E94: ='Granulometrias Descarga'!Q87 -> 69.591699 | F94: =IFERROR(D94*C94,0) -> 0 | G94: =IFERROR(E94*C94,0) -> 0 | P94: ='Granulometrias de Verificación'!B87 -> 46099 | Q94: =IF(AND(P94>$C$5,P94<$D$4),1,0) -> 0 | R94: ='Granulometrias de Verificación'!S87 -> 12.761241 | S94: ='Granulometrias de Verificación'!U87 -> DN-261341 | T94: =IFERROR(R94*Q94,0)*V94 -> 0 | U94: =IFERROR(S94*Q94,0) -> 0 | V94: =IF(OR(LEFT(S94,2)="DN",LEFT(S94,2)="CA", LEFT(S94,2)="FN"),1,0) -> 1 | W94: =IF(S94<>"Acopio",1,0) -> 1
B95: ='Granulometrias Descarga'!B88 -> 46092 | C95: =IF(AND(B95>$C$5,B95<$D$4),1,0) -> 0 | D95: ='Granulometrias Descarga'!P88 -> 8.3914209 | E95: ='Granulometrias Descarga'!Q88 -> 70.80486 | F95: =IFERROR(D95*C95,0) -> 0 | G95: =IFERROR(E95*C95,0) -> 0 | P95: ='Granulometrias de Verificación'!B88 -> 46100 | Q95: =IF(AND(P95>$C$5,P95<$D$4),1,0) -> 0 | R95: ='Granulometrias de Verificación'!S88 -> 11.501211 | S95: ='Granulometrias de Verificación'!U88 -> DN-261346 | T95: =IFERROR(R95*Q95,0)*V95 -> 0 | U95: =IFERROR(S95*Q95,0) -> 0 | V95: =IF(OR(LEFT(S95,2)="DN",LEFT(S95,2)="CA", LEFT(S95,2)="FN"),1,0) -> 1 | W95: =IF(S95<>"Acopio",1,0) -> 1
B96: ='Granulometrias Descarga'!B89 -> 46092 | C96: =IF(AND(B96>$C$5,B96<$D$4),1,0) -> 0 | D96: ='Granulometrias Descarga'!P89 -> 9.3843395 | E96: ='Granulometrias Descarga'!Q89 -> 70.190896 | F96: =IFERROR(D96*C96,0) -> 0 | G96: =IFERROR(E96*C96,0) -> 0 | P96: ='Granulometrias de Verificación'!B89 -> 46100 | Q96: =IF(AND(P96>$C$5,P96<$D$4),1,0) -> 0 | R96: ='Granulometrias de Verificación'!S89 -> 10.804249 | S96: ='Granulometrias de Verificación'!U89 -> DN-261353 | T96: =IFERROR(R96*Q96,0)*V96 -> 0 | U96: =IFERROR(S96*Q96,0) -> 0 | V96: =IF(OR(LEFT(S96,2)="DN",LEFT(S96,2)="CA", LEFT(S96,2)="FN"),1,0) -> 1 | W96: =IF(S96<>"Acopio",1,0) -> 1
B97: ='Granulometrias Descarga'!B90 -> 46092 | C97: =IF(AND(B97>$C$5,B97<$D$4),1,0) -> 0 | D97: ='Granulometrias Descarga'!P90 -> 9.5118269 | E97: ='Granulometrias Descarga'!Q90 -> 71.397772 | F97: =IFERROR(D97*C97,0) -> 0 | G97: =IFERROR(E97*C97,0) -> 0 | P97: ='Granulometrias de Verificación'!B90 -> 46100 | Q97: =IF(AND(P97>$C$5,P97<$D$4),1,0) -> 0 | R97: ='Granulometrias de Verificación'!S90 -> 14.419769 | S97: ='Granulometrias de Verificación'!U90 -> DN-261357 | T97: =IFERROR(R97*Q97,0)*V97 -> 0 | U97: =IFERROR(S97*Q97,0) -> 0 | V97: =IF(OR(LEFT(S97,2)="DN",LEFT(S97,2)="CA", LEFT(S97,2)="FN"),1,0) -> 1 | W97: =IF(S97<>"Acopio",1,0) -> 1
B98: ='Granulometrias Descarga'!B91 -> 46092 | C98: =IF(AND(B98>$C$5,B98<$D$4),1,0) -> 0 | D98: ='Granulometrias Descarga'!P91 -> 9.3903103 | E98: ='Granulometrias Descarga'!Q91 -> 70.599539 | F98: =IFERROR(D98*C98,0) -> 0 | G98: =IFERROR(E98*C98,0) -> 0 | P98: ='Granulometrias de Verificación'!B91 -> 46101 | Q98: =IF(AND(P98>$C$5,P98<$D$4),1,0) -> 0 | R98: ='Granulometrias de Verificación'!S91 -> 14.340513 | S98: ='Granulometrias de Verificación'!U91 -> DN-261363 | T98: =IFERROR(R98*Q98,0)*V98 -> 0 | U98: =IFERROR(S98*Q98,0) -> 0 | V98: =IF(OR(LEFT(S98,2)="DN",LEFT(S98,2)="CA", LEFT(S98,2)="FN"),1,0) -> 1 | W98: =IF(S98<>"Acopio",1,0) -> 1
B99: ='Granulometrias Descarga'!B92 -> 46092 | C99: =IF(AND(B99>$C$5,B99<$D$4),1,0) -> 0 | D99: ='Granulometrias Descarga'!P92 -> 7.2222222 | E99: ='Granulometrias Descarga'!Q92 -> 70.505288 | F99: =IFERROR(D99*C99,0) -> 0 | G99: =IFERROR(E99*C99,0) -> 0 | P99: ='Granulometrias de Verificación'!B92 -> 46101 | Q99: =IF(AND(P99>$C$5,P99<$D$4),1,0) -> 0 | R99: ='Granulometrias de Verificación'!S92 -> 12.149533 | S99: ='Granulometrias de Verificación'!U92 -> DN-261365 | T99: =IFERROR(R99*Q99,0)*V99 -> 0 | U99: =IFERROR(S99*Q99,0) -> 0 | V99: =IF(OR(LEFT(S99,2)="DN",LEFT(S99,2)="CA", LEFT(S99,2)="FN"),1,0) -> 1 | W99: =IF(S99<>"Acopio",1,0) -> 1
B100: ='Granulometrias Descarga'!B93 -> 46092 | C100: =IF(AND(B100>$C$5,B100<$D$4),1,0) -> 0 | D100: ='Granulometrias Descarga'!P93 -> 9.2853417 | E100: ='Granulometrias Descarga'!Q93 -> 71.303701 | F100: =IFERROR(D100*C100,0) -> 0 | G100: =IFERROR(E100*C100,0) -> 0 | P100: ='Granulometrias de Verificación'!B93 -> 46101 | Q100: =IF(AND(P100>$C$5,P100<$D$4),1,0) -> 0 | R100: ='Granulometrias de Verificación'!S93 -> 12.890403 | S100: ='Granulometrias de Verificación'!U93 -> DN-261367 | T100: =IFERROR(R100*Q100,0)*V100 -> 0 | U100: =IFERROR(S100*Q100,0) -> 0 | V100: =IF(OR(LEFT(S100,2)="DN",LEFT(S100,2)="CA", LEFT(S100,2)="FN"),1,0) -> 1 | W100: =IF(S100<>"Acopio",1,0) -> 1
B101: ='Granulometrias Descarga'!B94 -> 46092 | C101: =IF(AND(B101>$C$5,B101<$D$4),1,0) -> 0 | D101: ='Granulometrias Descarga'!P94 -> 7.2550486 | E101: ='Granulometrias Descarga'!Q94 -> 71.791659 | F101: =IFERROR(D101*C101,0) -> 0 | G101: =IFERROR(E101*C101,0) -> 0 | P101: ='Granulometrias de Verificación'!B94 -> 46101 | Q101: =IF(AND(P101>$C$5,P101<$D$4),1,0) -> 0 | R101: ='Granulometrias de Verificación'!S94 -> 12.511278 | S101: ='Granulometrias de Verificación'!U94 -> DN-261372 | T101: =IFERROR(R101*Q101,0)*V101 -> 0 | U101: =IFERROR(S101*Q101,0) -> 0 | V101: =IF(OR(LEFT(S101,2)="DN",LEFT(S101,2)="CA", LEFT(S101,2)="FN"),1,0) -> 1 | W101: =IF(S101<>"Acopio",1,0) -> 1
B102: ='Granulometrias Descarga'!B95 -> 46092 | C102: =IF(AND(B102>$C$5,B102<$D$4),1,0) -> 0 | D102: ='Granulometrias Descarga'!P95 -> 8.4146341 | E102: ='Granulometrias Descarga'!Q95 -> 72.953737 | F102: =IFERROR(D102*C102,0) -> 0 | G102: =IFERROR(E102*C102,0) -> 0 | P102: ='Granulometrias de Verificación'!B95 -> 46101 | Q102: =IF(AND(P102>$C$5,P102<$D$4),1,0) -> 0 | R102: ='Granulometrias de Verificación'!S95 -> 12.534143 | S102: ='Granulometrias de Verificación'!U95 -> DN-261377 | T102: =IFERROR(R102*Q102,0)*V102 -> 0 | U102: =IFERROR(S102*Q102,0) -> 0 | V102: =IF(OR(LEFT(S102,2)="DN",LEFT(S102,2)="CA", LEFT(S102,2)="FN"),1,0) -> 1 | W102: =IF(S102<>"Acopio",1,0) -> 1
B103: ='Granulometrias Descarga'!B96 -> 46092 | C103: =IF(AND(B103>$C$5,B103<$D$4),1,0) -> 0 | D103: ='Granulometrias Descarga'!P96 -> 10.022722 | E103: ='Granulometrias Descarga'!Q96 -> 71.835328 | F103: =IFERROR(D103*C103,0) -> 0 | G103: =IFERROR(E103*C103,0) -> 0 | P103: ='Granulometrias de Verificación'!B96 -> 46101 | Q103: =IF(AND(P103>$C$5,P103<$D$4),1,0) -> 0 | R103: ='Granulometrias de Verificación'!S96 -> 12.027803 | S103: ='Granulometrias de Verificación'!U96 -> DN-261379 | T103: =IFERROR(R103*Q103,0)*V103 -> 0 | U103: =IFERROR(S103*Q103,0) -> 0 | V103: =IF(OR(LEFT(S103,2)="DN",LEFT(S103,2)="CA", LEFT(S103,2)="FN"),1,0) -> 1 | W103: =IF(S103<>"Acopio",1,0) -> 1
... B251: ='Granulometrias Descarga'!B244 -> 46108 | C251: =IF(AND(B251>$C$5,B251<$D$4),1,0) -> 0 | D251: ='Granulometrias Descarga'!P244 -> 10.060878 | E251: ='Granulometrias Descarga'!Q244 -> 72.444808 | F251: =IFERROR(D251*C251,0) -> 0 | G251: =IFERROR(E251*C251,0) -> 0 | P251: ='Granulometrias de Verificación'!B244 -> 0 | Q251: =IF(AND(P251>$C$5,P251<$D$4),1,0) -> 0 | R251: ='Granulometrias de Verificación'!S244 -> 0 | S251: ='Granulometrias de Verificación'!U244 -> 0 | T251: =IFERROR(R251*Q251,0)*V251 -> 0 | U251: =IFERROR(S251*Q251,0) -> 0 | V251: =IF(OR(LEFT(S251,2)="DN",LEFT(S251,2)="CA", LEFT(S251,2)="FN"),1,0) -> 0 | W251: =IF(S251<>"Acopio",1,0) -> 1
B252: ='Granulometrias Descarga'!B245 -> 46108 | C252: =IF(AND(B252>$C$5,B252<$D$4),1,0) -> 0 | D252: ='Granulometrias Descarga'!P245 -> 9.7018567 | E252: ='Granulometrias Descarga'!Q245 -> 71.139102 | F252: =IFERROR(D252*C252,0) -> 0 | G252: =IFERROR(E252*C252,0) -> 0
B253: ='Granulometrias Descarga'!B246 -> 46108 | C253: =IF(AND(B253>$C$5,B253<$D$4),1,0) -> 0 | D253: ='Granulometrias Descarga'!P246 -> 8.6354859 | E253: ='Granulometrias Descarga'!Q246 -> 70.528077 | F253: =IFERROR(D253*C253,0) -> 0 | G253: =IFERROR(E253*C253,0) -> 0
B254: ='Granulometrias Descarga'!B247 -> 46108 | C254: =IF(AND(B254>$C$5,B254<$D$4),1,0) -> 0 | D254: ='Granulometrias Descarga'!P247 -> 9.9486387 | E254: ='Granulometrias Descarga'!Q247 -> 70.22169 | F254: =IFERROR(D254*C254,0) -> 0 | G254: =IFERROR(E254*C254,0) -> 0
B255: ='Granulometrias Descarga'!B248 -> 46108 | C255: =IF(AND(B255>$C$5,B255<$D$4),1,0) -> 0 | D255: ='Granulometrias Descarga'!P248 -> 9.8050658 | E255: ='Granulometrias Descarga'!Q248 -> 69.79638 | F255: =IFERROR(D255*C255,0) -> 0 | G255: =IFERROR(E255*C255,0) -> 0
B256: ='Granulometrias Descarga'!B249 -> 46108 | C256: =IF(AND(B256>$C$5,B256<$D$4),1,0) -> 0 | D256: ='Granulometrias Descarga'!P249 -> 9.3605948 | E256: ='Granulometrias Descarga'!Q249 -> 71.599617 | F256: =IFERROR(D256*C256,0) -> 0 | G256: =IFERROR(E256*C256,0) -> 0
B257: ='Granulometrias Descarga'!B250 -> 46108 | C257: =IF(AND(B257>$C$5,B257<$D$4),1,0) -> 0 | D257: ='Granulometrias Descarga'!P250 -> 9.4684225 | E257: ='Granulometrias Descarga'!Q250 -> 70.02064 | F257: =IFERROR(D257*C257,0) -> 0 | G257: =IFERROR(E257*C257,0) -> 0
B258: ='Granulometrias Descarga'!B251 -> 46108 | C258: =IF(AND(B258>$C$5,B258<$D$4),1,0) -> 0 | D258: ='Granulometrias Descarga'!P251 -> 9.8776303 | E258: ='Granulometrias Descarga'!Q251 -> 69.955157 | F258: =IFERROR(D258*C258,0) -> 0 | G258: =IFERROR(E258*C258,0) -> 0
B259: ='Granulometrias Descarga'!B252 -> 46109 | C259: =IF(AND(B259>$C$5,B259<$D$4),1,0) -> 0 | D259: ='Granulometrias Descarga'!P252 -> 10.279441 | E259: ='Granulometrias Descarga'!Q252 -> 70.398126 | F259: =IFERROR(D259*C259,0) -> 0 | G259: =IFERROR(E259*C259,0) -> 0
B260: ='Granulometrias Descarga'!B253 -> 46109 | C260: =IF(AND(B260>$C$5,B260<$D$4),1,0) -> 0 | D260: ='Granulometrias Descarga'!P253 -> 10.361592 | E260: ='Granulometrias Descarga'!Q253 -> 69.095108 | F260: =IFERROR(D260*C260,0) -> 0 | G260: =IFERROR(E260*C260,0) -> 0
B261: ='Granulometrias Descarga'!B254 -> 46109 | C261: =IF(AND(B261>$C$5,B261<$D$4),1,0) -> 0 | D261: ='Granulometrias Descarga'!P254 -> 10.457285 | E261: ='Granulometrias Descarga'!Q254 -> 68.704335 | F261: =IFERROR(D261*C261,0) -> 0 | G261: =IFERROR(E261*C261,0) -> 0
B262: ='Granulometrias Descarga'!B255 -> 46109 | C262: =IF(AND(B262>$C$5,B262<$D$4),1,0) -> 0 | D262: ='Granulometrias Descarga'!P255 -> 10.11236 | E262: ='Granulometrias Descarga'!Q255 -> 70.909444 | F262: =IFERROR(D262*C262,0) -> 0 | G262: =IFERROR(E262*C262,0) -> 0
B263: ='Granulometrias Descarga'!B256 -> 46109 | C263: =IF(AND(B263>$C$5,B263<$D$4),1,0) -> 0 | D263: ='Granulometrias Descarga'!P256 -> 10.660349 | E263: ='Granulometrias Descarga'!Q256 -> 70.604223 | F263: =IFERROR(D263*C263,0) -> 0 | G263: =IFERROR(E263*C263,0) -> 0
... B391: ='Granulometrias Descarga'!B384 -> 0 | C391: =IF(AND(B391>$C$5,B391<$D$4),1,0) -> 0 | D391: ='Granulometrias Descarga'!P384 -> 0 | E391: ='Granulometrias Descarga'!Q384 -> 0 | F391: =IFERROR(D391*C391,0) -> 0 | G391: =IFERROR(E391*C391,0) -> 0
A464: .

Sheet Sheet1
B7: 40665 | C7: GD-110517 | D7: 0.86111111 | E7: 1 | F7: Sp 4 | G7: 0 | H7: 0 | I7: 0 | J7: 367.7 | K7: 100 | L7: 100 | M7: 99.836823 | N7: 99.265706 | O7: 98.069078 | P7: 91.868371 | Q7: 84.063095 | R7: 47.212401 | S7: 11.286375 | T7: 68.690454 | U7: 9.5 | V7: 70 | X7: B | Y7: Se muestreó directamente del chorro de la descarga.
B8: 40666 | C8: GD-110521 | D8: 0.41666667 | E8: 1 | F8: SP 3 | G8: - | H8: - | I8: - | J8: 389.3 | K8: 100 | L8: 100 | M8: 99.794503 | N8: 99.357822 | O8: 98.356024 | P8: 93.475469 | Q8: 86.437195 | R8: 47.778063 | S8: 12.227074 | T8: 67.563346 | U8: - | V8: - | W8: WC | X8: A | Y8: Se muestreó directamente del chorro de la descarga.
B9: 40666 | C9: GD-110522 | D9: 0.56944444 | E9: 1 | F9: SP 4 | G9: - | H9: - | I9: - | J9: 380.8 | K9: 100 | L9: 100 | M9: 99.842437 | N9: 99.422269 | O9: 98.608193 | P9: 94.117647 | Q9: 87.421218 | R9: 48.923319 | S9: 12.132353 | T9: 67.101322 | U9: 10.83 | V9: 70.8 | W9: WC | X9: A | Y9: Se muestreó directamente del chorro de la descarga.
B10: 40666 | C10: GD-110523 | D10: 0.66666667 | E10: 1M | F10: brazo | G10: - | H10: - | I10: - | J10: 400 | K10: 100 | L10: 100 | M10: 99.75 | N10: 99.25 | O10: 98.3 | P10: 93.15 | Q10: 85.8 | R10: 48.1 | S10: 12.225 | T10: 68.247739 | U10: 12.2 | V10: 68.3 | W10: WC | X10: A | Y10: Se muestreó directamente del chorro de la descarga.
B11: 40666 | C11: GD-110524 | D11: 0.86805556 | E11: 1 | F11: Sp 2 | G11: 0 | H11: 0 | I11: 0 | J11: 372.3 | K11: 100 | L11: 100 | M11: 99.677679 | N11: 99.221058 | O11: 98.227236 | P11: 92.264303 | Q11: 83.937685 | R11: 45.017459 | S11: 11.872146 | T11: 69.187883 | U11: 12.7 | V11: 71 | W11: EM | X11: B | Y11: Se muestreó directamente del chorro de la descarga.
B12: 40666 | C12: GD-110525 | D12: 0.9375 | E12: 1 | F12: Sp 2 | G12: 0 | H12: 0 | I12: 0 | J12: 367.5 | K12: 100 | L12: 100 | M12: 99.727891 | N12: 99.265306 | O12: 98.258503 | P12: 92.92517 | Q12: 85.306122 | R12: 47.537415 | S12: 11.945578 | T12: 68.704431 | U12: 11.3 | V12: 71.5 | W12: EM | X12: B | Y12: Se muestreó directamente del chorro de la descarga.
B13: 40666 | C13: GD-110526 | D13: 0.076388889 | E13: 1 | F13: Sp 3 | G13: 0 | H13: 0 | I13: 0 | J13: 371.6 | K13: 100 | L13: 100 | M13: 99.703983 | N13: 99.16577 | O13: 98.089343 | P13: 92.841765 | Q13: 85.522067 | R13: 48.654467 | S13: 11.302476 | T13: 68.636867 | U13: 12.2 | V13: 70.5 | W13: EM | X13: B | Y13: Se muestreó directamente del chorro de la descarga.
B14: 40666 | C14: GD-110527 | D14: 0.17708333 | E14: 1 | F14: Cajón 8 | G14: 0 | H14: 0 | I14: 0 | J14: 369.5 | K14: 100 | L14: 100 | M14: 99.594046 | N14: 99.052774 | O14: 97.997294 | P14: 92.638701 | Q14: 85.304465 | R14: 48.281461 | S14: 11.556157 | T14: 69.233652 | U14: 12 | V14: 70.5 | W14: EM | X14: B | Y14: Se descargó en la cancha 1
B15: 40667 | C15: GD-110528 | D15: 0.35763889 | E15: 1 | F15: Sp 5 | G15: - | H15: - | I15: - | J15: 389.8 | K15: 100 | L15: 100 | M15: 99.69215 | N15: 99.179066 | O15: 98.050282 | P15: 92.14982 | Q15: 84.299641 | R15: 47.17804 | S15: 11.518728 | T15: 68.146853 | U15: 10.5 | V15: 69.5 | W15: WC | X15: A | Y15: Se muestreó directamente del chorro de la descarga.
B16: 40667 | C16: GD-110529 | D16: 0.4375 | E16: 1 | F16: Sp 3 | G16: - | H16: - | I16: - | J16: 421.1 | K16: 100 | L16: 100 | M16: 99.833769 | N16: 99.358822 | O16: 98.551413 | P16: 93.7782 | Q16: 86.701496 | R16: 48.777013 | S16: 11.849917 | T16: 67.711851 | U16: 10.3 | V16: 70 | W16: WC | X16: A | Y16: Se muestreó directamente del chorro de la descarga.
B17: 40667 | C17: GD-110530 | D17: 0.57638889 | E17: 1 | F17: Sp 3 | G17: - | H17: - | I17: - | J17: 381.9 | K17: 100 | L17: 100 | M17: 99.528672 | N17: 99.08353 | O17: 98.271799 | P17: 93.715632 | Q17: 86.776643 | R17: 48.101597 | S17: 11.73082 | T17: 68.062734 | U17: 10.3 | V17: 71 | W17: WC | X17: A | Y17: Se muestreó directamente del chorro de la descarga.

Sheet Sheet2
B11: 40971 | C11: PR-120036 | D11: - | E11: SMCV | F11: 1H | G11: Sp 5/6 | H11: 0+940.00 | I11: 0+040.00 | J11: 2539.16 | K11: Proctor | L11: 281.4 | M11: 100 | N11: 100 | O11: 94.45629 | P11: 87.491116 | Q11: 46.908316 | R11: 14.570007 | S11: EF | T11: B
B12: 40882 | C12: GV-110454 | D12: 2M | E12: Sp 16 | F12: 1456.94 | G12: 235.61 | H12: 2476.41
B13: 40882 | C13: GV-110456 | D13: 2H | E13: Sp 10/11 | F13: 1267.62 | G13: 44.12 | H13: 2533.96
B14: 40882 | C14: GV-110457 | D14: 2M | E14: Sp 11 | F14: 1284.39 | G14: 115.56 | H14: 2511.17
B15: 40882 | C15: GV-110458 | D15: 2M | E15: Sp 8/9 | F15: 1246.82 | G15: 288.11 | H15: 2452.76
B16: 40883 | C16: GV-110459 | D16: 2M | E16: Sp 8 | F16: 1176.03 | G16: 204.33 | H16: 2480.89 | K16: Fecha | L16: Código | M16: Cancha | N16: Sp, Sb, A8,A9 | O16: % finos
B17: 40883 | C17: GV-110460 | D17: 2M | E17: Sp 8 | F17: 1326.53 | G17: 12.98 | H17: 2540.28 | K17: 41010 | L17: GD-120703 | M17: LB | N17: A | O17: 12.592593
B18: 40883 | C18: GV-110461 | D18: 2H | E18: P113 UF | F18: 1235.67 | G18: 19.72 | H18: 2540.34 | K18: 41010 | L18: GD-120704 | M18: Dren | N18: A9 ( C ) | O18: 12.076314
B19: 40882 | C19: CA-110534 | D19: 2H | E19: Sp 13 | F19: 1337.84 | G19: 124.67 | H19: 2508.55 | K19: 41010 | L19: GD-120705 | M19: LB | N19: A | O19: 12.237697
B20: 40882 | C20: CA-110535 | D20: 2H | E20: Sp 10 | F20: 1276.53 | G20: 226.98 | H20: 2473.91 | K20: 41010 | L20: GD-120706 | M20: Dren | N20: A9 ( C ) | O20: 14.22
B21: 40883 | C21: CA-110536 | D21: 2H | E21: Sp 7/8 | F21: 1448.16 | G21: 122.76 | H21: 2508.47 | K21: 41011 | L21: GD-120708 | M21: LB | N21: 2da Est. | O21: 12.66396
B22: 40883 | C22: PR-110163 | D22: 2H | E22: Sp 9 | F22: 1206.33 | G22: 144.97 | H22: 2501.08 | K22: 41011 | L22: GD-120709 | M22: Dren | N22: A9 (C ) | O22: 12.772586
K23: 41011 | L23: GD-120710 | M23: LB | N23: A | O23: 12.492173
K24: 41011 | L24: GD-120711 | M24: LB | N24: A | O24: 12.785114
K25: 41011 | L25: GD-120712 | M25: LB | N25: A | O25: 12.817375
B26: 40899 | C26: GV-110527 | D26: LB | E26: B | F26: 1236.43 | G26: 268.9 | H26: 2459.32 | K26: 41011 | L26: GD-120713 | M26: Dren | N26: A9 (C ) | O26: 13.299145
B27: 40900 | C27: GV-110528 | D27: LB | E27: B | F27: 1151.19 | G27: 263.64 | H27: 2460.44
B28: 40900 | C28: GV-110529 | D28: LB | E28: B | F28: 1151.84 | G28: 357.61 | H28: 2433.28 | N28: Promedio | O28: =AVERAGE(O17:O26) -> 12.795696
B29: 40900 | C29: CA-110562 | D29: LB | E29: A | F29: 1074.13 | G29: 411.92 | H29: 2422.67
B30: 40899 | C30: CA-110561 | D30: LB | E30: B | F30: 1322.31 | G30: 374.04 | H30: 2428.8
B33: 40900 | C33: GV-110530 | D33: LB | E33: A | F33: 1005.38 | G33: 324.15 | H33: 2446.35
B34: 40900 | C34: GV-110531 | D34: LB | E34: A | F34: 1019.14 | G34: 504.68 | H34: 2405.6
B35: 40900 | C35: CA-110562 | D35: LB | E35: A | F35: 1074.13 | G35: 411.92 | H35: 2422.67
B36: 40903 | C36: CA-110568 | D36: LB | E36: 2° Capa Niv. | F36: 952.76 | G36: 309.11 | H36: 2450.46
K38: 453.4 | L38: 100 | M38: 100 | N38: 100 | O38: 90.207322
B39: 40902 | C39: GV-110538 | D39: 1H | E39: Sp 3 | F39: 1009.63 | G39: 41.09 | H39: 2536.24 | K39: 465.1 | L39: 100 | M39: 100 | N39: 100 | O39: 83.057407
B40: 40902 | C40: GV-110539 | D40: 1M | E40: Sp 4/5 | F40: 1076.44 | G40: 216.93 | H40: 2478.76 | K40: 539.9 | L40: 100 | M40: 100 | N40: 100 | O40: 87.775514
B41: 40903 | C41: GV-110541 | D41: 1H | E41: CVX-05 | F41: 845.75 | G41: 61.31 | H41: 2531.13 | K41: 501.2 | L41: 100 | M41: 100 | N41: 100 | O41: 88.088587
B42: 40903 | C42: GV-110542 | D42: 1H | E42: Sp 1B | F42: 891.39 | G42: 136.49 | H42: 2506.97 | K42: 453.4 | L42: 100 | M42: 100 | N42: 100 | O42: 90.207322
B43: 40972 | C43: GD-120440 | D43: 0.78472222 | E43: SMCV | F43: LB/Dren | G43: 9C | H43: 0 | I43: 0 | J43: 0 | P43: 45.544773 | Q43: 11.821791 | R43: 66.403046 | S43: 11.9 | T43: 66 | U43: CL | V43: B | W43: Se muestreó directamente del chorro de la descarga.
B44: 40972 | C44: GD-120437 | D44: 0.78472222 | E44: SMCV | F44: LB | G44: A | H44: 0 | I44: 0 | J44: 0 | P44: 35.691249 | Q44: 10.922382 | R44: 66.949762 | S44: 11.9 | T44: 66 | U44: CL | V44: B | W44: Se muestreó directamente del chorro de la descarga.
B45: 40972 | C45: GD-120438 | D45: 0.78472222 | E45: SMCV | F45: LB | G45: B | H45: 0 | I45: 0 | J45: 0 | P45: 40.822375 | Q45: 11.224301 | R45: 67.758534 | S45: 11.9 | T45: 66 | U45: CL | V45: B | W45: Se muestreó directamente del chorro de la descarga.
B46: 40972 | C46: GD-120439 | D46: 0.78472222 | E46: SMCV | F46: LB | G46: B | H46: 0 | I46: 0 | J46: 0 | P46: 40.981644 | Q46: 10.235435 | R46: 66.507431 | S46: 11.9 | T46: 66 | U46: CL | V46: B | W46: Se muestreó directamente del chorro de la descarga.
B47: 40972 | C47: GD-120440 | D47: 0.78472222 | E47: SMCV | F47: LB | G47: A | H47: 0 | I47: 0 | J47: 0 | P47: 45.544773 | Q47: 11.821791 | R47: 66.403046 | S47: 11.9 | T47: 66 | U47: CL | V47: B | W47: Se muestreó directamente del chorro de la descarga.
B49: Fecha | C49: Código | D49: Cancha | E49: Sp, Sb, A8,A9 | F49: Este-Oeste | G49: Sur-Norte | H49: Cota | I49: % finos
B50: 40980 | C50: GV-120291 | D50: Dren | E50: A9 C | F50: 649.2 | G50: 263.91 | H50: 2500.74 | I50: 15.250714
B51: 40980 | C51: GV-120292 | D51: Dren | E51: A9 C | F51: 604.68 | G51: 341.38 | H51: 2482.85 | I51: 15.587208
B52: 40980 | C52: GV-120293 | D52: Dren | E52: A9 C | F52: 717.85 | G52: 422.75 | H52: 2452.46 | I52: 15.914489
B53: 40979 | C53: CA-120090 | D53: Dren | E53: A9 ( C ) | F53: 516.2 | G53: 257.45 | H53: 2481.28 | I53: 12.158436
B54: 40980 | C54: CA-120091 | D54: Dren | E54: A9 ( C ) | F54: 753.23 | G54: 363.19 | H54: 2461.59 | I54: 17.143491
B61: % de finos en material compactado cancha LB
B62: Fecha | C62: Código | D62: Cancha | E62: Sp, Sb, A8,A9 | F62: Este-Oeste | G62: Sur-Norte | H62: Cota | I62: % finos
B63: 41012 | C63: GV-120415 | D63: LB(L) | E63: B | F63: 1310.49 | G63: 332.54 | H63: 2442.57 | I63: 16.336873
B64: 41012 | C64: GV-120416 | D64: LB(M) | E64: B | F64: 1077.76 | G64: 306 | H64: 2456.01 | I64: 17.025386
B65: 41013 | C65: GV-120417 | D65: LB(L) | E65: B | F65: 1273.05 | G65: 394.22 | H65: 2428.02 | I65: 15.973419
B66: 41013 | C66: GV-120418 | D66: LB(L) | E66: B | F66: 1292.6 | G66: 479.54 | H66: 2410.07 | I66: 17.014713
B67: 41013 | C67: GV-120419 | D67: LB(L) | E67: B | F67: 1153.29 | G67: 455.45 | H67: 2403.09 | I67: 17.73002
B68: 41014 | C68: GV-120422 | D68: LB(M) | E68: B | F68: 1075.36 | G68: 315.8 | H68: 2450.15 | I68: 15.455354
B69: 41014 | C69: GV-120423 | D69: LB(L) | E69: A | F69: 991.76 | G69: 504.25 | H69: 2409.2 | I69: 14.180479
B70: 41014 | C70: GV-120424 | D70: LB(L) | E70: A | F70: 950.07 | G70: 338.28 | H70: 2447.95 | I70: 16.118264
B71: 41013 | C71: CA-120137 | D71: LB (L) | E71: B | F71: 1089.73 | G71: 393.2 | H71: 2430.78 | I71: 15.325165
B74: % de finos en material compactado Dren A9 (C )
B75: Fecha | C75: Código | D75: Cancha | E75: Sp, Sb, A8,A9 | F75: Este-Oeste | G75: Sur-Norte | H75: Cota | I75: % finos
B76: 41014 | C76: GV-120420 | D76: Dren | E76: A9(C) | F76: 524.18 | G76: 221.41 | H76: 2518.5 | I76: 13.359005
B77: 41014 | C77: GV-120421 | D77: Dren | E77: A9(C) | F77: 520.03 | G77: 238.86 | H77: 2490.58 | I77: 15.130371
B78: 41014 | C78: GV-120425 | D78: Dren | E78: A9(C) | F78: 741.61 | G78: 302.65 | H78: 2476.56 | I78: 17.287035
B79: 41014 | C79: GV-120426 | D79: Dren | E79: A9(C) | F79: 700.41 | G79: 370.73 | H79: 2467.73 | I79: 17.713004
B80: 41014 | C80: CA-120138 | D80: Dren | E80: A9(C) | F80: 556.36 | G80: 371.31 | H80: 2477.38 | I80: 13.872733
B81: 41014 | C81: CA-120139 | D81: Dren | E81: A9(C) | F81: 590.86 | G81: 245.02 | H81: 2511.3 | I81: 15.95092
B97: Fecha | C97: Código | D97: Cancha | E97: Sp, Sb, A8,A9 | F97: Este-Oeste | G97: Sur-Norte | H97: Cota | I97: % finos
B98: 41016 | C98: GV-120427 | D98: 3H | E98: Sp 27 | F98: 1901.77 | G98: 4.9 | H98: 2517.68 | I98: 15.073628
B99: 41016 | C99: GV-120428 | D99: 3H | E99: Sp 23 | F99: 1694.8 | G99: 25.81 | H99: 2541.37 | I99: 14.153846
B100: 41016 | C100: GV-120429 | D100: 3H | E100: Sp 24/25 | F100: 1744.15 | G100: -3.31 | H100: 2541.11 | I100: 14.45612
B101: 41017 | C101: GV-120430 | D101: 3H | E101: JH | F101: 1753.03 | G101: -62.36 | H101: 2543.61 | I101: 15.291494
B102: 41017 | C102: GV-120431 | D102: 3H | E102: Sp 22 | F102: 1662.91 | G102: 69.16 | H102: 2528.07 | I102: 14.535902
B103: 41018 | C103: GV-120432 | D103: 3H | E103: Sp 20/21 | F103: 1628.24 | G103: 41.05 | H103: 2539.31 | I103: 16.485961
B104: 41018 | C104: GV-120433 | D104: 3M | E104: Sp 20 | F104: 1630.24 | G104: 211.27 | H104: 2486.52 | I104: 14.88178
B105: 41018 | C105: GV-120434 | D105: 3H | E105: Sp 18 | F105: 1515.58 | G105: 96.66 | H105: 2522.99 | I105: 14.946863
B106: 41018 | C106: GV-120435 | D106: 3M | E106: Sp 19 | F106: 1598.26 | G106: 308.42 | H106: 2462.94 | I106: 14.160744
B107: 41019 | C107: GV-120436 | D107: 3H | E107: Sp 16 | F107: 1460.04 | G107: 155.86 | H107: 2504.86 | I107: 16.586922
B108: 41019 | C108: GV-120437 | D108: 3H | E108: JH | F108: 1519.54 | G108: 1.49 | H108: 2543.81 | I108: 14.181082
B109: 41016 | C109: CA-120140 | D109: 3H | E109: Sp 23 | F109: 1729.58 | G109: 70.14 | H109: 2523.39 | I109: 13.652372
B110: 41017 | C110: CA-120141 | D110: 3M | E110: Sp 23 | F110: Sp 23 | G110: 1726.01 | H110: 151.75 | I110: 14.386694
B111: 41018 | C111: CA-120142 | D111: 3M | E111: Sp 19 | F111: 1557.89 | G111: 169.14 | H111: 2500.49 | I111: 15.698133
B112: 41017 | C112: PR-120064 | D112: 3H | E112: Sp 23 | F112: 1680 | G112: 25 | H112: 2542.78 | I112: 15.017668
G113: Promedio | I113: =AVERAGE(I98:I112) -> 14.900614
G114: Desv Estándar | I114: =STDEV(I98:I112) -> 0.84378052
B198: 40938 | C198: CA-120039 | D198: LB(L) | E198: A | F198: 1070.85 | G198: 315.4 | H198: 2448.82 | I198: 14.694187
B199: 40938 | C199: PR-120018 | D199: LB(L) | E199: B | F199: 1295.2 | G199: 398 | H199: 2424.5 | I199: 15.882019
H201: Promedio | I201: =AVERAGE(I192:I199) -> 15.288103

Sheet RSGD
B3: Fecha | C3: Turno | D3: Código | E3: Cancha | F3: Sp, Sb, A8,A9 | G3: % de finos
B4: ='Granulometrias Descarga'!#REF! -> #REF! | C4: ='Granulometrias Descarga'!#REF! -> #REF! | D4: ='Granulometrias Descarga'!#REF! -> #REF! | E4: ='Granulometrias Descarga'!#REF! -> #REF! | F4: ='Granulometrias Descarga'!#REF! -> #REF! | G4: ='Granulometrias Descarga'!#REF! -> #REF!
B5: ='Granulometrias Descarga'!#REF! -> #REF! | C5: ='Granulometrias Descarga'!#REF! -> #REF! | D5: ='Granulometrias Descarga'!#REF! -> #REF! | E5: ='Granulometrias Descarga'!#REF! -> #REF! | F5: ='Granulometrias Descarga'!#REF! -> #REF! | G5: ='Granulometrias Descarga'!#REF! -> #REF!
B6: ='Granulometrias Descarga'!#REF! -> #REF! | C6: ='Granulometrias Descarga'!#REF! -> #REF! | D6: ='Granulometrias Descarga'!#REF! -> #REF! | E6: ='Granulometrias Descarga'!#REF! -> #REF! | F6: ='Granulometrias Descarga'!#REF! -> #REF! | G6: ='Granulometrias Descarga'!#REF! -> #REF!
B7: ='Granulometrias Descarga'!#REF! -> #REF! | C7: ='Granulometrias Descarga'!#REF! -> #REF! | D7: ='Granulometrias Descarga'!#REF! -> #REF! | E7: ='Granulometrias Descarga'!#REF! -> #REF! | F7: ='Granulometrias Descarga'!#REF! -> #REF! | G7: ='Granulometrias Descarga'!#REF! -> #REF!
B8: ='Granulometrias Descarga'!#REF! -> #REF! | C8: ='Granulometrias Descarga'!#REF! -> #REF! | D8: ='Granulometrias Descarga'!#REF! -> #REF! | E8: ='Granulometrias Descarga'!#REF! -> #REF! | F8: ='Granulometrias Descarga'!#REF! -> #REF! | G8: ='Granulometrias Descarga'!#REF! -> #REF!
B9: ='Granulometrias Descarga'!#REF! -> #REF! | C9: ='Granulometrias Descarga'!#REF! -> #REF! | D9: ='Granulometrias Descarga'!#REF! -> #REF! | E9: ='Granulometrias Descarga'!#REF! -> #REF! | F9: ='Granulometrias Descarga'!#REF! -> #REF! | G9: ='Granulometrias Descarga'!#REF! -> #REF!
B10: ='Granulometrias Descarga'!#REF! -> #REF! | C10: ='Granulometrias Descarga'!#REF! -> #REF! | D10: ='Granulometrias Descarga'!#REF! -> #REF! | E10: ='Granulometrias Descarga'!#REF! -> #REF! | F10: ='Granulometrias Descarga'!#REF! -> #REF! | G10: ='Granulometrias Descarga'!#REF! -> #REF!
B11: ='Granulometrias Descarga'!#REF! -> #REF! | C11: ='Granulometrias Descarga'!#REF! -> #REF! | D11: ='Granulometrias Descarga'!#REF! -> #REF! | E11: ='Granulometrias Descarga'!#REF! -> #REF! | F11: ='Granulometrias Descarga'!#REF! -> #REF! | G11: ='Granulometrias Descarga'!#REF! -> #REF!
B12: ='Granulometrias Descarga'!#REF! -> #REF! | C12: ='Granulometrias Descarga'!#REF! -> #REF! | D12: ='Granulometrias Descarga'!#REF! -> #REF! | E12: ='Granulometrias Descarga'!#REF! -> #REF! | F12: ='Granulometrias Descarga'!#REF! -> #REF! | G12: ='Granulometrias Descarga'!#REF! -> #REF!
B13: ='Granulometrias Descarga'!#REF! -> #REF! | C13: ='Granulometrias Descarga'!#REF! -> #REF! | D13: ='Granulometrias Descarga'!#REF! -> #REF! | E13: ='Granulometrias Descarga'!#REF! -> #REF! | F13: ='Granulometrias Descarga'!#REF! -> #REF! | G13: ='Granulometrias Descarga'!#REF! -> #REF!
B14: ='Granulometrias Descarga'!#REF! -> #REF! | C14: ='Granulometrias Descarga'!#REF! -> #REF! | D14: ='Granulometrias Descarga'!#REF! -> #REF! | E14: ='Granulometrias Descarga'!#REF! -> #REF! | F14: ='Granulometrias Descarga'!#REF! -> #REF! | G14: ='Granulometrias Descarga'!#REF! -> #REF!
B15: ='Granulometrias Descarga'!#REF! -> #REF! | C15: ='Granulometrias Descarga'!#REF! -> #REF! | D15: ='Granulometrias Descarga'!#REF! -> #REF! | E15: ='Granulometrias Descarga'!#REF! -> #REF! | F15: ='Granulometrias Descarga'!#REF! -> #REF! | G15: ='Granulometrias Descarga'!#REF! -> #REF!
... B239: ='Granulometrias Descarga'!#REF! -> #REF! | C239: ='Granulometrias Descarga'!#REF! -> #REF! | D239: ='Granulometrias Descarga'!#REF! -> #REF! | E239: ='Granulometrias Descarga'!#REF! -> #REF! | F239: ='Granulometrias Descarga'!#REF! -> #REF! | G239: ='Granulometrias Descarga'!#REF! -> #REF!
B240: ='Granulometrias Descarga'!#REF! -> #REF! | C240: ='Granulometrias Descarga'!U385 -> 0 | D240: ='Granulometrias Descarga'!C385 -> 0 | E240: ='Granulometrias Descarga'!F385 -> 0 | F240: ='Granulometrias Descarga'!G385 -> 0 | G240: ='Granulometrias Descarga'!P385 -> 0
B241: ='Granulometrias Descarga'!B385 -> 0 | C241: ='Granulometrias Descarga'!U386 -> 0 | D241: ='Granulometrias Descarga'!C386 -> 0 | E241: ='Granulometrias Descarga'!F386 -> 0 | F241: ='Granulometrias Descarga'!G386 -> 0 | G241: ='Granulometrias Descarga'!P386 -> 0
B242: ='Granulometrias Descarga'!B386 -> 0 | C242: ='Granulometrias Descarga'!U387 -> 0 | D242: ='Granulometrias Descarga'!C387 -> 0 | E242: ='Granulometrias Descarga'!F387 -> 0 | F242: ='Granulometrias Descarga'!G387 -> 0 | G242: ='Granulometrias Descarga'!P387 -> 0
B243: ='Granulometrias Descarga'!B387 -> 0 | C243: ='Granulometrias Descarga'!U388 -> 0 | D243: ='Granulometrias Descarga'!C388 -> 0 | E243: ='Granulometrias Descarga'!F388 -> 0 | F243: ='Granulometrias Descarga'!G388 -> 0 | G243: ='Granulometrias Descarga'!P388 -> Nº 200
B244: ='Granulometrias Descarga'!B388 -> 0 | C244: ='Granulometrias Descarga'!U389 -> 0 | D244: ='Granulometrias Descarga'!C389 -> 0 | E244: ='Granulometrias Descarga'!F389 -> 0 | F244: ='Granulometrias Descarga'!G389 -> 0 | G244: ='Granulometrias Descarga'!P389 -> 7.2222222
B245: ='Granulometrias Descarga'!B389 -> 0 | C245: ='Granulometrias Descarga'!U390 -> 0 | D245: ='Granulometrias Descarga'!C390 -> 0 | E245: ='Granulometrias Descarga'!F390 -> 0 | F245: ='Granulometrias Descarga'!G390 -> 0 | G245: ='Granulometrias Descarga'!P390 -> 14.50351
B246: ='Granulometrias Descarga'!B390 -> 0 | C246: ='Granulometrias Descarga'!U391 -> 0 | D246: ='Granulometrias Descarga'!C391 -> 0 | E246: ='Granulometrias Descarga'!F391 -> 0 | F246: ='Granulometrias Descarga'!G391 -> 0 | G246: ='Granulometrias Descarga'!P391 -> 9.744979
B247: ='Granulometrias Descarga'!B391 -> 0 | C247: ='Granulometrias Descarga'!U392 -> 0 | D247: ='Granulometrias Descarga'!C392 -> 0 | E247: ='Granulometrias Descarga'!F392 -> 0 | F247: ='Granulometrias Descarga'!G392 -> 0 | G247: ='Granulometrias Descarga'!P392 -> 12.04
B248: ='Granulometrias Descarga'!B392 -> 0 | C248: ='Granulometrias Descarga'!#REF! -> #REF! | D248: ='Granulometrias Descarga'!#REF! -> #REF! | E248: ='Granulometrias Descarga'!#REF! -> #REF! | F248: ='Granulometrias Descarga'!#REF! -> #REF! | G248: ='Granulometrias Descarga'!#REF! -> #REF!
