Workbook
Name _: #REF!
Name __DAT1: #REF!
Name _DAT1: #REF!
Name A: #REF!
Name A_impresión_IM: #REF!
Name AA: #REF!
Name AA00: #REF!
Name AAA: #REF!
Name AAAA: '[1]#¡REF'!$A$2:$D$17
Name Aaaaa: #REF!
Name AABB: #REF!
Name AALL: #REF!
Name abcd: #REF!
Name ABRASION: #REF!
Name AC: #REF!
Name AGUACEMEN: #REF!
Name AGUACEMEN: #REF!
Name AGUAUNIT: #REF!
Name AGUAUNIT: #REF!
Name AIREATRAP: #REF!
Name AIREATRAP: #REF!
Name Arena: 'D6913'!$T$60
Name B: #REF!
Name borrado: [3]!borrado
Name C.H.: #REF!
Name C.H.: #REF!
Name CA: #REF!
Name Caras: [4]BGA!$H$9
Name CC: 'SUCS N° 03'!$L$6
Name CC: [5]SUCS!$L$6
Name cddd: #REF!
Name CF: #REF!
Name CH: 'SUCS N° 03'!$L$21
Name CH: #REF!
Name CHA: #REF!
Name chancada: #REF!
Name Chatas: #REF!
Name CL: 'SUCS N° 03'!$L$18
Name CL: #REF!
Name CLML: 'SUCS N° 03'!$L$23
Name CLML: #REF!
Name CM: [6]BGA!$H$9
Name CM: [7]BGA!$H$9
Name COE0G3: #REF!
Name COE0G4: #REF!
Name COE1G3: #REF!
Name COE1G4: #REF!
Name COE2G3: #REF!
Name COE2G4: #REF!
Name COE3G3: #REF!
Name COE3G4: #REF!
Name COE4G4: #REF!
Name COLUMNITAS: #REF!
Name COMPACT: #REF!
Name CU: 'SUCS N° 03'!$L$5
Name CU: [5]SUCS!$L$5
Name D: #REF!
Name datitos: #REF!
Name Dato: #REF!
Name Dato: #REF!

Sheet SUCS N° 01
B2: Tamiz | C2: Pasa | D2: Pasante
B3: (mm) | C3: (%) | D3: (%) | M3: Sistema unificado de clasificación de suelos (S.U.C.S.) | W3: D60 | X3: D30 | Y3: D10
A4: 4" | B4: 100 | C4: ='D6913'!F24 -> 100 | D4: =IF(C4="",100,C4) -> 100 | F4: D60: | I4: =X24 -> 4.2500873 | J4: mm | W4: =IF(AND(D4=60,D5=60),((B4+B5)/2),IF(AND(D4>=60,D5<=60),FORECAST(60,B4:B5,D4:D5),"")) | X4: =IF(AND(D4=30,D5=30),((B4+B5)/2),IF(AND(D4>=30,D5<=30),FORECAST(30,B4:B5,D4:D5),"")) | Y4: =IF(AND(D4=10,D5=10),((B4+B5)/2),IF(AND(D4>=10,D5<=10),FORECAST(10,B4:B5,D4:D5),""))
A5: 3" | B5: 80 | C5: ='D6913'!F25 -> 96.337257 | D5: =IF(C5="",100,C5) -> 96.337257 | F5: D30: | I5: =X25 -> 0.42955569 | J5: mm | P5: =IF(D19<50,"Suelo de partículas gruesas.","") -> Suelo de partículas gruesas. | W5: =IF(AND(D5=60,D6=60),((B5+B6)/2),IF(AND(D5>=60,D6<=60),FORECAST(60,B5:B6,D5:D6),"")) | X5: =IF(AND(D5=30,D6=30),((B5+B6)/2),IF(AND(D5>=30,D6<=30),FORECAST(30,B5:B6,D5:D6),"")) | Y5: =IF(AND(D5=10,D6=10),((B5+B6)/2),IF(AND(D5>=10,D6<=10),FORECAST(10,B5:B6,D5:D6),""))
A6: 2 1/2" | B6: 63 | C6: ='D6913'!F26 -> 93.104579 | D6: =IF(C6="",100,C6) -> 93.104579 | F6: D10 (diámetro efectivo): | I6: =X26 | J6: mm | P6: =IF(D19<5," Suelo limpio.","") | W6: =IF(AND(D6=60,D7=60),((B6+B7)/2),IF(AND(D6>=60,D7<=60),FORECAST(60,B6:B7,D6:D7),"")) | X6: =IF(AND(D6=30,D7=30),((B6+B7)/2),IF(AND(D6>=30,D7<=30),FORECAST(30,B6:B7,D6:D7),"")) | Y6: =IF(AND(D6=10,D7=10),((B6+B7)/2),IF(AND(D6>=10,D7<=10),FORECAST(10,B6:B7,D6:D7),""))
A7: 2" | B7: 50 | C7: ='D6913'!F27 -> 90.28 | D7: =IF(C7="",100,C7) -> 90.28 | F7: Coeficiente de uniformidad (Cu): | I7: =X27 | P7: =IF(AND(D19>12,D19<50)," Suelo de partículas gruesas con finos (suelo sucio).","") -> Suelo de partículas gruesas con finos (suelo sucio). | W7: =IF(AND(D7=60,D8=60),((B7+B8)/2),IF(AND(D7>=60,D8<=60),FORECAST(60,B7:B8,D7:D8),"")) | X7: =IF(AND(D7=30,D8=30),((B7+B8)/2),IF(AND(D7>=30,D8<=30),FORECAST(30,B7:B8,D7:D8),"")) | Y7: =IF(AND(D7=10,D8=10),((B7+B8)/2),IF(AND(D7>=10,D8<=10),FORECAST(10,B7:B8,D7:D8),""))
A8: 1 1/2" | B8: 40 | C8: ='D6913'!F28 -> 86.400956 | D8: =IF(C8="",100,C8) -> 86.400956 | F8: Grado de curvatura (Cc): | I8: =X28 | P8: =IF(AND(D19>=5,D19<=12),"( Nomenclatura con símbolo doble).","") | W8: =IF(AND(D8=60,D9=60),((B8+B9)/2),IF(AND(D8>=60,D9<=60),FORECAST(60,B8:B9,D8:D9),"")) | X8: =IF(AND(D8=30,D9=30),((B8+B9)/2),IF(AND(D8>=30,D9<=30),FORECAST(30,B8:B9,D8:D9),"")) | Y8: =IF(AND(D8=10,D9=10),((B8+B9)/2),IF(AND(D8>=10,D9<=10),FORECAST(10,B8:B9,D8:D9),""))
A9: 1" | B9: 25 | C9: ='D6913'!F29 -> 81.448014 | D9: =IF(C9="",100,C9) -> 81.448014 | M9: =IF(X23<50,"SI","No") -> SI | N9: =IF(W42>W47/2,"SI","No") -> No | O9: =AND(M9="SI",N9="SI") -> FALSE | P9: =IF(O9=TRUE,"Grava","") | U9: =IF(OR(X32>0,X33>0)," con bloques","") -> con bloques | W9: =IF(AND(D9=60,D10=60),((B9+B10)/2),IF(AND(D9>=60,D10<=60),FORECAST(60,B9:B10,D9:D10),"")) | X9: =IF(AND(D9=30,D10=30),((B9+B10)/2),IF(AND(D9>=30,D10<=30),FORECAST(30,B9:B10,D9:D10),"")) | Y9: =IF(AND(D9=10,D10=10),((B9+B10)/2),IF(AND(D9>=10,D10<=10),FORECAST(10,B9:B10,D9:D10),""))
A10: 3/4" | B10: 20 | C10: ='D6913'!F30 -> 78.326022 | D10: =IF(C10="",100,C10) -> 78.326022 | Q10: =AND(D19<5,X27>=4,X28>=1,X28<=3) -> FALSE | R10: =AND(P9="Grava",Q10=TRUE) -> FALSE | S10: =IF(R10=TRUE," bien graduada","") | T10: =IF(S10=" bien graduada"," GW","") | W10: =IF(AND(D10=60,D11=60),((B10+B11)/2),IF(AND(D10>=60,D11<=60),FORECAST(60,B10:B11,D10:D11),"")) | X10: =IF(AND(D10=30,D11=30),((B10+B11)/2),IF(AND(D10>=30,D11<=30),FORECAST(30,B10:B11,D10:D11),"")) | Y10: =IF(AND(D10=10,D11=10),((B10+B11)/2),IF(AND(D10>=10,D11<=10),FORECAST(10,B10:B11,D10:D11),""))
A11: 1/2" | B11: 12.5 | C11: ='D6913'!F31 -> 72.830639 | D11: =IF(C11="",100,C11) -> 72.830639 | Q11: =AND(D19<5,OR(X27<4,X28<1,X28>3)) -> FALSE | R11: =AND(P9="Grava",Q11=TRUE) -> FALSE | S11: =IF(R11=TRUE," mal graduada","") | T11: =IF(S11=" mal graduada"," GP","") | W11: =IF(AND(D11=60,D12=60),((B11+B12)/2),IF(AND(D11>=60,D12<=60),FORECAST(60,B11:B12,D11:D12),"")) | X11: =IF(AND(D11=30,D12=30),((B11+B12)/2),IF(AND(D11>=30,D12<=30),FORECAST(30,B11:B12,D11:D12),"")) | Y11: =IF(AND(D11=10,D12=10),((B11+B12)/2),IF(AND(D11>=10,D12<=10),FORECAST(10,B11:B12,D11:D12),""))
A12: 3/8" | B12: 10 | C12: ='D6913'!F32 -> 70.05591 | D12: =IF(C12="",100,C12) -> 70.05591 | Q12: =AND(D19>12,OR(AND(C21<=30,C23>7),AND(C21>30,C23>(0.73*(C21-20))))) -> FALSE | R12: =AND(P9="Grava",Q12=TRUE) -> FALSE | S12: =IF(R12=TRUE," arcillosa","") | T12: =IF(S12=" arcillosa"," GC","") | W12: =IF(AND(D12=60,D13=60),((B12+B13)/2),IF(AND(D12>=60,D13<=60),FORECAST(60,B12:B13,D12:D13),"")) | X12: =IF(AND(D12=30,D13=30),((B12+B13)/2),IF(AND(D12>=30,D13<=30),FORECAST(30,B12:B13,D12:D13),"")) | Y12: =IF(AND(D12=10,D13=10),((B12+B13)/2),IF(AND(D12>=10,D13<=10),FORECAST(10,B12:B13,D12:D13),""))
A13: 1/4" | B13: 6.3 | C13: ='D6913'!F33 -> 65.444318 | D13: =IF(C13="",100,C13) -> 65.444318 | Q13: =AND(D19>12,OR(C23<4,C23<(0.73*(C21-20)))) -> TRUE | R13: =AND(P9="Grava",Q13=TRUE) -> FALSE | S13: =IF(R13=TRUE," limosa","") | T13: =IF(S13=" limosa"," GM","") | W13: =IF(AND(D13=60,D14=60),((B13+B14)/2),IF(AND(D13>=60,D14<=60),FORECAST(60,B13:B14,D13:D14),"")) | X13: =IF(AND(D13=30,D14=30),((B13+B14)/2),IF(AND(D13>=30,D14<=30),FORECAST(30,B13:B14,D13:D14),"")) | Y13: =IF(AND(D13=10,D14=10),((B13+B14)/2),IF(AND(D13>=10,D14<=10),FORECAST(10,B13:B14,D13:D14),""))
A14: Nº 4 | B14: 5 | C14: ='D6913'!F34 -> 62.475257 | D14: =IF(C14="",100,C14) -> 62.475257 | Q14: =AND(D19>12,C23>(0.73*(C21-20)),C23>=4,C23<=7) -> FALSE | R14: =AND(P9="Grava",Q14=TRUE) -> FALSE | S14: =IF(R14=TRUE," arcilloso-limosa","") | T14: =IF(S14=" arcilloso-limosa"," GC-GM","") | W14: =IF(AND(D14=60,D15=60),((B14+B15)/2),IF(AND(D14>=60,D15<=60),FORECAST(60,B14:B15,D14:D15),"")) -> 4.2500873 | X14: =IF(AND(D14=30,D15=30),((B14+B15)/2),IF(AND(D14>=30,D15<=30),FORECAST(30,B14:B15,D14:D15),"")) | Y14: =IF(AND(D14=10,D15=10),((B14+B15)/2),IF(AND(D14>=10,D15<=10),FORECAST(10,B14:B15,D14:D15),""))
A15: Nº 10 | B15: 2 | C15: ='D6913'!F36 -> 52.573078 | D15: =IF(C15="",100,C15) -> 52.573078 | Q15: =AND(D19>=5,D19<=12,X27>=4,X28>=1,X28<=3) -> FALSE | R15: =AND(P9="Grava",Q15=TRUE) -> FALSE | S15: =IF(R15=TRUE," bien graduada","") | T15: =IF(S15=" bien graduada"," GW","") | W15: =IF(AND(D15=60,D16=60),((B15+B16)/2),IF(AND(D15>=60,D16<=60),FORECAST(60,B15:B16,D15:D16),"")) | X15: =IF(AND(D15=30,D16=30),((B15+B16)/2),IF(AND(D15>=30,D16<=30),FORECAST(30,B15:B16,D15:D16),"")) | Y15: =IF(AND(D15=10,D16=10),((B15+B16)/2),IF(AND(D15>=10,D16<=10),FORECAST(10,B15:B16,D15:D16),""))
A16: Nº 16 | B16: 1.25 | C16: ='D6913'!F37 -> 43.726901 | D16: =IF(C16="",100,C16) -> 43.726901 | Q16: =AND(D19>=5,D19<=12,OR(X27<4,X28<1,X28>3)) -> FALSE | R16: =AND(P9="Grava",Q16=TRUE) -> FALSE | S16: =IF(R16=TRUE," mal graduada","") | T16: =IF(S16=" mal graduada"," GP","") | W16: =IF(AND(D16=60,D17=60),((B16+B17)/2),IF(AND(D16>=60,D17<=60),FORECAST(60,B16:B17,D16:D17),"")) | X16: =IF(AND(D16=30,D17=30),((B16+B17)/2),IF(AND(D16>=30,D17<=30),FORECAST(30,B16:B17,D16:D17),"")) -> 0.42955569 | Y16: =IF(AND(D16=10,D17=10),((B16+B17)/2),IF(AND(D16>=10,D17<=10),FORECAST(10,B16:B17,D16:D17),""))
A17: Nº 40 | B17: 0.4 | C17: ='D6913'!F40 -> 29.505502 | D17: =IF(C17="",100,C17) -> 29.505502 | F17: Sistema unificado de clasificación de suelos (S.U.C.S.) | Q17: =AND(D19>=5,D19<=12,OR(AND(C21<=30,C23>7),AND(C21>30,C23>(0.73*(C21-20))))) -> FALSE | R17: =AND(P9="Grava",Q17=TRUE) -> FALSE | S17: =IF(R17=TRUE," con arcilla","") | T17: =IF(S17=" con arcilla"," GC","") | W17: =IF(AND(D17=60,D18=60),((B17+B18)/2),IF(AND(D17>=60,D18<=60),FORECAST(60,B17:B18,D17:D18),"")) | X17: =IF(AND(D17=30,D18=30),((B17+B18)/2),IF(AND(D17>=30,D18<=30),FORECAST(30,B17:B18,D17:D18),"")) | Y17: =IF(AND(D17=10,D18=10),((B17+B18)/2),IF(AND(D17>=10,D18<=10),FORECAST(10,B17:B18,D17:D18),""))
A18: Nº 100 | B18: 0.16 | C18: ='D6913'!F44 -> 21.066145 | D18: =IF(C18="",100,C18) -> 21.066145 | F18: =IF(AND(C4="",C5="",C6="",C7="",C8="",C9="",C10="",C11="",C12="",C13="",C14="",C15="",C16="",C17="",C18="",C19=""),"",M42) -> Suelo de partículas gruesas. Suelo de partículas gruesas con finos (suelo sucio). | Q18: =AND(D19>=5,D19<=12,OR(C23<4,C23<(0.73*(C21-20)))) -> FALSE | R18: =AND(P9="Grava",Q18=TRUE) -> FALSE | S18: =IF(R18=TRUE," con limo","") | T18: =IF(S18=" con limo"," GM","") | W18: =IF(AND(D18=60,D19=60),((B18+B19)/2),IF(AND(D18>=60,D19<=60),FORECAST(60,B18:B19,D18:D19),"")) | X18: =IF(AND(D18=30,D19=30),((B18+B19)/2),IF(AND(D18>=30,D19<=30),FORECAST(30,B18:B19,D18:D19),"")) | Y18: =IF(AND(D18=10,D19=10),((B18+B19)/2),IF(AND(D18>=10,D19<=10),FORECAST(10,B18:B19,D18:D19),""))
A19: Nº 200 | B19: 0.08 | C19: ='D6913'!F46 -> 17.326861 | D19: =IF(C19="",100,C19) -> 17.326861 | F19: =IF(AND(C4="",C5="",C6="",C7="",C8="",C9="",C10="",C11="",C12="",C13="",C14="",C15="",C16="",C17="",C18="",C19=""),"",Q43) -> Arena limosa con grava con bloques SM | Q19: =AND(D19>=5,D19<=12,C23>(0.73*(C21-20)),C23>=4,C23<=7) -> FALSE | R19: =AND(P9="Grava",Q19=TRUE) -> FALSE | S19: =IF(R19=TRUE," con arcilla y limo","") | T19: =IF(S19=" con arcilla y limo"," GC","") | W19: =AVERAGE(W4:W18) -> 4.2500873 | X19: =AVERAGE(X4:X18) -> 0.42955569 | Y19: =AVERAGE(Y4:Y18) -> #DIV/0!
R20: =AND(P9="Grava",(X43+X44+X45+X46+X47)>15) -> FALSE | S20: =IF(R20=TRUE," con arena","") | W20: =ISNUMBER(W19) -> TRUE | X20: =ISNUMBER(X19) -> TRUE | Y20: =ISNUMBER(Y19) -> FALSE
B21: Límite líquido, LL: | C21: =IF('D6913'!L34="NP",0,'D6913'!K34) -> 0 | D21: % | F21: =IF(AND(C4="",C5="",C6="",C7="",C8="",C9="",C10="",C11="",C12="",C13="",C14="",C15="",C16="",C17="",C18="",C19=""),"",F19) -> Arena limosa con grava con bloques SM | M21: =IF(X23<50,"SI","No") -> SI | N21: =IF(W42<W47/2,"SI","No") -> SI | O21: =AND(M21="SI",N21="SI") -> TRUE | P21: =IF(O21=TRUE,"Arena","") -> Arena
B22: Límite plastico, LP: | C22: =IF('D6913'!L35="NP",0,'D6913'!K35) -> 0 | D22: % | Q22: =AND(D19<5,X27>=6,X28>=1,X28<=3) -> FALSE | R22: =AND(P21="Arena",Q22=TRUE) -> FALSE | S22: =IF(AND(R22=TRUE,D19<=12,D19<50)," bien graduada","") | T22: =IF(S22=" bien graduada"," SW","") | W22: Pasa tamiz Nº 4 (5mm): | X22: =D14 -> 62.475257 | Y22: %
B23: Índice plasticidad, IP: | C23: =C21-C22 -> 0 | D23: % | Q23: =AND(D19<5,OR(X27<6,X28<1,X28>3)) -> FALSE | R23: =AND(P21="Arena",Q23=TRUE) -> FALSE | S23: =IF(AND(R23=TRUE,D19<=12,D19<50)," mal graduada","") | T23: =IF(S23=" mal graduada"," SP","") | W23: Pasa tamiz Nº 200 (0,080 mm): | X23: =D19 -> 17.326861 | Y23: %
Q24: =AND(D19>12,OR(AND(C21<=30,C23>7),AND(C21>30,C23>(0.73*(C21-20))))) -> FALSE | R24: =AND(P21="Arena",Q24=TRUE) -> FALSE | S24: =IF(AND(R24=TRUE,D19>12,D19<50)," arcillosa","") | T24: =IF(S24=" arcillosa"," SC","") | W24: D60: | X24: =IF(W20=TRUE,W19,"") -> 4.2500873 | Y24: mm
Q25: =AND(D19>12,OR(C23<4,C23<(0.73*(C21-20)))) -> TRUE | R25: =AND(P21="Arena",Q25=TRUE) -> TRUE | S25: =IF(AND(R25=TRUE,D19>12,D19<50)," limosa","") -> limosa | T25: =IF(S25=" limosa"," SM","") -> SM | W25: D30: | X25: =IF(X20=TRUE,X19,"") -> 0.42955569 | Y25: mm
Q26: =AND(D19>12,C23>(0.73*(C21-20)),C23>=4,C23<=7) -> FALSE | R26: =AND(P21="Arena",Q26=TRUE) -> FALSE | S26: =IF(AND(R26=TRUE,D19>12,D19<50)," arcilloso-limosa","") | T26: =IF(S26=" arcilloso-limosa"," SC-SM","") | W26: D10 (diámetro efectivo): | X26: =IF(Y20=TRUE,Y19,"") | Y26: mm
Q27: =AND(D19>=5,D19<=12,X27>=4,X28>=1,X28<=3) -> FALSE | R27: =AND(P21="Arena",Q27=TRUE) -> FALSE | S27: =IF(R27=TRUE," bien graduada","") | T27: =IF(S27=" bien graduada"," SW","") | W27: Coeficiente de uniformidad (Cu): | X27: =IF(OR(X24="",X25="",X26=""),"",X24/X26)
Q28: =AND(D19>=5,D19<=12,OR(X27<4,X28<1,X28>3)) -> FALSE | R28: =AND(P21="Arena",Q28=TRUE) -> FALSE | S28: =IF(R28=TRUE," mal graduada","") | T28: =IF(S28=" mal graduada"," SP","") | W28: Grado de curvatura (Cc): | X28: =IF(OR(X24="",X25="",X26=""),"",(X25*X25)/(X26*X24))
Q29: =AND(D19>=5,D19<=12,OR(AND(C21<=30,C23>7),AND(C21>30,C23>(0.73*(C21-20))))) -> FALSE | R29: =AND(P21="Arena",Q29=TRUE) -> FALSE | S29: =IF(R29=TRUE," con arcilla","") | T29: =IF(S29=" con arcilla"," SC","")
Q30: =AND(D19>=5,D19<=12,OR(C23<4,C23<(0.73*(C21-20)))) -> FALSE | R30: =AND(P21="Arena",Q30=TRUE) -> FALSE | S30: =IF(R30=TRUE," con limo","") | T30: =IF(S30=" con limo"," SM","") | W30: Retenido | X30: Retenido
Q31: =AND(D19>=5,D19<=12,C23>(0.73*(C21-20)),C23>=4,C23<=7) -> FALSE | R31: =AND(P21="Arena",Q31=TRUE) -> FALSE | S31: =IF(R31=TRUE," con arcilla y limo","") | T31: =IF(S31=" con arcilla y limo"," SC","") | W31: acumulado (%) | X31: parcial (%)
R32: =AND(P21="Arena",(X32+X33+X34+X35+X36+X37+X38+X39+X40+X41+X42)>15) -> TRUE | S32: =IF(R32=TRUE," con grava","") -> con grava | W32: =100-D4 -> 0 | X32: =100-D4 -> 0
W33: =100-D5 -> 3.6627435 | X33: =D4-D5 -> 3.6627435
P34: =IF(D19>=50,"Suelo de partículas finas.","") | W34: =100-D6 -> 6.8954208 | X34: =D5-D6 -> 3.2326774
M35: =IF(X23>=50,"SI","No") -> No | Q35: =AND(C23>(0.73*(C21-20)),C23>7,C21<30) -> FALSE | R35: =AND(M35="SI",Q35=TRUE) -> FALSE | S35: =IF(R35=TRUE,"Arcilla baja plasticidad","") | T35: =IF(S35="Arcilla baja plasticidad"," CL","") | U35: =IF(AND(D19>=50,W47<30,W47>15,(X32+X33+X34+X35+X36+X37+X38+X39+X40+X41+X42)<=(X43+X44+X45+X46+X47))," con arena","") | W35: =100-D7 -> 9.7200002 | X35: =D6-D7 -> 2.8245793
Q36: =AND(C23>(0.73*(C21-20)),C23>4,C21>=50) -> FALSE | R36: =AND(M35="SI",Q36=TRUE) -> FALSE | S36: =IF(R36=TRUE,"Arcilla alta plasticidad","") | T36: =IF(S36="Arcilla alta plasticidad"," CH","") | U36: =IF(AND(D19>=50,W47<30,W47>15,(X32+X33+X34+X35+X36+X37+X38+X39+X40+X41+X42)>(X43+X44+X45+X46+X47))," con grava","") | W36: =100-D8 -> 13.599044 | X36: =D7-D8 -> 3.8790439
Q37: =AND(C23>=(0.73*(C21-20)),C23>=4,C23<=7) -> FALSE | R37: =AND(M35="SI",Q37=TRUE) -> FALSE | S37: =IF(R37=TRUE,"Arcilla limosa","") | T37: =IF(S37="Arcilla limosa"," CL-ML","") | U37: =IF(AND(D19>=50,W47>=30,(X32+X33+X34+X35+X36+X37+X38+X39+X40+X41+X42)<=(X43+X44+X45+X46+X47),OR(S35="Arcilla baja plasticidad",S36="Arcilla alta plasticidad",S37="Arcilla limosa",S40="Arcilla media plasticidad"))," arenosa","") | W37: =100-D9 -> 18.551986 | X37: =D8-D9 -> 4.9529417
Q38: =AND(OR(C23<(0.73*(C21-20)),C23<4),C21<30) -> TRUE | R38: =AND(M35="SI",Q38=TRUE) -> FALSE | S38: =IF(R38=TRUE,"Limo baja plasticidad","") | T38: =IF(S38="Limo baja plasticidad"," ML","") | U38: =IF(AND(D19>=50,W47>=30,(X32+X33+X34+X35+X36+X37+X38+X39+X40+X41+X42)>(X43+X44+X45+X46+X47),OR(S35="Arcilla baja plasticidad",S36="Arcilla alta plasticidad",S37="Arcilla limosa",S40="Arcilla media plasticidad"))," gravosa","") | W38: =100-D10 -> 21.673978 | X38: =D9-D10 -> 3.1219924
Q39: =AND(OR(C23<(0.73*(C21-20)),C23<4),C21>=50) -> FALSE | R39: =AND(M35="SI",Q39=TRUE) -> FALSE | S39: =IF(R39=TRUE,"Limo alta plasticidad","") | T39: =IF(S39="Limo alta plasticidad"," MH","") | U39: =IF(AND(D19>=50,W47>=30,(X32+X33+X34+X35+X36+X37+X38+X39+X40+X41+X42)<=(X43+X44+X45+X46+X47),OR(S38="Limo baja plasticidad",S39="Limo alta plasticidad",S41="Limo baja plasticidad"))," arenoso","") | W39: =100-D11 -> 27.169361 | X39: =D10-D11 -> 5.4953826
Q40: =AND(C23>(0.73*(C21-20)),C23>7,AND(C21>=30,C21<50)) -> FALSE | R40: =AND(M35="SI",Q40=TRUE) -> FALSE | S40: =IF(R40=TRUE,"Arcilla media plasticidad","") | T40: =IF(S40="Arcilla media plasticidad"," CL","") | U40: =IF(AND(D19>=50,W47>=30,(X32+X33+X34+X35+X36+X37+X38+X39+X40+X41+X42)>(X43+X44+X45+X46+X47),OR(S38="Limo baja plasticidad",S39="Limo alta plasticidad",S41="Limo baja plasticidad"))," gravoso","") | W40: =100-D12 -> 29.94409 | X40: =D11-D12 -> 2.7747288
Q41: =AND(OR(C23<(0.73*(C21-20)),C23<4),AND(C21>30,C21<50)) -> FALSE | R41: =AND(M35="SI",Q41=TRUE) -> FALSE | S41: =IF(R41=TRUE,"Limo baja plasticidad","") | T41: =IF(S41="Limo baja plasticidad"," ML","") | W41: =100-D13 -> 34.555682 | X41: =D12-D13 -> 4.6115926
M42: =CONCATENATE(P5,P6,P7,P8,P34) -> Suelo de partículas gruesas. Suelo de partículas gruesas con finos (suelo sucio). | W42: =100-D14 -> 37.524743 | X42: =D13-D14 -> 2.9690612
M43: =CONCATENATE(P9,P21) -> Arena | N43: =CONCATENATE(S10,S11,S12,S13,S14,S15,S16,S17,S18,S19,S20,S22,S23,S24,S25,S26,S27,S28,S29,S30,S31,S32,S35,S36,S37,S38,S39,S40,S41) -> limosa con grava | O43: =CONCATENATE(U35,U36,U37,U38,U39,U40,U9) -> con bloques | P43: =CONCATENATE(T10,T11,T12,T13,T14,T15,T16,T17,T18,T19,T22,T23,T24,T25,T26,T27,T28,T29,T30,T31,T35,T36,T37,T38,T39,T40,T41) -> SM | Q43: =CONCATENATE(M43,N43,O43,P43) -> Arena limosa con grava con bloques SM | R43: =CONCATENATE(M43,N43) -> Arena limosa con grava | W43: =100-D15 -> 47.426922 | X43: =D14-D15 -> 9.9021789
W44: =100-D16 -> 56.273099 | X44: =D15-D16 -> 8.8461773
W45: =100-D17 -> 70.494498 | X45: =D16-D17 -> 14.221398
W46: =100-D18 -> 78.933855 | X46: =D17-D18 -> 8.439357
W47: =100-D19 -> 82.673139 | X47: =D18-D19 -> 3.7392843

Sheet SUCS N° 02
A2: SISTEMA UNIFICADO DE CLASIFICACION
A3: TIPO | B3: VISIONES MAYORES | E3: SIMBOLO | F3: NOMBRES TIPICOS | G3: CRITERIOS DE CLASIFICACION | M3: NOMBRE TIPICO DESGREGADO | AF3: CLASIFICACION SIMPLE | AO3: CLASIFICACION DOBLE (Influ. 4) | AX3: CLASIFICACION DOBLE (Influ. 6 con 3) | BG3: CLASIFICACION DOBLE (Influ. 6 con 4) | BR3: CLASIFICACION COMPLETA
A4: SUELOS | E4: DE GRUPO | G4: Indices y Coef. | I4: Fraccionamiento de Pacticulas | N4: 1 | O4: 2 | P4: 3 | Q4: 4 | R4: 4.1 | S4: 4.2 | T4: 4.3 | U4: 5 | V4: 5.1 | W4: 5.2 | X4: 5.3 | Y4: 6 | Z4: 6.1 | AA4: 6.2 | AB4: 6.3 | AC4: 7 | AD4: 8 | AF4: =N4 -> 1 | AG4: =O4 -> 2 | AH4: =P4 -> 3 | AI4: =Q4 -> 4 | AJ4: =U4 -> 5 | AK4: =AD4 -> 8 | AL4: SUM. | AM4: CLAS. | AO4: =N4 -> 1 | AP4: =O4 -> 2 | AQ4: =P4 -> 3 | AR4: 4 | AS4: =U4 -> 5 | AT4: =AD4 -> 8 | AU4: SUM. | AV4: CLAS. | AX4: =N4 -> 1 | AY4: =AG4 -> 2 | AZ4: =AH4 -> 3 | BA4: =AI4 -> 4 | BB4: =Y4 -> 6 | BC4: =AT4 -> 8 | BD4: SUM. | BE4: CLAS. | BG4: =N4 -> 1 | BH4: =O4 -> 2 | BI4: =AQ4 -> 3 | BJ4: =AR4 -> 4 | BK4: =Y4 -> 6 | BL4: =AD4 -> 8 | BM4: SUM. | BN4: CLAS. | BR4: SIMBOLO | BS4: NOMBRE TIPICO
A5: GRANO GRUESO | E5: GW | F5: Gravas bien gradadas, mezclas gravosas, poco o ningun fino | G5: Cu ≥ 4 | H5: 1 ≤ Cc ≤ 3 | I5: Pasante Nº 200 menos del 5% | L5: Frac Arena < 15% | M5: Grava bien graduada | N5: =IF(C90<50,1,0) -> 1 | O5: =IF((B82/2)<C89,1,0) -> 0 | P5: =IF(C95>=4,1,0) -> 1 | Q5: =IF(T5=2,1,0) -> 1 | R5: =IF(C96>=1,1,0) -> 1 | S5: =IF(C96<=3,1,0) -> 1 | T5: =R5+S5 -> 2 | U5: =IF(C90<5,1,0) -> 0 | V5: - | W5: - | X5: - | Y5: =IF(AB5=2,1,0) -> 0 | Z5: =IF(C90>=5,1,0) -> 1 | AA5: =IF(C90<=12,1,0) -> 0 | AB5: =Z5+AA5 -> 1 | AC5: - | AD5: =IF(C85<15,1,0) -> 0 | AF5: =N5 -> 1 | AG5: =O5 -> 0 | AH5: =P5 -> 1 | AI5: =Q5 -> 1 | AJ5: =U5 -> 0 | AK5: =AD5 -> 0 | AL5: =SUM(AF5:AK5) -> 3 | AM5: =IF(AL5=6,E5,"") | AN5: =IF(AM5="",0,1) -> 0 | AO5: =N5 -> 1 | AP5: =O5 -> 0 | AQ5: =P5 -> 1 | AR5: =Q5 -> 1 | AS5: =U5 -> 0 | AT5: =AD5 -> 0 | AU5: =SUM(AO5:AT5) -> 3 | AV5: =IF(AU5=6,E5,"") | AW5: =IF(AV5="",0,1) -> 0 | AX5: =N5 -> 1 | AY5: =AG5 -> 0 | AZ5: =AH5 -> 1 | BA5: =AI5 -> 1 | BB5: =Y5 -> 0 | BC5: =AT5 -> 0 | BD5: =SUM(AX5:BC5) -> 3 | BE5: =IF(BD5=6,E5,"") | BF5: =IF(BE5="",0,1) -> 0 | BG5: =N5 -> 1 | BH5: =O5 -> 0 | BI5: =AQ5 -> 1 | BJ5: =AR5 -> 1 | BK5: =Y5 -> 0 | BL5: =AD5 -> 0 | BM5: =SUM(BG5:BL5) -> 3 | BN5: =IF(BM5=6,E5,"") | BO5: =IF(BN5="",0,1) -> 0 | BQ5: =AN5+AW5+BF5+BO5 -> 0 | BR5: =IF(BQ5=0,"",E5) | BS5: =IF(BQ5=0,"",M5) | BT5: =IF(BR5="",0,1) -> 0 | BU5: =BT5+BT6 -> 0 | BV5: =IF(BW5="",0,1) -> 0 | BW5: =IF(BU5=0,"",E5)
L6: Frac Arena ≥ 15% | M6: Grava bien graduada con arena | N6: =IF(C90<50,1,0) -> 1 | O6: =IF((B82/2)<C89,1,0) -> 0 | P6: =IF(C95>=4,1,0) -> 1 | Q6: =IF(T6=2,1,0) -> 1 | R6: =IF(C96>=1,1,0) -> 1 | S6: =IF(C96<=3,1,0) -> 1 | T6: =R6+S6 -> 2 | U6: =IF(C90<5,1,0) -> 0 | V6: - | W6: - | X6: - | Y6: =IF(AB6=2,1,0) -> 0 | Z6: =IF(C90>=5,1,0) -> 1 | AA6: =IF(C90<=12,1,0) -> 0 | AB6: =Z6+AA6 -> 1 | AC6: - | AD6: =IF(C85>=15,1,0) -> 1 | AF6: =N6 -> 1 | AG6: =O6 -> 0 | AH6: =P6 -> 1 | AI6: =Q6 -> 1 | AJ6: =U6 -> 0 | AK6: =AD6 -> 1 | AL6: =SUM(AF6:AK6) -> 4 | AM6: =IF(AL6=6,E5,"") | AN6: =IF(AM6="",0,1) -> 0 | AO6: =N6 -> 1 | AP6: =O6 -> 0 | AQ6: =P6 -> 1 | AR6: =Q6 -> 1 | AS6: =U6 -> 0 | AT6: =AD6 -> 1 | AU6: =SUM(AO6:AT6) -> 4 | AV6: =IF(AU6=6,E5,"") | AW6: =IF(AV6="",0,1) -> 0 | AX6: =N6 -> 1 | AY6: =AG6 -> 0 | AZ6: =AH6 -> 1 | BA6: =AI6 -> 1 | BB6: =Y6 -> 0 | BC6: =AT6 -> 1 | BD6: =SUM(AX6:BC6) -> 4 | BE6: =IF(BD6=6,E5,"") | BF6: =IF(BE6="",0,1) -> 0 | BG6: =N6 -> 1 | BH6: =O6 -> 0 | BI6: =AQ6 -> 1 | BJ6: =AR6 -> 1 | BK6: =Y6 -> 0 | BL6: =AD6 -> 1 | BM6: =SUM(BG6:BL6) -> 4 | BN6: =IF(BM6=6,E5,"") | BO6: =IF(BN6="",0,1) -> 0 | BQ6: =AN6+AW6+BF6+BO6 -> 0 | BR6: =IF(BQ6=0,"",E5) | BS6: =IF(BQ6=0,"",M6) | BT6: =IF(BR6="",0,1) -> 0
D7: Gravas (mas de a | E7: GP | F7: Gravas pobremente gradadas, mezcla grava - arena, pocos o ningun fino | G7: No cumple todos los requisitos de gradacion para GW | I7: Pasante Nº 200 menos del 5% | L7: Frac Arena < 15% | M7: Grava mal graduada | N7: =IF(C90<50,1,0) -> 1 | O7: =IF((B82/2)<C89,1,0) -> 0 | P7: =IF((P5+Q5=2),0,1) -> 0 | Q7: =IF((P5+Q5=2),0,1) -> 0 | R7: - | S7: - | T7: - | U7: =IF(C90<5,1,0) -> 0 | V7: - | W7: - | X7: - | Y7: =IF(AB7=2,1,0) -> 0 | Z7: =IF(C90>=5,1,0) -> 1 | AA7: =IF(C90<=12,1,0) -> 0 | AB7: =Z7+AA7 -> 1 | AC7: - | AD7: =IF(C85<15,1,0) -> 0 | AF7: =N7 -> 1 | AG7: =O7 -> 0 | AH7: =P7 -> 0 | AI7: =Q7 -> 0 | AJ7: =U7 -> 0 | AK7: =AD7 -> 0 | AL7: =SUM(AF7:AK7) -> 1 | AM7: =IF(AL7=6,E7,"") | AN7: =IF(AM7="",0,1) -> 0 | AO7: =N7 -> 1 | AP7: =O7 -> 0 | AQ7: =P7 -> 0 | AR7: =Q7 -> 0 | AS7: =U7 -> 0 | AT7: =AD7 -> 0 | AU7: =SUM(AO7:AT7) -> 1 | AV7: =IF(AU7=6,E7,"") | AW7: =IF(AV7="",0,1) -> 0 | AX7: =N7 -> 1 | AY7: =AG7 -> 0 | AZ7: =AH7 -> 0 | BA7: =AI7 -> 0 | BB7: =Y7 -> 0 | BC7: =AT7 -> 0 | BD7: =SUM(AX7:BC7) -> 1 | BE7: =IF(BD7=6,E7,"") | BF7: =IF(BE7="",0,1) -> 0 | BG7: =N7 -> 1 | BH7: =O7 -> 0 | BI7: =AQ7 -> 0 | BJ7: =AR7 -> 0 | BK7: =Y7 -> 0 | BL7: =AD7 -> 0 | BM7: =SUM(BG7:BL7) -> 1 | BN7: =IF(BM7=6,E7,"") | BO7: =IF(BN7="",0,1) -> 0 | BQ7: =AN7+AW7+BF7+BO7 -> 0 | BR7: =IF(BQ7=0,"",E7) | BS7: =IF(BQ7=0,"",M7) | BT7: =IF(BR7="",0,1) -> 0 | BU7: =BT7+BT8 -> 0 | BV7: =IF(BW7="",0,1) -> 0 | BW7: =IF(BU7=0,"",E7)
D8: mitad de la fraccion | L8: Frac Arena ≥ 15% | M8: Grava mal graduada con arena | N8: =IF(C90<50,1,0) -> 1 | O8: =IF((B82/2)<C89,1,0) -> 0 | P8: =IF((P5+Q5=2),0,1) -> 0 | Q8: =IF((P5+Q5=2),0,1) -> 0 | R8: - | S8: - | T8: - | U8: =IF(C90<5,1,0) -> 0 | V8: - | W8: - | X8: - | Y8: =IF(AB8=2,1,0) -> 0 | Z8: =IF(C90>=5,1,0) -> 1 | AA8: =IF(C90<=12,1,0) -> 0 | AB8: =Z8+AA8 -> 1 | AC8: - | AD8: =IF(C85>=15,1,0) -> 1 | AF8: =N8 -> 1 | AG8: =O8 -> 0 | AH8: =P8 -> 0 | AI8: =Q8 -> 0 | AJ8: =U8 -> 0 | AK8: =AD8 -> 1 | AL8: =SUM(AF8:AK8) -> 2 | AM8: =IF(AL8=6,E7,"") | AN8: =IF(AM8="",0,1) -> 0 | AO8: =N8 -> 1 | AP8: =O8 -> 0 | AQ8: =P8 -> 0 | AR8: =Q8 -> 0 | AS8: =U8 -> 0 | AT8: =AD8 -> 1 | AU8: =SUM(AO8:AT8) -> 2 | AV8: =IF(AU8=6,E7,"") | AW8: =IF(AV8="",0,1) -> 0 | AX8: =N8 -> 1 | AY8: =AG8 -> 0 | AZ8: =AH8 -> 0 | BA8: =AI8 -> 0 | BB8: =Y8 -> 0 | BC8: =AT8 -> 1 | BD8: =SUM(AX8:BC8) -> 2 | BE8: =IF(BD8=6,E7,"") | BF8: =IF(BE8="",0,1) -> 0 | BG8: =N8 -> 1 | BH8: =O8 -> 0 | BI8: =AQ8 -> 0 | BJ8: =AR8 -> 0 | BK8: =Y8 -> 0 | BL8: =AD8 -> 1 | BM8: =SUM(BG8:BL8) -> 2 | BN8: =IF(BM8=6,E7,"") | BO8: =IF(BN8="",0,1) -> 0 | BQ8: =AN8+AW8+BF8+BO8 -> 0 | BR8: =IF(BQ8=0,"",E7) | BS8: =IF(BQ8=0,"",M8) | BT8: =IF(BR8="",0,1) -> 0
D9: gruesa es mayor | E9: GM | F9: Gravas limosas, mezcla grava - arena - limo | G9: IP < 4 | I9: Pasante Nº 200 mas del 12% | L9: Frac Arena < 15% | M9: Grava limosa | N9: =IF(C90<50,1,0) -> 1 | O9: =IF((B82/2)<C89,1,0) -> 0 | P9: =IF(C94<4,1,0) -> 0 | Q9: =IF(T9=2,1,0) -> 0 | R9: =IF(C94>=4,1,0) -> 1 | S9: =IF(C94<=7,1,0) -> 0 | T9: =R9+S9 -> 1 | U9: =IF(C90>12,1,0) -> 1 | V9: - | W9: - | X9: - | Y9: =IF(AB9=2,1,0) -> 0 | Z9: =IF(C90>=5,1,0) -> 1 | AA9: =IF(C90<=12,1,0) -> 0 | AB9: =Z9+AA9 -> 1 | AC9: - | AD9: =IF(C85<15,1,0) -> 0 | AF9: =N9 -> 1 | AG9: =O9 -> 0 | AH9: =P9 -> 0 | AI9: - | AJ9: =U9 -> 1 | AK9: =AD9 -> 0 | AL9: =SUM(AF9:AK9) -> 2 | AM9: =IF(AL9=5,E9,"") | AN9: =IF(AM9="",0,1) -> 0 | AO9: =N9 -> 1 | AP9: =O9 -> 0 | AQ9: - | AR9: =Q9 -> 0 | AS9: =U9 -> 1 | AT9: =AD9 -> 0 | AU9: =SUM(AO9:AT9) -> 2 | AV9: =IF(AU9=5,E9,"") | AW9: =IF(AV9="",0,1) -> 0 | AX9: =N9 -> 1 | AY9: =AG9 -> 0 | AZ9: =AH9 -> 0 | BA9: =AI9 -> - | BB9: =Y9 -> 0 | BC9: =AT9 -> 0 | BD9: =SUM(AX9:BC9) -> 1 | BE9: =IF(BD9=5,E9,"") | BF9: =IF(BE9="",0,1) -> 0 | BG9: =N9 -> 1 | BH9: =O9 -> 0 | BI9: =AQ9 -> - | BJ9: =AR9 -> 0 | BK9: =Y9 -> 0 | BL9: =AD9 -> 0 | BM9: =SUM(BG9:BL9) -> 1 | BN9: =IF(BM9=5,E9,"") | BO9: =IF(BN9="",0,1) -> 0 | BQ9: =AN9+AW9+BF9+BO9 -> 0 | BR9: =IF(BQ9=0,"",E9) | BS9: =IF(BQ9=0,"",M9) | BT9: =IF(BR9="",0,1) -> 0 | BU9: =BT9+BT10 -> 0 | BV9: =IF(BW9="",0,1) -> 0 | BW9: =IF(BU9=0,"",E9)
D10: que el tamiz Nº 4 | H10: 4 ≤ IP ≤ 7 | L10: Frac Arena ≥ 15% | M10: Grava limosa con arena | N10: =IF(C90<50,1,0) -> 1 | O10: =IF((B82/2)<C89,1,0) -> 0 | P10: =IF(C94<4,1,0) -> 0 | Q10: =IF(T10=2,1,0) -> 0 | R10: =IF(C94>=4,1,0) -> 1 | S10: =IF(C94<=7,1,0) -> 0 | T10: =R10+S10 -> 1 | U10: =IF(C90>12,1,0) -> 1 | V10: - | W10: - | X10: - | Y10: =IF(AB10=2,1,0) -> 0 | Z10: =IF(C90>=5,1,0) -> 1 | AA10: =IF(C90<=12,1,0) -> 0 | AB10: =Z10+AA10 -> 1 | AC10: - | AD10: =IF(C85>=15,1,0) -> 1 | AF10: =N10 -> 1 | AG10: =O10 -> 0 | AH10: =P10 -> 0 | AI10: - | AJ10: =U10 -> 1 | AK10: =AD10 -> 1 | AL10: =SUM(AF10:AK10) -> 3 | AM10: =IF(AL10=5,E9,"") | AN10: =IF(AM10="",0,1) -> 0 | AO10: =N10 -> 1 | AP10: =O10 -> 0 | AQ10: - | AR10: =Q10 -> 0 | AS10: =U10 -> 1 | AT10: =AD10 -> 1 | AU10: =SUM(AO10:AT10) -> 3 | AV10: =IF(AU10=5,E9,"") | AW10: =IF(AV10="",0,1) -> 0 | AX10: =N10 -> 1 | AY10: =AG10 -> 0 | AZ10: =AH10 -> 0 | BA10: =AI10 -> - | BB10: =Y10 -> 0 | BC10: =AT10 -> 1 | BD10: =SUM(AX10:BC10) -> 2 | BE10: =IF(BD10=5,E9,"") | BF10: =IF(BE10="",0,1) -> 0 | BG10: =N10 -> 1 | BH10: =O10 -> 0 | BI10: =AQ10 -> - | BJ10: =AR10 -> 0 | BK10: =Y10 -> 0 | BL10: =AD10 -> 1 | BM10: =SUM(BG10:BL10) -> 2 | BN10: =IF(BM10=5,E9,"") | BO10: =IF(BN10="",0,1) -> 0 | BQ10: =AN10+AW10+BF10+BO10 -> 0 | BR10: =IF(BQ10=0,"",E9) | BS10: =IF(BQ10=0,"",M10) | BT10: =IF(BR10="",0,1) -> 0
B11: Mas del 50% de | E11: GC | F11: Gravas arcillosas, mezcla grava - arena - arcillosas | G11: IP > 7 | H11: Se les asigna doble simbolo | I11: Pasante Nº 200 mas del 12% | J11: De 5% a 12% | L11: Frac Arena < 15% | M11: Grava arcillosa | N11: =IF(C90<50,1,0) -> 1 | O11: =IF((B82/2)<C89,1,0) -> 0 | P11: =IF(C94>7,1,0) -> 1 | Q11: =IF(T11=2,1,0) -> 0 | R11: =IF(C94>=4,1,0) -> 1 | S11: =IF(C94<=7,1,0) -> 0 | T11: =R11+S11 -> 1 | U11: =IF(C90>12,1,0) -> 1 | V11: - | W11: - | X11: - | Y11: =IF(AB11=2,1,0) -> 0 | Z11: =IF(C90>=5,1,0) -> 1 | AA11: =IF(C90<=12,1,0) -> 0 | AB11: =Z11+AA11 -> 1 | AC11: - | AD11: =IF(C85<15,1,0) -> 0 | AF11: =N11 -> 1 | AG11: =O11 -> 0 | AH11: =P11 -> 1 | AI11: - | AJ11: =U11 -> 1 | AK11: =AD11 -> 0 | AL11: =SUM(AF11:AK11) -> 3 | AM11: =IF(AL11=5,E11,"") | AN11: =IF(AM11="",0,1) -> 0 | AO11: =N11 -> 1 | AP11: =O11 -> 0 | AQ11: - | AR11: =Q11 -> 0 | AS11: =U11 -> 1 | AT11: =AD11 -> 0 | AU11: =SUM(AO11:AT11) -> 2 | AV11: =IF(AU11=5,E11,"") | AW11: =IF(AV11="",0,1) -> 0 | AX11: =N11 -> 1 | AY11: =AG11 -> 0 | AZ11: =AH11 -> 1 | BA11: =AI11 -> - | BB11: =Y11 -> 0 | BC11: =AT11 -> 0 | BD11: =SUM(AX11:BC11) -> 2 | BE11: =IF(BD11=5,E11,"") | BF11: =IF(BE11="",0,1) -> 0 | BG11: =N11 -> 1 | BH11: =O11 -> 0 | BI11: =AQ11 -> - | BJ11: =AR11 -> 0 | BK11: =Y11 -> 0 | BL11: =AD11 -> 0 | BM11: =SUM(BG11:BL11) -> 1 | BN11: =IF(BM11=5,E11,"") | BO11: =IF(BN11="",0,1) -> 0 | BQ11: =AN11+AW11+BF11+BO11 -> 0 | BR11: =IF(BQ11=0,"",E11) | BS11: =IF(BQ11=0,"",M11) | BT11: =IF(BR11="",0,1) -> 0 | BU11: =BT11+BT12 -> 0 | BV11: =IF(BW11="",0,1) -> 0 | BW11: =IF(BU11=0,"",E11)
B12: la muestra es | L12: Frac Arena ≥ 15% | M12: Grava arcillosa con arena | N12: =IF(C90<50,1,0) -> 1 | O12: =IF((B82/2)<C89,1,0) -> 0 | P12: =IF(C94>7,1,0) -> 1 | Q12: =IF(T12=2,1,0) -> 0 | R12: =IF(C94>=4,1,0) -> 1 | S12: =IF(C94<=7,1,0) -> 0 | T12: =R12+S12 -> 1 | U12: =IF(C90>12,1,0) -> 1 | V12: - | W12: - | X12: - | Y12: =IF(AB12=2,1,0) -> 0 | Z12: =IF(C90>=5,1,0) -> 1 | AA12: =IF(C90<=12,1,0) -> 0 | AB12: =Z12+AA12 -> 1 | AC12: - | AD12: =IF(C85>=15,1,0) -> 1 | AF12: =N12 -> 1 | AG12: =O12 -> 0 | AH12: =P12 -> 1 | AI12: - | AJ12: =U12 -> 1 | AK12: =AD12 -> 1 | AL12: =SUM(AF12:AK12) -> 4 | AM12: =IF(AL12=5,E11,"") | AN12: =IF(AM12="",0,1) -> 0 | AO12: =N12 -> 1 | AP12: =O12 -> 0 | AQ12: - | AR12: =Q12 -> 0 | AS12: =U12 -> 1 | AT12: =AD12 -> 1 | AU12: =SUM(AO12:AT12) -> 3 | AV12: =IF(AU12=5,E11,"") | AW12: =IF(AV12="",0,1) -> 0 | AX12: =N12 -> 1 | AY12: =AG12 -> 0 | AZ12: =AH12 -> 1 | BA12: =AI12 -> - | BB12: =Y12 -> 0 | BC12: =AT12 -> 1 | BD12: =SUM(AX12:BC12) -> 3 | BE12: =IF(BD12=5,E11,"") | BF12: =IF(BE12="",0,1) -> 0 | BG12: =N12 -> 1 | BH12: =O12 -> 0 | BI12: =AQ12 -> - | BJ12: =AR12 -> 0 | BK12: =Y12 -> 0 | BL12: =AD12 -> 1 | BM12: =SUM(BG12:BL12) -> 2 | BN12: =IF(BM12=5,E11,"") | BO12: =IF(BN12="",0,1) -> 0 | BQ12: =AN12+AW12+BF12+BO12 -> 0 | BR12: =IF(BQ12=0,"",E11) | BS12: =IF(BQ12=0,"",M12) | BT12: =IF(BR12="",0,1) -> 0
B13: retenido por el | E13: SW | F13: Arenas bien gradadas, arenas - gravosas, pocos o ningun fino | G13: Cu ≥ 6 | H13: 1 ≤ Cc ≤ 3 | I13: Pasante Nº 200 menos del 5% | J13: Doble Simbolo | L13: Frac Grava < 15% | M13: Arena bien graduada | N13: =IF(C90<50,1,0) -> 1 | O13: =IF((B82/2)>C89,1,0) -> 1 | P13: =IF(C95>=6,1,0) -> 1 | Q13: =IF(T13=2,1,0) -> 1 | R13: =IF(C96>=1,1,0) -> 1 | S13: =IF(C96<=3,1,0) -> 1 | T13: =R13+S13 -> 2 | U13: =IF(C90<5,1,0) -> 0 | V13: - | W13: - | X13: - | Y13: =IF(AB13=2,1,0) -> 0 | Z13: =IF(C90>=5,1,0) -> 1 | AA13: =IF(C90<=12,1,0) -> 0 | AB13: =Z13+AA13 -> 1 | AC13: - | AD13: =IF(C85<15,1,0) -> 0 | AF13: =N13 -> 1 | AG13: =O13 -> 1 | AH13: =P13 -> 1 | AI13: =Q13 -> 1 | AJ13: =U13 -> 0 | AK13: =AD13 -> 0 | AL13: =SUM(AF13:AK13) -> 4 | AM13: =IF(AL13=6,E13,"") | AN13: =IF(AM13="",0,1) -> 0 | AO13: =N13 -> 1 | AP13: =O13 -> 1 | AQ13: =P13 -> 1 | AR13: =Q13 -> 1 | AS13: =U13 -> 0 | AT13: =AD13 -> 0 | AU13: =SUM(AO13:AT13) -> 4 | AV13: =IF(AU13=6,E13,"") | AW13: =IF(AV13="",0,1) -> 0 | AX13: =N13 -> 1 | AY13: =AG13 -> 1 | AZ13: =AH13 -> 1 | BA13: =AI13 -> 1 | BB13: =Y13 -> 0 | BC13: =AT13 -> 0 | BD13: =SUM(AX13:BC13) -> 4 | BE13: =IF(BD13=6,E13,"") | BF13: =IF(BE13="",0,1) -> 0 | BG13: =N13 -> 1 | BH13: =O13 -> 1 | BI13: =AQ13 -> 1 | BJ13: =AR13 -> 1 | BK13: =Y13 -> 0 | BL13: =AD13 -> 0 | BM13: =SUM(BG13:BL13) -> 4 | BN13: =IF(BM13=6,E13,"") | BO13: =IF(BN13="",0,1) -> 0 | BQ13: =AN13+AW13+BF13+BO13 -> 0 | BR13: =IF(BQ13=0,"",E13) | BS13: =IF(BQ13=0,"",M13) | BT13: =IF(BR13="",0,1) -> 0 | BU13: =BT13+BT14 -> 0 | BV13: =IF(BW13="",0,1) -> 0 | BW13: =IF(BU13=0,"",E13)
B14: tamiz Nº 200 | L14: Frac Grava ≥ 15% | M14: Arena bien graduada con arena | N14: =IF(C90<50,1,0) -> 1 | O14: =IF((B82/2)>C89,1,0) -> 1 | P14: =IF(C95>=6,1,0) -> 1 | Q14: =IF(T14=2,1,0) -> 1 | R14: =IF(C96>=1,1,0) -> 1 | S14: =IF(C96<=3,1,0) -> 1 | T14: =R14+S14 -> 2 | U14: =IF(C90<5,1,0) -> 0 | V14: - | W14: - | X14: - | Y14: =IF(AB14=2,1,0) -> 0 | Z14: =IF(C90>=5,1,0) -> 1 | AA14: =IF(C90<=12,1,0) -> 0 | AB14: =Z14+AA14 -> 1 | AC14: - | AD14: =IF(C85>=15,1,0) -> 1 | AF14: =N14 -> 1 | AG14: =O14 -> 1 | AH14: =P14 -> 1 | AI14: =Q14 -> 1 | AJ14: =U14 -> 0 | AK14: =AD14 -> 1 | AL14: =SUM(AF14:AK14) -> 5 | AM14: =IF(AL14=6,E13,"") | AN14: =IF(AM14="",0,1) -> 0 | AO14: =N14 -> 1 | AP14: =O14 -> 1 | AQ14: =P14 -> 1 | AR14: =Q14 -> 1 | AS14: =U14 -> 0 | AT14: =AD14 -> 1 | AU14: =SUM(AO14:AT14) -> 5 | AV14: =IF(AU14=6,E13,"") | AW14: =IF(AV14="",0,1) -> 0 | AX14: =N14 -> 1 | AY14: =AG14 -> 1 | AZ14: =AH14 -> 1 | BA14: =AI14 -> 1 | BB14: =Y14 -> 0 | BC14: =AT14 -> 1 | BD14: =SUM(AX14:BC14) -> 5 | BE14: =IF(BD14=6,E13,"") | BF14: =IF(BE14="",0,1) -> 0 | BG14: =N14 -> 1 | BH14: =O14 -> 1 | BI14: =AQ14 -> 1 | BJ14: =AR14 -> 1 | BK14: =Y14 -> 0 | BL14: =AD14 -> 1 | BM14: =SUM(BG14:BL14) -> 5 | BN14: =IF(BM14=6,E13,"") | BO14: =IF(BN14="",0,1) -> 0 | BQ14: =AN14+AW14+BF14+BO14 -> 0 | BR14: =IF(BQ14=0,"",E13) | BS14: =IF(BQ14=0,"",M14) | BT14: =IF(BR14="",0,1) -> 0
D15: Arenas (mas de la | E15: SP | F15: Arenas pobremente gradadas, arenas gravosas, pocos o ningun fino | G15: No cumple todos los requisitos de gradacion para SW | I15: Pasante Nº 200 menos del 5% | L15: Frac Grava < 15% | M15: Arena mal graduada | N15: =IF(C90<50,1,0) -> 1 | O15: =IF((B82/2)>C89,1,0) -> 1 | P15: =IF((P13+Q13=2),0,1) -> 0 | Q15: =IF((P13+Q13=2),0,1) -> 0 | R15: - | S15: - | T15: - | U15: =IF(C90<5,1,0) -> 0 | V15: - | W15: - | X15: - | Y15: =IF(AB15=2,1,0) -> 0 | Z15: =IF(C90>=5,1,0) -> 1 | AA15: =IF(C90<=12,1,0) -> 0 | AB15: =Z15+AA15 -> 1 | AC15: - | AD15: =IF(C85<15,1,0) -> 0 | AF15: =N15 -> 1 | AG15: =O15 -> 1 | AH15: =P15 -> 0 | AI15: =Q15 -> 0 | AJ15: =U15 -> 0 | AK15: =AD15 -> 0 | AL15: =SUM(AF15:AK15) -> 2 | AM15: =IF(AL15=6,E15,"") | AN15: =IF(AM15="",0,1) -> 0 | AO15: =N15 -> 1 | AP15: =O15 -> 1 | AQ15: =P15 -> 0 | AR15: =Q15 -> 0 | AS15: =U15 -> 0 | AT15: =AD15 -> 0 | AU15: =SUM(AO15:AT15) -> 2 | AV15: =IF(AU15=6,E15,"") | AW15: =IF(AV15="",0,1) -> 0 | AX15: =N15 -> 1 | AY15: =AG15 -> 1 | AZ15: =AH15 -> 0 | BA15: =AI15 -> 0 | BB15: =Y15 -> 0 | BC15: =AT15 -> 0 | BD15: =SUM(AX15:BC15) -> 2 | BE15: =IF(BD15=6,E15,"") | BF15: =IF(BE15="",0,1) -> 0 | BG15: =N15 -> 1 | BH15: =O15 -> 1 | BI15: =AQ15 -> 0 | BJ15: =AR15 -> 0 | BK15: =Y15 -> 0 | BL15: =AD15 -> 0 | BM15: =SUM(BG15:BL15) -> 2 | BN15: =IF(BM15=6,E15,"") | BO15: =IF(BN15="",0,1) -> 0 | BQ15: =AN15+AW15+BF15+BO15 -> 0 | BR15: =IF(BQ15=0,"",E15) | BS15: =IF(BQ15=0,"",M15) | BT15: =IF(BR15="",0,1) -> 0 | BU15: =BT15+BT16 -> 0 | BV15: =IF(BW15="",0,1) -> 0 | BW15: =IF(BU15=0,"",E15)
D16: mitad de la fraccion | L16: Frac Grava ≥ 15% | M16: Arena mal graduada con grava | N16: =IF(C90<50,1,0) -> 1 | O16: =IF((B82/2)>C89,1,0) -> 1 | P16: =IF((P13+Q13=2),0,1) -> 0 | Q16: =IF((P13+Q13=2),0,1) -> 0 | R16: - | S16: - | T16: - | U16: =IF(C90<5,1,0) -> 0 | V16: - | W16: - | X16: - | Y16: =IF(AB16=2,1,0) -> 0 | Z16: =IF(C90>=5,1,0) -> 1 | AA16: =IF(C90<=12,1,0) -> 0 | AB16: =Z16+AA16 -> 1 | AC16: - | AD16: =IF(C85>=15,1,0) -> 1 | AF16: =N16 -> 1 | AG16: =O16 -> 1 | AH16: =P16 -> 0 | AI16: =Q16 -> 0 | AJ16: =U16 -> 0 | AK16: =AD16 -> 1 | AL16: =SUM(AF16:AK16) -> 3 | AM16: =IF(AL16=6,E15,"") | AN16: =IF(AM16="",0,1) -> 0 | AO16: =N16 -> 1 | AP16: =O16 -> 1 | AQ16: =P16 -> 0 | AR16: =Q16 -> 0 | AS16: =U16 -> 0 | AT16: =AD16 -> 1 | AU16: =SUM(AO16:AT16) -> 3 | AV16: =IF(AU16=6,E15,"") | AW16: =IF(AV16="",0,1) -> 0 | AX16: =N16 -> 1 | AY16: =AG16 -> 1 | AZ16: =AH16 -> 0 | BA16: =AI16 -> 0 | BB16: =Y16 -> 0 | BC16: =AT16 -> 1 | BD16: =SUM(AX16:BC16) -> 3 | BE16: =IF(BD16=6,E15,"") | BF16: =IF(BE16="",0,1) -> 0 | BG16: =N16 -> 1 | BH16: =O16 -> 1 | BI16: =AQ16 -> 0 | BJ16: =AR16 -> 0 | BK16: =Y16 -> 0 | BL16: =AD16 -> 1 | BM16: =SUM(BG16:BL16) -> 3 | BN16: =IF(BM16=6,E15,"") | BO16: =IF(BN16="",0,1) -> 0 | BQ16: =AN16+AW16+BF16+BO16 -> 0 | BR16: =IF(BQ16=0,"",E15) | BS16: =IF(BQ16=0,"",M16) | BT16: =IF(BR16="",0,1) -> 0
D17: gruesa es menor | E17: SM | F17: Arenas limosas mezcla de arena - limo | G17: IP < 4 | I17: Pasante Nº 200 mas del 12% | L17: Frac Grava < 15% | M17: Arena limosa | N17: =IF(C90<50,1,0) -> 1 | O17: =IF((B82/2)>C89,1,0) -> 1 | P17: =IF(C94<4,1,0) -> 0 | Q17: =IF(T17=2,1,0) -> 0 | R17: =IF(C94>=4,1,0) -> 1 | S17: =IF(C94<=7,1,0) -> 0 | T17: =R17+S17 -> 1 | U17: =IF(C90>12,1,0) -> 1 | V17: - | W17: - | X17: - | Y17: =IF(AB17=2,1,0) -> 0 | Z17: =IF(C90>=5,1,0) -> 1 | AA17: =IF(C90<=12,1,0) -> 0 | AB17: =Z17+AA17 -> 1 | AC17: - | AD17: =IF(C85<15,1,0) -> 0 | AF17: =N17 -> 1 | AG17: =O17 -> 1 | AH17: =P17 -> 0 | AI17: - | AJ17: =U17 -> 1 | AK17: =AD17 -> 0 | AL17: =SUM(AF17:AK17) -> 3 | AM17: =IF(AL17=5,E17,"") | AN17: =IF(AM17="",0,1) -> 0 | AO17: =N17 -> 1 | AP17: =O17 -> 1 | AQ17: - | AR17: =Q17 -> 0 | AS17: =U17 -> 1 | AT17: =AD17 -> 0 | AU17: =SUM(AO17:AT17) -> 3 | AV17: =IF(AU17=5,E17,"") | AW17: =IF(AV17="",0,1) -> 0 | AX17: =N17 -> 1 | AY17: =AG17 -> 1 | AZ17: =AH17 -> 0 | BA17: =AI17 -> - | BB17: =Y17 -> 0 | BC17: =AT17 -> 0 | BD17: =SUM(AX17:BC17) -> 2 | BE17: =IF(BD17=5,E17,"") | BF17: =IF(BE17="",0,1) -> 0 | BG17: =N17 -> 1 | BH17: =O17 -> 1 | BI17: =AQ17 -> - | BJ17: =AR17 -> 0 | BK17: =Y17 -> 0 | BL17: =AD17 -> 0 | BM17: =SUM(BG17:BL17) -> 2 | BN17: =IF(BM17=5,E17,"") | BO17: =IF(BN17="",0,1) -> 0 | BQ17: =AN17+AW17+BF17+BO17 -> 0 | BR17: =IF(BQ17=0,"",E17) | BS17: =IF(BQ17=0,"",M17) | BT17: =IF(BR17="",0,1) -> 0 | BU17: =BT17+BT18 -> 0 | BV17: =IF(BW17="",0,1) -> 0 | BW17: =IF(BU17=0,"",E17)
D18: que el tamiz Nº 4 | H18: 1 | L18: Frac Grava ≥ 15% | M18: Arena limosa con grava | N18: =IF(C90<50,1,0) -> 1 | O18: =IF((B82/2)>C89,1,0) -> 1 | P18: =IF(C94<4,1,0) -> 0 | Q18: =IF(T18=2,1,0) -> 0 | R18: =IF(C94>=4,1,0) -> 1 | S18: =IF(C94<=7,1,0) -> 0 | T18: =R18+S18 -> 1 | U18: =IF(C90>12,1,0) -> 1 | V18: - | W18: - | X18: - | Y18: =IF(AB18=2,1,0) -> 0 | Z18: =IF(C90>=5,1,0) -> 1 | AA18: =IF(C90<=12,1,0) -> 0 | AB18: =Z18+AA18 -> 1 | AC18: - | AD18: =IF(C85>=15,1,0) -> 1 | AF18: =N18 -> 1 | AG18: =O18 -> 1 | AH18: =P18 -> 0 | AI18: - | AJ18: =U18 -> 1 | AK18: =AD18 -> 1 | AL18: =SUM(AF18:AK18) -> 4 | AM18: =IF(AL18=5,E17,"") | AN18: =IF(AM18="",0,1) -> 0 | AO18: =N18 -> 1 | AP18: =O18 -> 1 | AQ18: - | AR18: =Q18 -> 0 | AS18: =U18 -> 1 | AT18: =AD18 -> 1 | AU18: =SUM(AO18:AT18) -> 4 | AV18: =IF(AU18=5,E17,"") | AW18: =IF(AV18="",0,1) -> 0 | AX18: =N18 -> 1 | AY18: =AG18 -> 1 | AZ18: =AH18 -> 0 | BA18: =AI18 -> - | BB18: =Y18 -> 0 | BC18: =AT18 -> 1 | BD18: =SUM(AX18:BC18) -> 3 | BE18: =IF(BD18=5,E17,"") | BF18: =IF(BE18="",0,1) -> 0 | BG18: =N18 -> 1 | BH18: =O18 -> 1 | BI18: =AQ18 -> - | BJ18: =AR18 -> 0 | BK18: =Y18 -> 0 | BL18: =AD18 -> 1 | BM18: =SUM(BG18:BL18) -> 3 | BN18: =IF(BM18=5,E17,"") | BO18: =IF(BN18="",0,1) -> 0 | BQ18: =AN18+AW18+BF18+BO18 -> 0 | BR18: =IF(BQ18=0,"",E17) | BS18: =IF(BQ18=0,"",M18) | BT18: =IF(BR18="",0,1) -> 0
E19: SC | F19: Arenas arcillosas, mezclas arenas - arcilla | G19: IP > 7 | H19: se coloca doble simbolo | I19: Pasante Nº 200 mas del 12% | L19: Frac Grava < 15% | M19: Arena arcillosa | N19: =IF(C90<50,1,0) -> 1 | O19: =IF((B82/2)>C89,1,0) -> 1 | P19: =IF(C94>7,1,0) -> 1 | Q19: =IF(T19=2,1,0) -> 0 | R19: =IF(C94>=4,1,0) -> 1 | S19: =IF(C94<=7,1,0) -> 0 | T19: =R19+S19 -> 1 | U19: =IF(C90>12,1,0) -> 1 | V19: - | W19: - | X19: - | Y19: =IF(AB19=2,1,0) -> 0 | Z19: =IF(C90>=5,1,0) -> 1 | AA19: =IF(C90<=12,1,0) -> 0 | AB19: =Z19+AA19 -> 1 | AC19: - | AD19: =IF(C85<15,1,0) -> 0 | AF19: =N19 -> 1 | AG19: =O19 -> 1 | AH19: =P19 -> 1 | AI19: - | AJ19: =U19 -> 1 | AK19: =AD19 -> 0 | AL19: =SUM(AF19:AK19) -> 4 | AM19: =IF(AL19=5,E19,"") | AN19: =IF(AM19="",0,1) -> 0 | AO19: =N19 -> 1 | AP19: =O19 -> 1 | AQ19: - | AR19: =Q19 -> 0 | AS19: =U19 -> 1 | AT19: =AD19 -> 0 | AU19: =SUM(AO19:AT19) -> 3 | AV19: =IF(AU19=5,E19,"") | AW19: =IF(AV19="",0,1) -> 0 | AX19: =N19 -> 1 | AY19: =AG19 -> 1 | AZ19: =AH19 -> 1 | BA19: =AI19 -> - | BB19: =Y19 -> 0 | BC19: =AT19 -> 0 | BD19: =SUM(AX19:BC19) -> 3 | BE19: =IF(BD19=5,E19,"") | BF19: =IF(BE19="",0,1) -> 0 | BG19: =N19 -> 1 | BH19: =O19 -> 1 | BI19: =AQ19 -> - | BJ19: =AR19 -> 0 | BK19: =Y19 -> 0 | BL19: =AD19 -> 0 | BM19: =SUM(BG19:BL19) -> 2 | BN19: =IF(BM19=5,E19,"") | BO19: =IF(BN19="",0,1) -> 0 | BQ19: =AN19+AW19+BF19+BO19 -> 0 | BR19: =IF(BQ19=0,"",E19) | BS19: =IF(BQ19=0,"",M19) | BT19: =IF(BR19="",0,1) -> 0 | BU19: =BT19+BT20 -> 1 | BV19: =IF(BW19="",0,1) -> 1 | BW19: =IF(BU19=0,"",E19) -> SC
L20: Frac Grava ≥ 15% | M20: Arena arcillosa con grava | N20: =IF(C90<50,1,0) -> 1 | O20: =IF((B82/2)>C89,1,0) -> 1 | P20: =IF(C94>7,1,0) -> 1 | Q20: =IF(T20=2,1,0) -> 0 | R20: =IF(C94>=4,1,0) -> 1 | S20: =IF(C94<=7,1,0) -> 0 | T20: =R20+S20 -> 1 | U20: =IF(C90>12,1,0) -> 1 | V20: - | W20: - | X20: - | Y20: =IF(AB20=2,1,0) -> 0 | Z20: =IF(C90>=5,1,0) -> 1 | AA20: =IF(C90<=12,1,0) -> 0 | AB20: =Z20+AA20 -> 1 | AC20: - | AD20: =IF(C85>=15,1,0) -> 1 | AF20: =N20 -> 1 | AG20: =O20 -> 1 | AH20: =P20 -> 1 | AI20: - | AJ20: =U20 -> 1 | AK20: =AD20 -> 1 | AL20: =SUM(AF20:AK20) -> 5 | AM20: =IF(AL20=5,E19,"") -> SC | AN20: =IF(AM20="",0,1) -> 1 | AO20: =N20 -> 1 | AP20: =O20 -> 1 | AQ20: - | AR20: =Q20 -> 0 | AS20: =U20 -> 1 | AT20: =AD20 -> 1 | AU20: =SUM(AO20:AT20) -> 4 | AV20: =IF(AU20=5,E19,"") | AW20: =IF(AV20="",0,1) -> 0 | AX20: =N20 -> 1 | AY20: =AG20 -> 1 | AZ20: =AH20 -> 1 | BA20: =AI20 -> - | BB20: =Y20 -> 0 | BC20: =AT20 -> 1 | BD20: =SUM(AX20:BC20) -> 4 | BE20: =IF(BD20=5,E19,"") | BF20: =IF(BE20="",0,1) -> 0 | BG20: =N20 -> 1 | BH20: =O20 -> 1 | BI20: =AQ20 -> - | BJ20: =AR20 -> 0 | BK20: =Y20 -> 0 | BL20: =AD20 -> 1 | BM20: =SUM(BG20:BL20) -> 3 | BN20: =IF(BM20=5,E19,"") | BO20: =IF(BN20="",0,1) -> 0 | BQ20: =AN20+AW20+BF20+BO20 -> 1 | BR20: =IF(BQ20=0,"",E19) -> SC | BS20: =IF(BQ20=0,"",M20) -> Arena arcillosa con grava | BT20: =IF(BR20="",0,1) -> 1
BT21: =IF(BR21="",0,1) -> 0
AF22: CLASIFICACION SIMPLE (Inf. 3) | AQ22: CLASIFICACION SIMPLE (Inf. 4) | BT22: =IF(BR22="",0,1) -> 0
AF23: 1 | AG23: 2 | AH23: 3 | AI23: 4 | AJ23: 5 | AK23: 6 | AL23: 7 | AM23: 8 | AN23: SUM. | AO23: CLAS. | AQ23: 1 | AR23: 2 | AS23: 3 | AT23: 4 | AU23: 5 | AV23: 6 | AW23: 7 | AX23: 8 | AY23: SUM. | AZ23: CLAS. | BT23: =IF(BR23="",0,1) -> 0
A24: GRANO FINO | E24: ML | G24: IP < 4 | I24: Retenido Nº 200 < 15% | J24: - | K24: - | L24: - | M24: Limo | N24: =IF(C90>50,1,0) -> 0 | O24: =IF(C92<50,1,0) -> 1 | P24: =IF(C94<4,1,0) -> 0 | Q24: =IF(T24=2,1,0) -> 0 | R24: =IF(C94>=4,1,0) -> 1 | S24: =IF(C94<=7,1,0) -> 0 | T24: =R24+S24 -> 1 | U24: =IF(C91<15,1,0) -> 0 | V24: - | W24: - | X24: - | Y24: - | Z24: - | AA24: - | AB24: - | AC24: - | AD24: - | AF24: =N24 -> 0 | AG24: =O24 -> 1 | AH24: =P24 -> 0 | AI24: - | AJ24: =U24 -> 0 | AK24: =Y24 -> - | AL24: =AC24 -> - | AM24: =AD24 -> - | AN24: =SUM(AF24:AM24) -> 1 | AO24: =IF(AN24=4,E24,"") | AP24: =IF(AO24="",0,1) -> 0 | AQ24: =N24 -> 0 | AR24: =O24 -> 1 | AS24: - | AT24: =Q24 -> 0 | AU24: =U24 -> 0 | AV24: =Y24 -> - | AW24: =AC24 -> - | AX24: =AD24 -> - | AY24: =SUM(AQ24:AX24) -> 1 | AZ24: =IF(AY24=4,E24,"") | BA24: =IF(AZ24="",0,1) -> 0 | BQ24: =AP24+BA24 -> 0 | BR24: =IF(BQ24=0,"",E24) | BS24: =IF(BQ24=0,"",M24) | BT24: =IF(BR24="",0,1) -> 0 | BU24: =SUM(BT21:BT30) -> 0 | BV24: =IF(BW24="",0,1) -> 0 | BW24: =IF(BU24=0,"",E24)
I25: Retenido Nº 200 15% - 29% | J25: %Arena / %Grava ≥ 1 | K25: - | L25: - | M25: Limo con arena | N25: =IF(C90>50,1,0) -> 0 | O25: =IF(C92<50,1,0) -> 1 | P25: =IF(C94<4,1,0) -> 0 | Q25: =IF(T25=2,1,0) -> 0 | R25: =IF(C94>=4,1,0) -> 1 | S25: =IF(C94<=7,1,0) -> 0 | T25: =R25+S25 -> 1 | U25: =IF(X25=2,1,0) -> 0 | V25: =IF(C91>=15,1,0) -> 1 | W25: =IF(C91<=29,1,0) -> 0 | X25: =V25+W25 -> 1 | Y25: =IF((C85/C84)>=1,1,0) -> 1 | Z25: - | AA25: - | AB25: - | AC25: - | AD25: - | AF25: =N25 -> 0 | AG25: =O25 -> 1 | AH25: =P25 -> 0 | AI25: - | AJ25: =U25 -> 0 | AK25: =Y25 -> 1 | AL25: =AC25 -> - | AM25: =AD25 -> - | AN25: =SUM(AF25:AM25) -> 2 | AO25: =IF(AN25=5,E24,"") | AP25: =IF(AO25="",0,1) -> 0 | AQ25: =N25 -> 0 | AR25: =O25 -> 1 | AS25: - | AT25: =Q25 -> 0 | AU25: =U25 -> 0 | AV25: =Y25 -> 1 | AW25: =AC25 -> - | AX25: =AD25 -> - | AY25: =SUM(AQ25:AX25) -> 2 | AZ25: =IF(AY25=5,E24,"") | BA25: =IF(AZ25="",0,1) -> 0 | BQ25: =AP25+BA25 -> 0 | BR25: =IF(BQ25=0,"",E24) | BS25: =IF(BQ25=0,"",M25) | BT25: =IF(BR25="",0,1) -> 0
F26: Limos inorganicos y arena muy finas, polvo de roca, arenas finas limosas | J26: %Arena / %Grava < 1 | K26: - | L26: - | M26: Limo con grava | N26: =IF(C90>50,1,0) -> 0 | O26: =IF(C92<50,1,0) -> 1 | P26: =IF(C94<4,1,0) -> 0 | Q26: =IF(T26=2,1,0) -> 0 | R26: =IF(C94>=4,1,0) -> 1 | S26: =IF(C94<=7,1,0) -> 0 | T26: =R26+S26 -> 1 | U26: - | V26: - | W26: - | X26: - | Y26: =IF(C85/C84<1,1,0) -> 0 | Z26: - | AA26: - | AB26: - | AC26: - | AD26: - | AF26: =N26 -> 0 | AG26: =O26 -> 1 | AH26: =P26 -> 0 | AI26: - | AJ26: =U26 -> - | AK26: =Y26 -> 0 | AL26: =AC26 -> - | AM26: =AD26 -> - | AN26: =SUM(AF26:AM26) -> 1 | AO26: =IF(AN26=4,E24,"") | AP26: =IF(AO26="",0,1) -> 0 | AQ26: =N26 -> 0 | AR26: =O26 -> 1 | AS26: - | AT26: =Q26 -> 0 | AU26: =U26 -> - | AV26: =Y26 -> 0 | AW26: =AC26 -> - | AX26: =AD26 -> - | AY26: =SUM(AQ26:AX26) -> 1 | AZ26: =IF(AY26=5,E24,"") | BA26: =IF(AZ26="",0,1) -> 0 | BQ26: =AP26+BA26 -> 0 | BR26: =IF(BQ26=0,"",E24) | BS26: =IF(BQ26=0,"",M26) | BT26: =IF(BR26="",0,1) -> 0
I27: Retenido Nº 200 ≥ 30% | J27: %Arena / %Grava ≥ 1 | K27: %Grava < 15 | L27: - | M27: Limo arenoso | N27: =IF(C90>50,1,0) -> 0 | O27: =IF(C92<50,1,0) -> 1 | P27: =IF(C94<4,1,0) -> 0 | Q27: =IF(T27=2,1,0) -> 0 | R27: =IF(C94>=4,1,0) -> 1 | S27: =IF(C94<=7,1,0) -> 0 | T27: =R27+S27 -> 1 | U27: =IF(C91>=30,1,0) -> 1 | V27: - | W27: - | X27: - | Y27: =IF((C85/C84)>=1,1,0) -> 1 | Z27: - | AA27: - | AB27: - | AC27: =IF(C84<15,1,0) -> 0 | AD27: - | AF27: =N27 -> 0 | AG27: =O27 -> 1 | AH27: =P27 -> 0 | AI27: - | AJ27: =U27 -> 1 | AK27: =Y27 -> 1 | AL27: =AC27 -> 0 | AM27: =AD27 -> - | AN27: =SUM(AF27:AM27) -> 3 | AO27: =IF(AN27=6,E24,"") | AP27: =IF(AO27="",0,1) -> 0 | AQ27: =N27 -> 0 | AR27: =O27 -> 1 | AS27: - | AT27: =Q27 -> 0 | AU27: =U27 -> 1 | AV27: =Y27 -> 1 | AW27: =AC27 -> 0 | AX27: =AD27 -> - | AY27: =SUM(AQ27:AX27) -> 3 | AZ27: =IF(AY27=6,E24,"") | BA27: =IF(AZ27="",0,1) -> 0 | BQ27: =AP27+BA27 -> 0 | BR27: =IF(BQ27=0,"",E24) | BS27: =IF(BQ27=0,"",M27) | BT27: =IF(BR27="",0,1) -> 0
F28: o arcillosas, o limos arcillosos con poca plasticidad | J28: %Arena / %Grava ≥ 1 | K28: %Grava ≥ 15 | L28: - | M28: Limo arenoso con grava | N28: =IF(C90>50,1,0) -> 0 | O28: =IF(C92<50,1,0) -> 1 | P28: =IF(C94<4,1,0) -> 0 | Q28: =IF(T28=2,1,0) -> 0 | R28: =IF(C94>=4,1,0) -> 1 | S28: =IF(C94<=7,1,0) -> 0 | T28: =R28+S28 -> 1 | U28: - | V28: - | W28: - | X28: - | Y28: =IF((C85/C84)>=1,1,0) -> 1 | Z28: - | AA28: - | AB28: - | AC28: =IF(C84>=15,1,0) -> 1 | AD28: - | AF28: =N28 -> 0 | AG28: =O28 -> 1 | AH28: =P28 -> 0 | AI28: - | AJ28: =U28 -> - | AK28: =Y28 -> 1 | AL28: =AC28 -> 1 | AM28: =AD28 -> - | AN28: =SUM(AF28:AM28) -> 3 | AO28: =IF(AN28=5,E24,"") | AP28: =IF(AO28="",0,1) -> 0 | AQ28: =N28 -> 0 | AR28: =O28 -> 1 | AS28: - | AT28: =Q28 -> 0 | AU28: =U28 -> - | AV28: =Y28 -> 1 | AW28: =AC28 -> 1 | AX28: =AD28 -> - | AY28: =SUM(AQ28:AX28) -> 3 | AZ28: =IF(AY28=6,E24,"") | BA28: =IF(AZ28="",0,1) -> 0 | BQ28: =AP28+BA28 -> 0 | BR28: =IF(BQ28=0,"",E24) | BS28: =IF(BQ28=0,"",M28) | BT28: =IF(BR28="",0,1) -> 0
H29: 4 ≤ IP ≤ 7 | J29: %Arena / %Grava < 1 | K29: - | L29: %Arena < 15 | M29: Limo con mucha grava | N29: =IF(C90>50,1,0) -> 0 | O29: =IF(C92<50,1,0) -> 1 | P29: =IF(C94<4,1,0) -> 0 | Q29: =IF(T29=2,1,0) -> 0 | R29: =IF(C94>=4,1,0) -> 1 | S29: =IF(C94<=7,1,0) -> 0 | T29: =R29+S29 -> 1 | U29: - | V29: - | W29: - | X29: - | Y29: =IF(C85/C84<1,1,0) -> 0 | Z29: - | AA29: - | AB29: - | AC29: - | AD29: =IF(C85<15,1,0) -> 0 | AF29: =N29 -> 0 | AG29: =O29 -> 1 | AH29: =P29 -> 0 | AI29: - | AJ29: =U29 -> - | AK29: =Y29 -> 0 | AL29: =AC29 -> - | AM29: =AD29 -> 0 | AN29: =SUM(AF29:AM29) -> 1 | AO29: =IF(AN29=5,E24,"") | AP29: =IF(AO29="",0,1) -> 0 | AQ29: =N29 -> 0 | AR29: =O29 -> 1 | AS29: - | AT29: =Q29 -> 0 | AU29: =U29 -> - | AV29: =Y29 -> 0 | AW29: =AC29 -> - | AX29: =AD29 -> 0 | AY29: =SUM(AQ29:AX29) -> 1 | AZ29: =IF(AY29=6,E24,"") | BA29: =IF(AZ29="",0,1) -> 0 | BQ29: =AP29+BA29 -> 0 | BR29: =IF(BQ29=0,"",E24) | BS29: =IF(BQ29=0,"",M29) | BT29: =IF(BR29="",0,1) -> 0
J30: %Arena / %Grava < 1 | K30: - | L30: %Arena ≥ 15 | M30: Limo con mucha grava y con arena | N30: =IF(C90>50,1,0) -> 0 | O30: =IF(C92<50,1,0) -> 1 | P30: =IF(C94<4,1,0) -> 0 | Q30: =IF(T30=2,1,0) -> 0 | R30: =IF(C94>=4,1,0) -> 1 | S30: =IF(C94<=7,1,0) -> 0 | T30: =R30+S30 -> 1 | U30: - | V30: - | W30: - | X30: - | Y30: =IF(C85/C84<1,1,0) -> 0 | Z30: - | AA30: - | AB30: - | AC30: - | AD30: =IF(C85>=15,1,0) -> 1 | AF30: =N30 -> 0 | AG30: =O30 -> 1 | AH30: =P30 -> 0 | AI30: - | AJ30: =U30 -> - | AK30: =Y30 -> 0 | AL30: =AC30 -> - | AM30: =AD30 -> 1 | AN30: =SUM(AF30:AM30) -> 2 | AO30: =IF(AN30=5,E24,"") | AP30: =IF(AO30="",0,1) -> 0 | AQ30: =N30 -> 0 | AR30: =O30 -> 1 | AS30: - | AT30: =Q30 -> 0 | AU30: =U30 -> - | AV30: =Y30 -> 0 | AW30: =AC30 -> - | AX30: =AD30 -> 1 | AY30: =SUM(AQ30:AX30) -> 2 | AZ30: =IF(AY30=6,E24,"") | BA30: =IF(AZ30="",0,1) -> 0 | BQ30: =AP30+BA30 -> 0 | BR30: =IF(BQ30=0,"",E24) | BS30: =IF(BQ30=0,"",M30) | BT30: =IF(BR30="",0,1) -> 0
E31: CL | G31: IP > 7 | I31: Retenido Nº 200 < 15% | J31: - | K31: - | L31: - | M31: Arcilla delgada | N31: =IF(C90>50,1,0) -> 0 | O31: =IF(C92<50,1,0) -> 1 | P31: =IF(C94>7,1,0) -> 1 | Q31: =IF(T31=2,1,0) -> 0 | R31: =IF(C94>=4,1,0) -> 1 | S31: =IF(C94<=7,1,0) -> 0 | T31: =R31+S31 -> 1 | U31: =IF(C91<15,1,0) -> 0 | V31: - | W31: - | X31: - | Y31: - | Z31: - | AA31: - | AB31: - | AC31: - | AD31: - | AF31: =N31 -> 0 | AG31: =O31 -> 1 | AH31: =P31 -> 1 | AI31: - | AJ31: =U31 -> 0 | AK31: =Y31 -> - | AL31: =AC31 -> - | AM31: =AD31 -> - | AN31: =SUM(AF31:AM31) -> 2 | AO31: =IF(AN31=4,E31,"") | AP31: =IF(AO31="",0,1) -> 0 | AQ31: =N31 -> 0 | AR31: =O31 -> 1 | AS31: - | AT31: =Q31 -> 0 | AU31: =U31 -> 0 | AV31: =Y31 -> - | AW31: =AC31 -> - | AX31: =AD31 -> - | AY31: =SUM(AQ31:AX31) -> 1 | AZ31: =IF(AY31=4,E31,"") | BA31: =IF(AZ31="",0,1) -> 0 | BQ31: =AP31+BA31 -> 0 | BR31: =IF(BQ31=0,"",E31) | BS31: =IF(BQ31=0,"",M31) | BT31: =IF(BR31="",0,1) -> 0 | BU31: =SUM(BT31:BT37) -> 0 | BV31: =IF(BW31="",0,1) -> 0 | BW31: =IF(BU31=0,"",E31)
H32: Se les asigna doble simbolo | I32: Retenido Nº 200 15% - 29% | J32: %Arena / %Grava ≥ 1 | K32: - | L32: - | M32: Arcilla delgada con arena | N32: =IF(C90>50,1,0) -> 0 | O32: =IF(C92<50,1,0) -> 1 | P32: =IF(C94>7,1,0) -> 1 | Q32: =IF(T32=2,1,0) -> 0 | R32: =IF(C94>=4,1,0) -> 1 | S32: =IF(C94<=7,1,0) -> 0 | T32: =R32+S32 -> 1 | U32: =IF(X32=2,1,0) -> 0 | V32: =IF(C91>=15,1,0) -> 1 | W32: =IF(C91<=29,1,0) -> 0 | X32: =V32+W32 -> 1 | Y32: =IF((C85/C84)>=1,1,0) -> 1 | Z32: - | AA32: - | AB32: - | AC32: - | AD32: - | AF32: =N32 -> 0 | AG32: =O32 -> 1 | AH32: =P32 -> 1 | AI32: - | AJ32: =U32 -> 0 | AK32: =Y32 -> 1 | AL32: =AC32 -> - | AM32: =AD32 -> - | AN32: =SUM(AF32:AM32) -> 3 | AO32: =IF(AN32=5,E31,"") | AP32: =IF(AO32="",0,1) -> 0 | AQ32: =N32 -> 0 | AR32: =O32 -> 1 | AS32: - | AT32: =Q32 -> 0 | AU32: =U32 -> 0 | AV32: =Y32 -> 1 | AW32: =AC32 -> - | AX32: =AD32 -> - | AY32: =SUM(AQ32:AX32) -> 2 | AZ32: =IF(AY32=5,E31,"") | BA32: =IF(AZ32="",0,1) -> 0 | BQ32: =AP32+BA32 -> 0 | BR32: =IF(BQ32=0,"",E31) | BS32: =IF(BQ32=0,"",M32) | BT32: =IF(BR32="",0,1) -> 0
F33: Arcillas inorganicas de plasticidad baja a media, arcillas gravosas, arcillas | J33: %Arena / %Grava < 1 | K33: - | L33: - | M33: Arcilla delgada con grava | N33: =IF(C90>50,1,0) -> 0 | O33: =IF(C92<50,1,0) -> 1 | P33: =IF(C94>7,1,0) -> 1 | Q33: =IF(T33=2,1,0) -> 0 | R33: =IF(C94>=4,1,0) -> 1 | S33: =IF(C94<=7,1,0) -> 0 | T33: =R33+S33 -> 1 | U33: - | V33: - | W33: - | X33: - | Y33: =IF(C85/C84<1,1,0) -> 0 | Z33: - | AA33: - | AB33: - | AC33: - | AD33: - | AF33: =N33 -> 0 | AG33: =O33 -> 1 | AH33: =P33 -> 1 | AI33: - | AJ33: =U33 -> - | AK33: =Y33 -> 0 | AL33: =AC33 -> - | AM33: =AD33 -> - | AN33: =SUM(AF33:AM33) -> 2 | AO33: =IF(AN33=4,E31,"") | AP33: =IF(AO33="",0,1) -> 0 | AQ33: =N33 -> 0 | AR33: =O33 -> 1 | AS33: - | AT33: =Q33 -> 0 | AU33: =U33 -> - | AV33: =Y33 -> 0 | AW33: =AC33 -> - | AX33: =AD33 -> - | AY33: =SUM(AQ33:AX33) -> 1 | AZ33: =IF(AY33=5,E31,"") | BA33: =IF(AZ33="",0,1) -> 0 | BQ33: =AP33+BA33 -> 0 | BR33: =IF(BQ33=0,"",E31) | BS33: =IF(BQ33=0,"",M33) | BT33: =IF(BR33="",0,1) -> 0
I34: Retenido Nº 200 ≥ 30% | J34: %Arena / %Grava ≥ 1 | K34: %Grava < 15 | L34: - | M34: Arcilla delgada arenosa | N34: =IF(C90>50,1,0) -> 0 | O34: =IF(C92<50,1,0) -> 1 | P34: =IF(C94>7,1,0) -> 1 | Q34: =IF(T34=2,1,0) -> 0 | R34: =IF(C94>=4,1,0) -> 1 | S34: =IF(C94<=7,1,0) -> 0 | T34: =R34+S34 -> 1 | U34: =IF(C91>=30,1,0) -> 1 | V34: - | W34: - | X34: - | Y34: =IF((C85/C84)>=1,1,0) -> 1 | Z34: - | AA34: - | AB34: - | AC34: =IF(C84<15,1,0) -> 0 | AD34: - | AF34: =N34 -> 0 | AG34: =O34 -> 1 | AH34: =P34 -> 1 | AI34: - | AJ34: =U34 -> 1 | AK34: =Y34 -> 1 | AL34: =AC34 -> 0 | AM34: =AD34 -> - | AN34: =SUM(AF34:AM34) -> 4 | AO34: =IF(AN34=6,E31,"") | AP34: =IF(AO34="",0,1) -> 0 | AQ34: =N34 -> 0 | AR34: =O34 -> 1 | AS34: - | AT34: =Q34 -> 0 | AU34: =U34 -> 1 | AV34: =Y34 -> 1 | AW34: =AC34 -> 0 | AX34: =AD34 -> - | AY34: =SUM(AQ34:AX34) -> 3 | AZ34: =IF(AY34=6,E31,"") | BA34: =IF(AZ34="",0,1) -> 0 | BQ34: =AP34+BA34 -> 0 | BR34: =IF(BQ34=0,"",E31) | BS34: =IF(BQ34=0,"",M34) | BT34: =IF(BR34="",0,1) -> 0
F35: arenosas, arcillas limosas, arcillas magras | J35: %Arena / %Grava ≥ 1 | K35: %Grava ≥ 15 | L35: - | M35: Arcilla delgada arenosa con grava | N35: =IF(C90>50,1,0) -> 0 | O35: =IF(C92<50,1,0) -> 1 | P35: =IF(C94>7,1,0) -> 1 | Q35: =IF(T35=2,1,0) -> 0 | R35: =IF($C$94>=4,1,0) -> 1 | S35: =IF(C94<=7,1,0) -> 0 | T35: =R35+S35 -> 1 | U35: - | V35: - | W35: - | X35: - | Y35: =IF((C85/C84)>=1,1,0) -> 1 | Z35: - | AA35: - | AB35: - | AC35: =IF(C84>=15,1,0) -> 1 | AD35: - | AF35: =N35 -> 0 | AG35: =O35 -> 1 | AH35: =P35 -> 1 | AI35: - | AJ35: =U35 -> - | AK35: =Y35 -> 1 | AL35: =AC35 -> 1 | AM35: =AD35 -> - | AN35: =SUM(AF35:AM35) -> 4 | AO35: =IF(AN35=5,E31,"") | AP35: =IF(AO35="",0,1) -> 0 | AQ35: =N35 -> 0 | AR35: =O35 -> 1 | AS35: - | AT35: =Q35 -> 0 | AU35: =U35 -> - | AV35: =Y35 -> 1 | AW35: =AC35 -> 1 | AX35: =AD35 -> - | AY35: =SUM(AQ35:AX35) -> 3 | AZ35: =IF(AY35=6,E31,"") | BA35: =IF(AZ35="",0,1) -> 0 | BQ35: =AP35+BA35 -> 0 | BR35: =IF(BQ35=0,"",E31) | BS35: =IF(BQ35=0,"",M35) | BT35: =IF(BR35="",0,1) -> 0
J36: %Arena / %Grava < 1 | K36: - | L36: %Arena < 15 | M36: Arcilla delgada con mucha grava | N36: =IF(C90>50,1,0) -> 0 | O36: =IF(C92<50,1,0) -> 1 | P36: =IF(C94>7,1,0) -> 1 | Q36: =IF(T36=2,1,0) -> 0 | R36: =IF(C94>=4,1,0) -> 1 | S36: =IF(C94<=7,1,0) -> 0 | T36: =R36+S36 -> 1 | U36: - | V36: - | W36: - | X36: - | Y36: =IF(C85/C84<1,1,0) -> 0 | Z36: - | AA36: - | AB36: - | AC36: - | AD36: =IF(C85<15,1,0) -> 0 | AF36: =N36 -> 0 | AG36: =O36 -> 1 | AH36: =P36 -> 1 | AI36: - | AJ36: =U36 -> - | AK36: =Y36 -> 0 | AL36: =AC36 -> - | AM36: =AD36 -> 0 | AN36: =SUM(AF36:AM36) -> 2 | AO36: =IF(AN36=5,E31,"") | AP36: =IF(AO36="",0,1) -> 0 | AQ36: =N36 -> 0 | AR36: =O36 -> 1 | AS36: - | AT36: =Q36 -> 0 | AU36: =U36 -> - | AV36: =Y36 -> 0 | AW36: =AC36 -> - | AX36: =AD36 -> 0 | AY36: =SUM(AQ36:AX36) -> 1 | AZ36: =IF(AY36=6,E31,"") | BA36: =IF(AZ36="",0,1) -> 0 | BQ36: =AP36+BA36 -> 0 | BR36: =IF(BQ36=0,"",E31) | BS36: =IF(BQ36=0,"",M36) | BT36: =IF(BR36="",0,1) -> 0
D37: Limos y Arcillas | J37: %Arena / %Grava < 1 | K37: - | L37: %Arena ≥ 15 | M37: Arcilla delgada con mucha grava y con arena | N37: =IF(C90>50,1,0) -> 0 | O37: =IF(C92<50,1,0) -> 1 | P37: =IF(C94>7,1,0) -> 1 | Q37: =IF(T37=2,1,0) -> 0 | R37: =IF(C94>=4,1,0) -> 1 | S37: =IF(C94<=7,1,0) -> 0 | T37: =R37+S37 -> 1 | U37: - | V37: - | W37: - | X37: - | Y37: =IF(C85/C84<1,1,0) -> 0 | Z37: - | AA37: - | AB37: - | AC37: - | AD37: =IF(C85>=15,1,0) -> 1 | AF37: =N37 -> 0 | AG37: =O37 -> 1 | AH37: =P37 -> 1 | AI37: - | AJ37: =U37 -> - | AK37: =Y37 -> 0 | AL37: =AC37 -> - | AM37: =AD37 -> 1 | AN37: =SUM(AF37:AM37) -> 3 | AO37: =IF(AN37=5,E31,"") | AP37: =IF(AO37="",0,1) -> 0 | AQ37: =N37 -> 0 | AR37: =O37 -> 1 | AS37: - | AT37: =Q37 -> 0 | AU37: =U37 -> - | AV37: =Y37 -> 0 | AW37: =AC37 -> - | AX37: =AD37 -> 1 | AY37: =SUM(AQ37:AX37) -> 2 | AZ37: =IF(AY37=6,E31,"") | BA37: =IF(AZ37="",0,1) -> 0 | BQ37: =AP37+BA37 -> 0 | BR37: =IF(BQ37=0,"",E31) | BS37: =IF(BQ37=0,"",M37) | BT37: =IF(BR37="",0,1) -> 0
E38: OL | F38: Limos organicos, arcillas limosas organicas de baja plasticidad | H38: IP ≥ 4 | I38: Retenido Nº 200 < 15% | J38: - | K38: - | L38: - | M38: Arcilla organica | N38: =IF(C90>50,1,0) -> 0 | O38: =IF(C92<50,1,0) -> 1 | P38: =IF((C93/C92)<0.75,1,0) -> 0 | Q38: =IF(C94>=4,1,0) -> 1 | R38: - | S38: - | T38: - | U38: =IF(C91<15,1,0) -> 0 | V38: - | W38: - | X38: - | Y38: - | Z38: - | AA38: - | AB38: - | AC38: - | AD38: - | AF38: =N38 -> 0 | AG38: =O38 -> 1 | AH38: =P38 -> 0 | AI38: =Q38 -> 1 | AJ38: =U38 -> 0 | AK38: =Y38 -> - | AL38: =AC38 -> - | AM38: =AD38 -> - | AN38: =SUM(AF38:AM38) -> 2 | AO38: =IF(AN38=5,E38,"") | AP38: =IF(AO38="",0,1) -> 0 | BQ38: =AP38 -> 0 | BR38: =IF(BQ38=0,"",E38) | BS38: =IF(BQ38=0,"",M38) | BT38: =IF(BR38="",0,1) -> 0 | BU38: =SUM(BT38:BT51) -> 0 | BV38: =IF(BW38="",0,1) -> 0 | BW38: =IF(BU38=0,"",E38)
D39: (Limite Liquido < 50) | I39: Retenido Nº 200 15% - 29% | J39: %Arena / %Grava ≥ 1 | K39: - | L39: - | M39: Arcilla organica con arena | N39: =IF(C90>50,1,0) -> 0 | O39: =IF(C92<50,1,0) -> 1 | P39: =IF((C93/C92)<0.75,1,0) -> 0 | Q39: =IF(C94>=4,1,0) -> 1 | R39: - | S39: - | T39: - | U39: =IF(X39=2,1,0) -> 0 | V39: =IF(C91>=15,1,0) -> 1 | W39: =IF(C91<=29,1,0) -> 0 | X39: =V39+W39 -> 1 | Y39: =IF((C85/C84)>=1,1,0) -> 1 | Z39: - | AA39: - | AB39: - | AC39: - | AD39: - | AF39: =N39 -> 0 | AG39: =O39 -> 1 | AH39: =P39 -> 0 | AI39: =Q39 -> 1 | AJ39: =U39 -> 0 | AK39: =Y39 -> 1 | AL39: =AC39 -> - | AM39: =AD39 -> - | AN39: =SUM(AF39:AM39) -> 3 | AO39: =IF(AN39=6,E38,"") | AP39: =IF(AO39="",0,1) -> 0 | BQ39: =AP39 -> 0 | BR39: =IF(BQ39=0,"",E38) | BS39: =IF(BQ39=0,"",M39) | BT39: =IF(BR39="",0,1) -> 0
J40: %Arena / %Grava < 1 | K40: - | L40: - | M40: Arcilla organica con grava | N40: =IF(C90>50,1,0) -> 0 | O40: =IF(C92<50,1,0) -> 1 | P40: =IF((C93/C92)<0.75,1,0) -> 0 | Q40: =IF(C94>=4,1,0) -> 1 | R40: - | S40: - | T40: - | U40: - | V40: - | W40: - | X40: - | Y40: =IF(C85/C84<1,1,0) -> 0 | Z40: - | AA40: - | AB40: - | AC40: - | AD40: - | AF40: =N40 -> 0 | AG40: =O40 -> 1 | AH40: =P40 -> 0 | AI40: =Q40 -> 1 | AJ40: =U40 -> - | AK40: =Y40 -> 0 | AL40: =AC40 -> - | AM40: =AD40 -> - | AN40: =SUM(AF40:AM40) -> 2 | AO40: =IF(AN40=5,E38,"") | AP40: =IF(AO40="",0,1) -> 0 | BQ40: =AP40 -> 0 | BR40: =IF(BQ40=0,"",E38) | BS40: =IF(BQ40=0,"",M40) | BT40: =IF(BR40="",0,1) -> 0
I41: Retenido Nº 200 ≥ 30% | J41: %Arena / %Grava ≥ 1 | K41: %Grava < 15 | L41: - | M41: Arcilla organica arenosa | N41: =IF(C90>50,1,0) -> 0 | O41: =IF(C92<50,1,0) -> 1 | P41: =IF((C93/C92)<0.75,1,0) -> 0 | Q41: =IF(C94>=4,1,0) -> 1 | R41: - | S41: - | T41: - | U41: =IF(C91>=30,1,0) -> 1 | V41: - | W41: - | X41: - | Y41: =IF((C85/C84)>=1,1,0) -> 1 | Z41: - | AA41: - | AB41: - | AC41: =IF(C84<15,1,0) -> 0 | AD41: - | AF41: =N41 -> 0 | AG41: =O41 -> 1 | AH41: =P41 -> 0 | AI41: =Q41 -> 1 | AJ41: =U41 -> 1 | AK41: =Y41 -> 1 | AL41: =AC41 -> 0 | AM41: =AD41 -> - | AN41: =SUM(AF41:AM41) -> 4 | AO41: =IF(AN41=7,E38,"") | AP41: =IF(AO41="",0,1) -> 0 | BQ41: =AP41 -> 0 | BR41: =IF(BQ41=0,"",E38) | BS41: =IF(BQ41=0,"",M41) | BT41: =IF(BR41="",0,1) -> 0
J42: %Arena / %Grava ≥ 1 | K42: %Grava ≥ 15 | L42: - | M42: Arcilla organica arenosa con grava | N42: =IF(C90>50,1,0) -> 0 | O42: =IF(C92<50,1,0) -> 1 | P42: =IF((C93/C92)<0.75,1,0) -> 0 | Q42: =IF(C94>=4,1,0) -> 1 | R42: - | S42: - | T42: - | U42: - | V42: - | W42: - | X42: - | Y42: =IF((C85/C84)>=1,1,0) -> 1 | Z42: - | AA42: - | AB42: - | AC42: =IF(C84>=15,1,0) -> 1 | AD42: - | AF42: =N42 -> 0 | AG42: =O42 -> 1 | AH42: =P42 -> 0 | AI42: =Q42 -> 1 | AJ42: =U42 -> - | AK42: =Y42 -> 1 | AL42: =AC42 -> 1 | AM42: =AD42 -> - | AN42: =SUM(AF42:AM42) -> 4 | AO42: =IF(AN42=6,E38,"") | AP42: =IF(AO42="",0,1) -> 0 | BQ42: =AP42 -> 0 | BR42: =IF(BQ42=0,"",E38) | BS42: =IF(BQ42=0,"",M42) | BT42: =IF(BR42="",0,1) -> 0
J43: %Arena / %Grava < 1 | K43: - | L43: %Arena < 15 | M43: Arcilla organica con mucha grava | N43: =IF(C90>50,1,0) -> 0 | O43: =IF(C92<50,1,0) -> 1 | P43: =IF((C93/C92)<0.75,1,0) -> 0 | Q43: =IF(C94>=4,1,0) -> 1 | R43: - | S43: - | T43: - | U43: - | V43: - | W43: - | X43: - | Y43: =IF(C85/C84<1,1,0) -> 0 | Z43: - | AA43: - | AB43: - | AC43: - | AD43: =IF(C85<15,1,0) -> 0 | AF43: =N43 -> 0 | AG43: =O43 -> 1 | AH43: =P43 -> 0 | AI43: =Q43 -> 1 | AJ43: =U43 -> - | AK43: =Y43 -> 0 | AL43: =AC43 -> - | AM43: =AD43 -> 0 | AN43: =SUM(AF43:AM43) -> 2 | AO43: =IF(AN43=6,E38,"") | AP43: =IF(AO43="",0,1) -> 0 | BQ43: =AP43 -> 0 | BR43: =IF(BQ43=0,"",E38) | BS43: =IF(BQ43=0,"",M43) | BT43: =IF(BR43="",0,1) -> 0
G44: LL (Secado Natural) < 0.75 | J44: %Arena / %Grava < 1 | K44: - | L44: %Arena ≥ 15 | M44: Arcilla organica con mucha grava y con arena | N44: =IF(C90>50,1,0) -> 0 | O44: =IF(C92<50,1,0) -> 1 | P44: =IF((C93/C92)<0.75,1,0) -> 0 | Q44: =IF(C94>=4,1,0) -> 1 | R44: - | S44: - | T44: - | U44: - | V44: - | W44: - | X44: - | Y44: =IF(C85/C84<1,1,0) -> 0 | Z44: - | AA44: - | AB44: - | AC44: - | AD44: =IF(C85>=15,1,0) -> 1 | AF44: =N44 -> 0 | AG44: =O44 -> 1 | AH44: =P44 -> 0 | AI44: =Q44 -> 1 | AJ44: =U44 -> - | AK44: =Y44 -> 0 | AL44: =AC44 -> - | AM44: =AD44 -> 1 | AN44: =SUM(AF44:AM44) -> 3 | AO44: =IF(AN44=6,E38,"") | AP44: =IF(AO44="",0,1) -> 0 | BQ44: =AP44 -> 0 | BR44: =IF(BQ44=0,"",E38) | BS44: =IF(BQ44=0,"",M44) | BT44: =IF(BR44="",0,1) -> 0
G45: LL (Secado a Horno) | H45: IP < 4 | I45: Retenido Nº 200 < 15% | J45: - | K45: - | L45: - | M45: Limo organico | N45: =IF(C90>50,1,0) -> 0 | O45: =IF(C92<50,1,0) -> 1 | P45: =IF((C93/C92)<0.75,1,0) -> 0 | Q45: =IF(C94<4,1,0) -> 0 | R45: - | S45: - | T45: - | U45: =IF(C91<15,1,0) -> 0 | V45: - | W45: - | X45: - | Y45: - | Z45: - | AA45: - | AB45: - | AC45: - | AD45: - | AF45: =N45 -> 0 | AG45: =O45 -> 1 | AH45: =P45 -> 0 | AI45: =Q45 -> 0 | AJ45: =U45 -> 0 | AK45: =Y45 -> - | AL45: =AC45 -> - | AM45: =AD45 -> - | AN45: =SUM(AF45:AM45) -> 1 | AO45: =IF(AN45=5,E38,"") | AP45: =IF(AO45="",0,1) -> 0 | BQ45: =AP45 -> 0 | BR45: =IF(BQ45=0,"",E38) | BS45: =IF(BQ45=0,"",M45) | BT45: =IF(BR45="",0,1) -> 0
I46: Retenido Nº 200 15% - 29% | J46: %Arena / %Grava ≥ 1 | K46: - | L46: - | M46: Limo organico con arena | N46: =IF(C90>50,1,0) -> 0 | O46: =IF(C92<50,1,0) -> 1 | P46: =IF((C93/C92)<0.75,1,0) -> 0 | Q46: =IF(C94<4,1,0) -> 0 | R46: - | S46: - | T46: - | U46: =IF(X46=2,1,0) -> 0 | V46: =IF(C91>=15,1,0) -> 1 | W46: =IF(C91<=29,1,0) -> 0 | X46: =V46+W46 -> 1 | Y46: =IF((C85/C84)>=1,1,0) -> 1 | Z46: - | AA46: - | AB46: - | AC46: - | AD46: - | AF46: =N46 -> 0 | AG46: =O46 -> 1 | AH46: =P46 -> 0 | AI46: =Q46 -> 0 | AJ46: =U46 -> 0 | AK46: =Y46 -> 1 | AL46: =AC46 -> - | AM46: =AD46 -> - | AN46: =SUM(AF46:AM46) -> 2 | AO46: =IF(AN46=6,E38,"") | AP46: =IF(AO46="",0,1) -> 0 | BQ46: =AP46 -> 0 | BR46: =IF(BQ46=0,"",E38) | BS46: =IF(BQ46=0,"",M46) | BT46: =IF(BR46="",0,1) -> 0
J47: %Arena / %Grava < 1 | K47: - | L47: - | M47: Limo organico con grava | N47: =IF(C90>50,1,0) -> 0 | O47: =IF(C92<50,1,0) -> 1 | P47: =IF((C93/C92)<0.75,1,0) -> 0 | Q47: =IF(C94<4,1,0) -> 0 | R47: - | S47: - | T47: - | U47: - | V47: - | W47: - | X47: - | Y47: =IF(C85/C84<1,1,0) -> 0 | Z47: - | AA47: - | AB47: - | AC47: - | AD47: - | AF47: =N47 -> 0 | AG47: =O47 -> 1 | AH47: =P47 -> 0 | AI47: =Q47 -> 0 | AJ47: =U47 -> - | AK47: =Y47 -> 0 | AL47: =AC47 -> - | AM47: =AD47 -> - | AN47: =SUM(AF47:AM47) -> 1 | AO47: =IF(AN47=5,E38,"") | AP47: =IF(AO47="",0,1) -> 0 | BQ47: =AP47 -> 0 | BR47: =IF(BQ47=0,"",E38) | BS47: =IF(BQ47=0,"",M47) | BT47: =IF(BR47="",0,1) -> 0
I48: Retenido Nº 200 ≥ 30% | J48: %Arena / %Grava ≥ 1 | K48: %Grava < 15 | L48: - | M48: Limo organico arenoso | N48: =IF(C90>50,1,0) -> 0 | O48: =IF(C92<50,1,0) -> 1 | P48: =IF((C93/C92)<0.75,1,0) -> 0 | Q48: =IF(C94<4,1,0) -> 0 | R48: - | S48: - | T48: - | U48: =IF(C91>=30,1,0) -> 1 | V48: - | W48: - | X48: - | Y48: =IF((C85/C84)>=1,1,0) -> 1 | Z48: - | AA48: - | AB48: - | AC48: =IF(C84<15,1,0) -> 0 | AD48: - | AF48: =N48 -> 0 | AG48: =O48 -> 1 | AH48: =P48 -> 0 | AI48: =Q48 -> 0 | AJ48: =U48 -> 1 | AK48: =Y48 -> 1 | AL48: =AC48 -> 0 | AM48: =AD48 -> - | AN48: =SUM(AF48:AM48) -> 3 | AO48: =IF(AN48=7,E38,"") | AP48: =IF(AO48="",0,1) -> 0 | BQ48: =AP48 -> 0 | BR48: =IF(BQ48=0,"",E38) | BS48: =IF(BQ48=0,"",M48) | BT48: =IF(BR48="",0,1) -> 0
B49: Mas del 50% de | J49: %Arena / %Grava ≥ 1 | K49: %Grava ≥ 15 | L49: - | M49: Limo organico arenoso con grava | N49: =IF(C90>50,1,0) -> 0 | O49: =IF(C92<50,1,0) -> 1 | P49: =IF((C93/C92)<0.75,1,0) -> 0 | Q49: =IF(C94<4,1,0) -> 0 | R49: - | S49: - | T49: - | U49: - | V49: - | W49: - | X49: - | Y49: =IF((C85/C84)>=1,1,0) -> 1 | Z49: - | AA49: - | AB49: - | AC49: =IF(C84>=15,1,0) -> 1 | AD49: - | AF49: =N49 -> 0 | AG49: =O49 -> 1 | AH49: =P49 -> 0 | AI49: =Q49 -> 0 | AJ49: =U49 -> - | AK49: =Y49 -> 1 | AL49: =AC49 -> 1 | AM49: =AD49 -> - | AN49: =SUM(AF49:AM49) -> 3 | AO49: =IF(AN49=6,E38,"") | AP49: =IF(AO49="",0,1) -> 0 | BQ49: =AP49 -> 0 | BR49: =IF(BQ49=0,"",E38) | BS49: =IF(BQ49=0,"",M49) | BT49: =IF(BR49="",0,1) -> 0
B50: la muestra es | J50: %Arena / %Grava < 1 | K50: - | L50: %Arena < 15 | M50: Limo organico con mucha grava | N50: =IF(C90>50,1,0) -> 0 | O50: =IF(C92<50,1,0) -> 1 | P50: =IF((C93/C92)<0.75,1,0) -> 0 | Q50: =IF(C94<4,1,0) -> 0 | R50: - | S50: - | T50: - | U50: - | V50: - | W50: - | X50: - | Y50: =IF(C85/C84<1,1,0) -> 0 | Z50: - | AA50: - | AB50: - | AC50: - | AD50: =IF(C85<15,1,0) -> 0 | AF50: =N50 -> 0 | AG50: =O50 -> 1 | AH50: =P50 -> 0 | AI50: =Q50 -> 0 | AJ50: =U50 -> - | AK50: =Y50 -> 0 | AL50: =AC50 -> - | AM50: =AD50 -> 0 | AN50: =SUM(AF50:AM50) -> 1 | AO50: =IF(AN50=6,E38,"") | AP50: =IF(AO50="",0,1) -> 0 | BQ50: =AP50 -> 0 | BR50: =IF(BQ50=0,"",E38) | BS50: =IF(BQ50=0,"",M50) | BT50: =IF(BR50="",0,1) -> 0
B51: pasante de el | J51: %Arena / %Grava < 1 | K51: - | L51: %Arena ≥ 15 | M51: Limo organico con mucha grava y con arena | N51: =IF(C90>50,1,0) -> 0 | O51: =IF(C92<50,1,0) -> 1 | P51: =IF((C93/C92)<0.75,1,0) -> 0 | Q51: =IF(C94<4,1,0) -> 0 | R51: - | S51: - | T51: - | U51: - | V51: - | W51: - | X51: - | Y51: =IF(C85/C84<1,1,0) -> 0 | Z51: - | AA51: - | AB51: - | AC51: - | AD51: =IF(C85>=15,1,0) -> 1 | AF51: =N51 -> 0 | AG51: =O51 -> 1 | AH51: =P51 -> 0 | AI51: =Q51 -> 0 | AJ51: =U51 -> - | AK51: =Y51 -> 0 | AL51: =AC51 -> - | AM51: =AD51 -> 1 | AN51: =SUM(AF51:AM51) -> 2 | AO51: =IF(AN51=6,E38,"") | AP51: =IF(AO51="",0,1) -> 0 | BQ51: =AP51 -> 0 | BR51: =IF(BQ51=0,"",E38) | BS51: =IF(BQ51=0,"",M51) | BT51: =IF(BR51="",0,1) -> 0
B52: tamiz Nº 200 | E52: MH | G52: IP < 4 | I52: Retenido Nº 200 < 15% | J52: - | K52: - | L52: - | M52: Limo elastico | N52: =IF(C90>50,1,0) -> 0 | O52: =IF(C92>=50,1,0) -> 0 | P52: =IF(C94<4,1,0) -> 0 | Q52: - | R52: - | S52: - | T52: - | U52: =IF(C91<15,1,0) -> 0 | V52: - | W52: - | X52: - | Y52: - | Z52: - | AA52: - | AB52: - | AC52: - | AD52: - | AF52: =N52 -> 0 | AG52: =O52 -> 0 | AH52: =P52 -> 0 | AI52: - | AJ52: =U52 -> 0 | AK52: =Y52 -> - | AL52: =AC52 -> - | AM52: =AD52 -> - | AN52: =SUM(AF52:AM52) -> 0 | AO52: =IF(AN52=4,E52,"") | AP52: =IF(AO52="",0,1) -> 0 | BQ52: =AP52 -> 0 | BR52: =IF(BQ52=0,"",E52) | BS52: =IF(BQ52=0,"",M52) | BT52: =IF(BR52="",0,1) -> 0 | BU52: =SUM(BT52:BT58) -> 0 | BV52: =IF(BW52="",0,1) -> 0 | BW52: =IF(BU52=0,"",E52)
I53: Retenido Nº 200 15% - 29% | J53: %Arena / %Grava ≥ 1 | K53: - | L53: - | M53: Limo elastico con arena | N53: =IF(C90>50,1,0) -> 0 | O53: =IF(C92>=50,1,0) -> 0 | P53: =IF(C94<4,1,0) -> 0 | Q53: - | R53: - | S53: - | T53: - | U53: =IF(X53=2,1,0) -> 0 | V53: =IF(C91>=15,1,0) -> 1 | W53: =IF(C91<=29,1,0) -> 0 | X53: =V53+W53 -> 1 | Y53: =IF((C85/C84)>=1,1,0) -> 1 | Z53: - | AA53: - | AB53: - | AC53: - | AD53: - | AF53: =N53 -> 0 | AG53: =O53 -> 0 | AH53: =P53 -> 0 | AI53: - | AJ53: =U53 -> 0 | AK53: =Y53 -> 1 | AL53: =AC53 -> - | AM53: =AD53 -> - | AN53: =SUM(AF53:AM53) -> 1 | AO53: =IF(AN53=5,E52,"") | AP53: =IF(AO53="",0,1) -> 0 | BQ53: =AP53 -> 0 | BR53: =IF(BQ53=0,"",E52) | BS53: =IF(BQ53=0,"",M53) | BT53: =IF(BR53="",0,1) -> 0
F54: Limos inorganicos, suelos limosas o areanosos, finos micaceos o | J54: %Arena / %Grava < 1 | K54: - | L54: - | M54: Limo elastico con grava | N54: =IF(C90>50,1,0) -> 0 | O54: =IF(C92>=50,1,0) -> 0 | P54: =IF(C94<4,1,0) -> 0 | Q54: - | R54: - | S54: - | T54: - | U54: - | V54: - | W54: - | X54: - | Y54: =IF(C85/C84<1,1,0) -> 0 | Z54: - | AA54: - | AB54: - | AC54: - | AD54: - | AF54: =N54 -> 0 | AG54: =O54 -> 0 | AH54: =P54 -> 0 | AI54: - | AJ54: =U54 -> - | AK54: =Y54 -> 0 | AL54: =AC54 -> - | AM54: =AD54 -> - | AN54: =SUM(AF54:AM54) -> 0 | AO54: =IF(AN54=4,E52,"") | AP54: =IF(AO54="",0,1) -> 0 | BQ54: =AP54 -> 0 | BR54: =IF(BQ54=0,"",E52) | BS54: =IF(BQ54=0,"",M54) | BT54: =IF(BR54="",0,1) -> 0
I55: Retenido Nº 200 ≥ 30% | J55: %Arena / %Grava ≥ 1 | K55: %Grava < 15 | L55: - | M55: Limo elastico arenoso | N55: =IF(C90>50,1,0) -> 0 | O55: =IF(C92>=50,1,0) -> 0 | P55: =IF(C94<4,1,0) -> 0 | Q55: - | R55: - | S55: - | T55: - | U55: =IF(C91>=30,1,0) -> 1 | V55: - | W55: - | X55: - | Y55: =IF((C85/C84)>=1,1,0) -> 1 | Z55: - | AA55: - | AB55: - | AC55: =IF(C84<15,1,0) -> 0 | AD55: - | AF55: =N55 -> 0 | AG55: =O55 -> 0 | AH55: =P55 -> 0 | AI55: - | AJ55: =U55 -> 1 | AK55: =Y55 -> 1 | AL55: =AC55 -> 0 | AM55: =AD55 -> - | AN55: =SUM(AF55:AM55) -> 2 | AO55: =IF(AN55=6,E52,"") | AP55: =IF(AO55="",0,1) -> 0 | BQ55: =AP55 -> 0 | BR55: =IF(BQ55=0,"",E52) | BS55: =IF(BQ55=0,"",M55) | BT55: =IF(BR55="",0,1) -> 0
F56: diatomaceos, suelos elasticos | J56: %Arena / %Grava ≥ 1 | K56: %Grava ≥ 15 | L56: - | M56: Limo elastico arenoso con grava | N56: =IF(C90>50,1,0) -> 0 | O56: =IF(C92>=50,1,0) -> 0 | P56: =IF(C94<4,1,0) -> 0 | Q56: - | R56: - | S56: - | T56: - | U56: - | V56: - | W56: - | X56: - | Y56: =IF((C85/C84)>=1,1,0) -> 1 | Z56: - | AA56: - | AB56: - | AC56: =IF(C84>=15,1,0) -> 1 | AD56: - | AF56: =N56 -> 0 | AG56: =O56 -> 0 | AH56: =P56 -> 0 | AI56: - | AJ56: =U56 -> - | AK56: =Y56 -> 1 | AL56: =AC56 -> 1 | AM56: =AD56 -> - | AN56: =SUM(AF56:AM56) -> 2 | AO56: =IF(AN56=5,E52,"") | AP56: =IF(AO56="",0,1) -> 0 | BQ56: =AP56 -> 0 | BR56: =IF(BQ56=0,"",E52) | BS56: =IF(BQ56=0,"",M56) | BT56: =IF(BR56="",0,1) -> 0
J57: %Arena / %Grava < 1 | K57: - | L57: %Arena < 15 | M57: Limo elastico con mucha grava | N57: =IF(C90>50,1,0) -> 0 | O57: =IF(C92>=50,1,0) -> 0 | P57: =IF(C94<4,1,0) -> 0 | Q57: - | R57: - | S57: - | T57: - | U57: - | V57: - | W57: - | X57: - | Y57: =IF(C85/C84<1,1,0) -> 0 | Z57: - | AA57: - | AB57: - | AC57: - | AD57: =IF(C85<15,1,0) -> 0 | AF57: =N57 -> 0 | AG57: =O57 -> 0 | AH57: =P57 -> 0 | AI57: - | AJ57: =U57 -> - | AK57: =Y57 -> 0 | AL57: =AC57 -> - | AM57: =AD57 -> 0 | AN57: =SUM(AF57:AM57) -> 0 | AO57: =IF(AN57=5,E52,"") | AP57: =IF(AO57="",0,1) -> 0 | BQ57: =AP57 -> 0 | BR57: =IF(BQ57=0,"",E52) | BS57: =IF(BQ57=0,"",M57) | BT57: =IF(BR57="",0,1) -> 0
J58: %Arena / %Grava < 1 | K58: - | L58: %Arena ≥ 15 | M58: Limo elastico con mucha grava y con arena | N58: =IF(C90>50,1,0) -> 0 | O58: =IF(C92>=50,1,0) -> 0 | P58: =IF(C94<4,1,0) -> 0 | Q58: - | R58: - | S58: - | T58: - | U58: - | V58: - | W58: - | X58: - | Y58: =IF(C85/C84<1,1,0) -> 0 | Z58: - | AA58: - | AB58: - | AC58: - | AD58: =IF(C85>=15,1,0) -> 1 | AF58: =N58 -> 0 | AG58: =O58 -> 0 | AH58: =P58 -> 0 | AI58: - | AJ58: =U58 -> - | AK58: =Y58 -> 0 | AL58: =AC58 -> - | AM58: =AD58 -> 1 | AN58: =SUM(AF58:AM58) -> 1 | AO58: =IF(AN58=5,E52,"") | AP58: =IF(AO58="",0,1) -> 0 | BQ58: =AP58 -> 0 | BR58: =IF(BQ58=0,"",E52) | BS58: =IF(BQ58=0,"",M58) | BT58: =IF(BR58="",0,1) -> 0
E59: CH | F59: Arcillas organicas de alta plasticidad, arcillas grasas | G59: IP > 7 | I59: Retenido Nº 200 < 15% | J59: - | K59: - | L59: - | M59: Arcilla gruesa | N59: =IF(C90>50,1,0) -> 0 | O59: =IF(C92>=50,1,0) -> 0 | P59: =IF(C94>7,1,0) -> 1 | Q59: - | R59: - | S59: - | T59: - | U59: =IF(C91<15,1,0) -> 0 | V59: - | W59: - | X59: - | Y59: - | Z59: - | AA59: - | AB59: - | AC59: - | AD59: - | AF59: =N59 -> 0 | AG59: =O59 -> 0 | AH59: =P59 -> 1 | AI59: - | AJ59: =U59 -> 0 | AK59: =Y59 -> - | AL59: =AC59 -> - | AM59: =AD59 -> - | AN59: =SUM(AF59:AM59) -> 1 | AO59: =IF(AN59=4,E59,"") | AP59: =IF(AO59="",0,1) -> 0 | BQ59: =AP59 -> 0 | BR59: =IF(BQ59=0,"",E59) | BS59: =IF(BQ59=0,"",M59) | BT59: =IF(BR59="",0,1) -> 0 | BU59: =SUM(BT59:BT65) -> 0 | BV59: =IF(BW59="",0,1) -> 0 | BW59: =IF(BU59=0,"",E59)
I60: Retenido Nº 200 15% - 29% | J60: %Arena / %Grava ≥ 1 | K60: - | L60: - | M60: Arcilla gruesa con arena | N60: =IF(C90>50,1,0) -> 0 | O60: =IF(C92>=50,1,0) -> 0 | P60: =IF(C94>7,1,0) -> 1 | Q60: - | R60: - | S60: - | T60: - | U60: =IF(X60=2,1,0) -> 0 | V60: =IF(C91>=15,1,0) -> 1 | W60: =IF(C91<=29,1,0) -> 0 | X60: =V60+W60 -> 1 | Y60: =IF((C85/C84)>=1,1,0) -> 1 | Z60: - | AA60: - | AB60: - | AC60: - | AD60: - | AF60: =N60 -> 0 | AG60: =O60 -> 0 | AH60: =P60 -> 1 | AI60: - | AJ60: =U60 -> 0 | AK60: =Y60 -> 1 | AL60: =AC60 -> - | AM60: =AD60 -> - | AN60: =SUM(AF60:AM60) -> 2 | AO60: =IF(AN60=5,E59,"") | AP60: =IF(AO60="",0,1) -> 0 | BQ60: =AP60 -> 0 | BR60: =IF(BQ60=0,"",E59) | BS60: =IF(BQ60=0,"",M60) | BT60: =IF(BR60="",0,1) -> 0
J61: %Arena / %Grava < 1 | K61: - | L61: - | M61: Arcilla gruesa con grava | N61: =IF(C90>50,1,0) -> 0 | O61: =IF(C92>=50,1,0) -> 0 | P61: =IF(C94>7,1,0) -> 1 | Q61: - | R61: - | S61: - | T61: - | U61: - | V61: - | W61: - | X61: - | Y61: =IF(C85/C84<1,1,0) -> 0 | Z61: - | AA61: - | AB61: - | AC61: - | AD61: - | AF61: =N61 -> 0 | AG61: =O61 -> 0 | AH61: =P61 -> 1 | AI61: - | AJ61: =U61 -> - | AK61: =Y61 -> 0 | AL61: =AC61 -> - | AM61: =AD61 -> - | AN61: =SUM(AF61:AM61) -> 1 | AO61: =IF(AN61=4,E59,"") | AP61: =IF(AO61="",0,1) -> 0 | BQ61: =AP61 -> 0 | BR61: =IF(BQ61=0,"",E59) | BS61: =IF(BQ61=0,"",M61) | BT61: =IF(BR61="",0,1) -> 0
I62: Retenido Nº 200 ≥ 30% | J62: %Arena / %Grava ≥ 1 | K62: %Grava < 15 | L62: - | M62: Arcilla gruesa arenosa | N62: =IF(C90>50,1,0) -> 0 | O62: =IF(C92>=50,1,0) -> 0 | P62: =IF(C94>7,1,0) -> 1 | Q62: - | R62: - | S62: - | T62: - | U62: =IF(C91>=30,1,0) -> 1 | V62: - | W62: - | X62: - | Y62: =IF((C85/C84)>=1,1,0) -> 1 | Z62: - | AA62: - | AB62: - | AC62: =IF(C84<15,1,0) -> 0 | AD62: - | AF62: =N62 -> 0 | AG62: =O62 -> 0 | AH62: =P62 -> 1 | AI62: - | AJ62: =U62 -> 1 | AK62: =Y62 -> 1 | AL62: =AC62 -> 0 | AM62: =AD62 -> - | AN62: =SUM(AF62:AM62) -> 3 | AO62: =IF(AN62=6,E59,"") | AP62: =IF(AO62="",0,1) -> 0 | BQ62: =AP62 -> 0 | BR62: =IF(BQ62=0,"",E59) | BS62: =IF(BQ62=0,"",M62) | BT62: =IF(BR62="",0,1) -> 0
J63: %Arena / %Grava ≥ 1 | K63: %Grava ≥ 15 | L63: - | M63: Arcilla gruesa arenosa con grava | N63: =IF(C90>50,1,0) -> 0 | O63: =IF(C92>=50,1,0) -> 0 | P63: =IF(C94>7,1,0) -> 1 | Q63: - | R63: - | S63: - | T63: - | U63: - | V63: - | W63: - | X63: - | Y63: =IF((C85/C84)>=1,1,0) -> 1 | Z63: - | AA63: - | AB63: - | AC63: =IF(C84>=15,1,0) -> 1 | AD63: - | AF63: =N63 -> 0 | AG63: =O63 -> 0 | AH63: =P63 -> 1 | AI63: - | AJ63: =U63 -> - | AK63: =Y63 -> 1 | AL63: =AC63 -> 1 | AM63: =AD63 -> - | AN63: =SUM(AF63:AM63) -> 3 | AO63: =IF(AN63=5,E59,"") | AP63: =IF(AO63="",0,1) -> 0 | BQ63: =AP63 -> 0 | BR63: =IF(BQ63=0,"",E59) | BS63: =IF(BQ63=0,"",M63) | BT63: =IF(BR63="",0,1) -> 0
J64: %Arena / %Grava < 1 | K64: - | L64: %Arena < 15 | M64: Arcilla gruesa con mucha grava | N64: =IF(C90>50,1,0) -> 0 | O64: =IF(C92>=50,1,0) -> 0 | P64: =IF(C94>7,1,0) -> 1 | Q64: - | R64: - | S64: - | T64: - | U64: - | V64: - | W64: - | X64: - | Y64: =IF(C85/C84<1,1,0) -> 0 | Z64: - | AA64: - | AB64: - | AC64: - | AD64: =IF(C85<15,1,0) -> 0 | AF64: =N64 -> 0 | AG64: =O64 -> 0 | AH64: =P64 -> 1 | AI64: - | AJ64: =U64 -> - | AK64: =Y64 -> 0 | AL64: =AC64 -> - | AM64: =AD64 -> 0 | AN64: =SUM(AF64:AM64) -> 1 | AO64: =IF(AN64=5,E59,"") | AP64: =IF(AO64="",0,1) -> 0 | BQ64: =AP64 -> 0 | BR64: =IF(BQ64=0,"",E59) | BS64: =IF(BQ64=0,"",M64) | BT64: =IF(BR64="",0,1) -> 0
D65: Limos y Arcillas | J65: %Arena / %Grava < 1 | K65: - | L65: %Arena ≥ 15 | M65: Arcilla gruesa con mucha grava y con arena | N65: =IF(C90>50,1,0) -> 0 | O65: =IF(C92>=50,1,0) -> 0 | P65: =IF(C94>7,1,0) -> 1 | Q65: - | R65: - | S65: - | T65: - | U65: - | V65: - | W65: - | X65: - | Y65: =IF(C85/C84<1,1,0) -> 0 | Z65: - | AA65: - | AB65: - | AC65: - | AD65: =IF(C85>=15,1,0) -> 1 | AF65: =N65 -> 0 | AG65: =O65 -> 0 | AH65: =P65 -> 1 | AI65: - | AJ65: =U65 -> - | AK65: =Y65 -> 0 | AL65: =AC65 -> - | AM65: =AD65 -> 1 | AN65: =SUM(AF65:AM65) -> 2 | AO65: =IF(AN65=5,E59,"") | AP65: =IF(AO65="",0,1) -> 0 | BQ65: =AP65 -> 0 | BR65: =IF(BQ65=0,"",E59) | BS65: =IF(BQ65=0,"",M65) | BT65: =IF(BR65="",0,1) -> 0
E66: OH | F66: Arcillas organicas de plasticidad media a alta, limos organicos | H66: IP ≥ 4 | I66: Retenido Nº 200 < 15% | J66: - | K66: - | L66: - | M66: Arcilla organica | N66: =IF(C90>50,1,0) -> 0 | O66: =IF(C92>=50,1,0) -> 0 | P66: =IF((C93/C92)<0.75,1,0) -> 0 | Q66: =IF(C94>=4,1,0) -> 1 | R66: - | S66: - | T66: - | U66: =IF(C91<15,1,0) -> 0 | V66: - | W66: - | X66: - | Y66: - | Z66: - | AA66: - | AB66: - | AC66: - | AD66: - | AF66: =N66 -> 0 | AG66: =O66 -> 0 | AH66: =P66 -> 0 | AI66: =Q66 -> 1 | AJ66: =U66 -> 0 | AK66: =Y66 -> - | AL66: =AC66 -> - | AM66: =AD66 -> - | AN66: =SUM(AF66:AM66) -> 1 | AO66: =IF(AN66=5,E66,"") | AP66: =IF(AO66="",0,1) -> 0 | BQ66: =AP66 -> 0 | BR66: =IF(BQ66=0,"",E66) | BS66: =IF(BQ66=0,"",M66) | BT66: =IF(BR66="",0,1) -> 0 | BU66: =SUM(BT66:BT79) -> 0 | BV66: =IF(BW66="",0,1) -> 0 | BW66: =IF(BU66=0,"",E66)
D67: (Limite Liquido ≥ 50) | I67: Retenido Nº 200 15% - 29% | J67: %Arena / %Grava ≥ 1 | K67: - | L67: - | M67: Arcilla organica con arena | N67: =IF(C90>50,1,0) -> 0 | O67: =IF(C92>=50,1,0) -> 0 | P67: =IF((C93/C92)<0.75,1,0) -> 0 | Q67: =IF(C94>=4,1,0) -> 1 | R67: - | S67: - | T67: - | U67: =IF(X67=2,1,0) -> 0 | V67: =IF(C91>=15,1,0) -> 1 | W67: =IF(C91<=29,1,0) -> 0 | X67: =V67+W67 -> 1 | Y67: =IF((C85/C84)>=1,1,0) -> 1 | Z67: - | AA67: - | AB67: - | AC67: - | AD67: - | AF67: =N67 -> 0 | AG67: =O67 -> 0 | AH67: =P67 -> 0 | AI67: =Q67 -> 1 | AJ67: =U67 -> 0 | AK67: =Y67 -> 1 | AL67: =AC67 -> - | AM67: =AD67 -> - | AN67: =SUM(AF67:AM67) -> 2 | AO67: =IF(AN67=6,E66,"") | AP67: =IF(AO67="",0,1) -> 0 | BQ67: =AP67 -> 0 | BR67: =IF(BQ67=0,"",E66) | BS67: =IF(BQ67=0,"",M67) | BT67: =IF(BR67="",0,1) -> 0
J68: %Arena / %Grava < 1 | K68: - | L68: - | M68: Arcilla organica con grava | N68: =IF(C90>50,1,0) -> 0 | O68: =IF(C92>=50,1,0) -> 0 | P68: =IF((C93/C92)<0.75,1,0) -> 0 | Q68: =IF(C94>=4,1,0) -> 1 | R68: - | S68: - | T68: - | U68: - | V68: - | W68: - | X68: - | Y68: =IF(C85/C84<1,1,0) -> 0 | Z68: - | AA68: - | AB68: - | AC68: - | AD68: - | AF68: =N68 -> 0 | AG68: =O68 -> 0 | AH68: =P68 -> 0 | AI68: =Q68 -> 1 | AJ68: =U68 -> - | AK68: =Y68 -> 0 | AL68: =AC68 -> - | AM68: =AD68 -> - | AN68: =SUM(AF68:AM68) -> 1 | AO68: =IF(AN68=5,E66,"") | AP68: =IF(AO68="",0,1) -> 0 | BQ68: =AP68 -> 0 | BR68: =IF(BQ68=0,"",E66) | BS68: =IF(BQ68=0,"",M68) | BT68: =IF(BR68="",0,1) -> 0
I69: Retenido Nº 200 ≥ 30% | J69: %Arena / %Grava ≥ 1 | K69: %Grava < 15 | L69: - | M69: Arcilla organica arenosa | N69: =IF(C90>50,1,0) -> 0 | O69: =IF(C92>=50,1,0) -> 0 | P69: =IF((C93/C92)<0.75,1,0) -> 0 | Q69: =IF(C94>=4,1,0) -> 1 | R69: - | S69: - | T69: - | U69: =IF(C91>=30,1,0) -> 1 | V69: - | W69: - | X69: - | Y69: =IF((C85/C84)>=1,1,0) -> 1 | Z69: - | AA69: - | AB69: - | AC69: =IF(C84<15,1,0) -> 0 | AD69: - | AF69: =N69 -> 0 | AG69: =O69 -> 0 | AH69: =P69 -> 0 | AI69: =Q69 -> 1 | AJ69: =U69 -> 1 | AK69: =Y69 -> 1 | AL69: =AC69 -> 0 | AM69: =AD69 -> - | AN69: =SUM(AF69:AM69) -> 3 | AO69: =IF(AN69=7,E66,"") | AP69: =IF(AO69="",0,1) -> 0 | BQ69: =AP69 -> 0 | BR69: =IF(BQ69=0,"",E66) | BS69: =IF(BQ69=0,"",M69) | BT69: =IF(BR69="",0,1) -> 0
J70: %Arena / %Grava ≥ 1 | K70: %Grava ≥ 15 | L70: - | M70: Arcilla organica arenosa con grava | N70: =IF(C90>50,1,0) -> 0 | O70: =IF(C92>=50,1,0) -> 0 | P70: =IF((C93/C92)<0.75,1,0) -> 0 | Q70: =IF(C94>=4,1,0) -> 1 | R70: - | S70: - | T70: - | U70: - | V70: - | W70: - | X70: - | Y70: =IF((C85/C84)>=1,1,0) -> 1 | Z70: - | AA70: - | AB70: - | AC70: =IF(C84>=15,1,0) -> 1 | AD70: - | AF70: =N70 -> 0 | AG70: =O70 -> 0 | AH70: =P70 -> 0 | AI70: =Q70 -> 1 | AJ70: =U70 -> - | AK70: =Y70 -> 1 | AL70: =AC70 -> 1 | AM70: =AD70 -> - | AN70: =SUM(AF70:AM70) -> 3 | AO70: =IF(AN70=6,E66,"") | AP70: =IF(AO70="",0,1) -> 0 | BQ70: =AP70 -> 0 | BR70: =IF(BQ70=0,"",E66) | BS70: =IF(BQ70=0,"",M70) | BT70: =IF(BR70="",0,1) -> 0
J71: %Arena / %Grava < 1 | K71: - | L71: %Arena < 15 | M71: Arcilla organica con mucha grava | N71: =IF(C90>50,1,0) -> 0 | O71: =IF(C92>=50,1,0) -> 0 | P71: =IF((C93/C92)<0.75,1,0) -> 0 | Q71: =IF(C94>=4,1,0) -> 1 | R71: - | S71: - | T71: - | U71: - | V71: - | W71: - | X71: - | Y71: =IF(C85/C84<1,1,0) -> 0 | Z71: - | AA71: - | AB71: - | AC71: - | AD71: =IF(C85<15,1,0) -> 0 | AF71: =N71 -> 0 | AG71: =O71 -> 0 | AH71: =P71 -> 0 | AI71: =Q71 -> 1 | AJ71: =U71 -> - | AK71: =Y71 -> 0 | AL71: =AC71 -> - | AM71: =AD71 -> 0 | AN71: =SUM(AF71:AM71) -> 1 | AO71: =IF(AN71=6,E66,"") | AP71: =IF(AO71="",0,1) -> 0 | BQ71: =AP71 -> 0 | BR71: =IF(BQ71=0,"",E66) | BS71: =IF(BQ71=0,"",M71) | BT71: =IF(BR71="",0,1) -> 0
G72: LL (Secado Natural) < 0.75 | J72: %Arena / %Grava < 1 | K72: - | L72: %Arena ≥ 15 | M72: Arcilla organica con mucha grava y con arena | N72: =IF(C90>50,1,0) -> 0 | O72: =IF(C92>=50,1,0) -> 0 | P72: =IF((C93/C92)<0.75,1,0) -> 0 | Q72: =IF(C94>=4,1,0) -> 1 | R72: - | S72: - | T72: - | U72: - | V72: - | W72: - | X72: - | Y72: =IF(C85/C84<1,1,0) -> 0 | Z72: - | AA72: - | AB72: - | AC72: - | AD72: =IF(C85>=15,1,0) -> 1 | AF72: =N72 -> 0 | AG72: =O72 -> 0 | AH72: =P72 -> 0 | AI72: =Q72 -> 1 | AJ72: =U72 -> - | AK72: =Y72 -> 0 | AL72: =AC72 -> - | AM72: =AD72 -> 1 | AN72: =SUM(AF72:AM72) -> 2 | AO72: =IF(AN72=6,E66,"") | AP72: =IF(AO72="",0,1) -> 0 | BQ72: =AP72 -> 0 | BR72: =IF(BQ72=0,"",E66) | BS72: =IF(BQ72=0,"",M72) | BT72: =IF(BR72="",0,1) -> 0
G73: LL (Secado a Horno) | H73: IP < 4 | I73: Retenido Nº 200 < 15% | J73: - | K73: - | L73: - | M73: Limo organico | N73: =IF(C90>50,1,0) -> 0 | O73: =IF(C92>=50,1,0) -> 0 | P73: =IF((C93/C92)<0.75,1,0) -> 0 | Q73: =IF(C94<4,1,0) -> 0 | R73: - | S73: - | T73: - | U73: =IF(C91<15,1,0) -> 0 | V73: - | W73: - | X73: - | Y73: - | Z73: - | AA73: - | AB73: - | AC73: - | AD73: - | AF73: =N73 -> 0 | AG73: =O73 -> 0 | AH73: =P73 -> 0 | AI73: =Q73 -> 0 | AJ73: =U73 -> 0 | AK73: =Y73 -> - | AL73: =AC73 -> - | AM73: =AD73 -> - | AN73: =SUM(AF73:AM73) -> 0 | AO73: =IF(AN73=5,E66,"") | AP73: =IF(AO73="",0,1) -> 0 | BQ73: =AP73 -> 0 | BR73: =IF(BQ73=0,"",E66) | BS73: =IF(BQ73=0,"",M73) | BT73: =IF(BR73="",0,1) -> 0
I74: Retenido Nº 200 15% - 29% | J74: %Arena / %Grava ≥ 1 | K74: - | L74: - | M74: Limo organico con arena | N74: =IF(C90>50,1,0) -> 0 | O74: =IF(C92>=50,1,0) -> 0 | P74: =IF((C93/C92)<0.75,1,0) -> 0 | Q74: =IF(C94<4,1,0) -> 0 | R74: - | S74: - | T74: - | U74: =IF(X74=2,1,0) -> 0 | V74: =IF(C91>=15,1,0) -> 1 | W74: =IF(C91<=29,1,0) -> 0 | X74: =V74+W74 -> 1 | Y74: =IF((C85/C84)>=1,1,0) -> 1 | Z74: - | AA74: - | AB74: - | AC74: - | AD74: - | AF74: =N74 -> 0 | AG74: =O74 -> 0 | AH74: =P74 -> 0 | AI74: =Q74 -> 0 | AJ74: =U74 -> 0 | AK74: =Y74 -> 1 | AL74: =AC74 -> - | AM74: =AD74 -> - | AN74: =SUM(AF74:AM74) -> 1 | AO74: =IF(AN74=6,E66,"") | AP74: =IF(AO74="",0,1) -> 0 | BQ74: =AP74 -> 0 | BR74: =IF(BQ74=0,"",E66) | BS74: =IF(BQ74=0,"",M74) | BT74: =IF(BR74="",0,1) -> 0
J75: %Arena / %Grava < 1 | K75: - | L75: - | M75: Limo organico con grava | N75: =IF(C90>50,1,0) -> 0 | O75: =IF(C92>=50,1,0) -> 0 | P75: =IF((C93/C92)<0.75,1,0) -> 0 | Q75: =IF(C94<4,1,0) -> 0 | R75: - | S75: - | T75: - | U75: - | V75: - | W75: - | X75: - | Y75: =IF(C85/C84<1,1,0) -> 0 | Z75: - | AA75: - | AB75: - | AC75: - | AD75: - | AF75: =N75 -> 0 | AG75: =O75 -> 0 | AH75: =P75 -> 0 | AI75: =Q75 -> 0 | AJ75: =U75 -> - | AK75: =Y75 -> 0 | AL75: =AC75 -> - | AM75: =AD75 -> - | AN75: =SUM(AF75:AM75) -> 0 | AO75: =IF(AN75=5,E66,"") | AP75: =IF(AO75="",0,1) -> 0 | BQ75: =AP75 -> 0 | BR75: =IF(BQ75=0,"",E66) | BS75: =IF(BQ75=0,"",M75) | BT75: =IF(BR75="",0,1) -> 0
I76: Retenido Nº 200 ≥ 30% | J76: %Arena / %Grava ≥ 1 | K76: %Grava < 15 | L76: - | M76: Limo organico arenoso | N76: =IF(C90>50,1,0) -> 0 | O76: =IF(C92>=50,1,0) -> 0 | P76: =IF((C93/C92)<0.75,1,0) -> 0 | Q76: =IF(C94<4,1,0) -> 0 | R76: - | S76: - | T76: - | U76: =IF(C91>=30,1,0) -> 1 | V76: - | W76: - | X76: - | Y76: =IF((C85/C84)>=1,1,0) -> 1 | Z76: - | AA76: - | AB76: - | AC76: =IF(C84<15,1,0) -> 0 | AD76: - | AF76: =N76 -> 0 | AG76: =O76 -> 0 | AH76: =P76 -> 0 | AI76: =Q76 -> 0 | AJ76: =U76 -> 1 | AK76: =Y76 -> 1 | AL76: =AC76 -> 0 | AM76: =AD76 -> - | AN76: =SUM(AF76:AM76) -> 2 | AO76: =IF(AN76=7,E66,"") | AP76: =IF(AO76="",0,1) -> 0 | BQ76: =AP76 -> 0 | BR76: =IF(BQ76=0,"",E66) | BS76: =IF(BQ76=0,"",M76) | BT76: =IF(BR76="",0,1) -> 0
J77: %Arena / %Grava ≥ 1 | K77: %Grava ≥ 15 | L77: - | M77: Limo organico arenoso con grava | N77: =IF(C90>50,1,0) -> 0 | O77: =IF(C92>=50,1,0) -> 0 | P77: =IF((C93/C92)<0.75,1,0) -> 0 | Q77: =IF(C94<4,1,0) -> 0 | R77: - | S77: - | T77: - | U77: - | V77: - | W77: - | X77: - | Y77: =IF((C85/C84)>=1,1,0) -> 1 | Z77: - | AA77: - | AB77: - | AC77: =IF(C84>=15,1,0) -> 1 | AD77: - | AF77: =N77 -> 0 | AG77: =O77 -> 0 | AH77: =P77 -> 0 | AI77: =Q77 -> 0 | AJ77: =U77 -> - | AK77: =Y77 -> 1 | AL77: =AC77 -> 1 | AM77: =AD77 -> - | AN77: =SUM(AF77:AM77) -> 2 | AO77: =IF(AN77=6,E66,"") | AP77: =IF(AO77="",0,1) -> 0 | BQ77: =AP77 -> 0 | BR77: =IF(BQ77=0,"",E66) | BS77: =IF(BQ77=0,"",M77) | BT77: =IF(BR77="",0,1) -> 0
J78: %Arena / %Grava < 1 | K78: - | L78: %Arena < 15 | M78: Limo organico con mucha grava | N78: =IF(C90>50,1,0) -> 0 | O78: =IF(C92>=50,1,0) -> 0 | P78: =IF((C93/C92)<0.75,1,0) -> 0 | Q78: =IF(C94<4,1,0) -> 0 | R78: - | S78: - | T78: - | U78: - | V78: - | W78: - | X78: - | Y78: =IF(C85/C84<1,1,0) -> 0 | Z78: - | AA78: - | AB78: - | AC78: - | AD78: =IF(C85<15,1,0) -> 0 | AF78: =N78 -> 0 | AG78: =O78 -> 0 | AH78: =P78 -> 0 | AI78: =Q78 -> 0 | AJ78: =U78 -> - | AK78: =Y78 -> 0 | AL78: =AC78 -> - | AM78: =AD78 -> 0 | AN78: =SUM(AF78:AM78) -> 0 | AO78: =IF(AN78=6,E66,"") | AP78: =IF(AO78="",0,1) -> 0 | BQ78: =AP78 -> 0 | BR78: =IF(BQ78=0,"",E66) | BS78: =IF(BQ78=0,"",M78) | BT78: =IF(BR78="",0,1) -> 0
J79: %Arena / %Grava < 1 | K79: - | L79: %Arena ≥ 15 | M79: Limo organico con mucha grava y con arena | N79: =IF(C90>50,1,0) -> 0 | O79: =IF(C92>=50,1,0) -> 0 | P79: =IF((C93/C92)<0.75,1,0) -> 0 | Q79: =IF(C94<4,1,0) -> 0 | R79: - | S79: - | T79: - | U79: - | V79: - | W79: - | X79: - | Y79: =IF(C85/C84<1,1,0) -> 0 | Z79: - | AA79: - | AB79: - | AC79: - | AD79: =IF(C85>=15,1,0) -> 1 | AF79: =N79 -> 0 | AG79: =O79 -> 0 | AH79: =P79 -> 0 | AI79: =Q79 -> 0 | AJ79: =U79 -> - | AK79: =Y79 -> 0 | AL79: =AC79 -> - | AM79: =AD79 -> 1 | AN79: =SUM(AF79:AM79) -> 1 | AO79: =IF(AN79=6,E66,"") | AP79: =IF(AO79="",0,1) -> 0 | BQ79: =AP79 -> 0 | BR79: =IF(BQ79=0,"",E66) | BS79: =IF(BQ79=0,"",M79) | BT79: =IF(BR79="",0,1) -> 0
D80: Suelos Altamente Organicos | E80: Pt | F80: Turba o otros suelos altamente organicos | G80: Particulas en descomposicion y suelos inestables no recomendable para su uso | N80: =IF(C90>50,1,0) -> 0 | O80: =IF(B97="SI",1,0) -> 0 | AF80: =N80 -> 0 | AG80: =O80 -> 0 | AN80: =AF80+AG80 -> 0 | AO80: =IF(AN80=2,E80,"") | AP80: =IF(AO80="",0,1) -> 0 | BQ80: =AP80 -> 0 | BR80: =IF(BQ80=0,"",E80) | BS80: =IF(BR80="","",F80) | BT80: =IF(BR80="",0,1) -> 0 | BU80: =BT80 -> 0 | BV80: =IF(BW80="",0,1) -> 0 | BW80: =IF(BU80=0,"",E80)
A82: % FRACCION GRUESA | B82: =B84+B85 -> 82.673139
A83: % FRACCION FINA | B83: =B86 -> 17.326861
A84: % Grava | B84: =100-B88 -> 37.524743 | C84: =IF(B84=0,0.0000000000000000001,B84) -> 37.524743
A85: % Arena | B85: =100-B84-B86 -> 45.148396 | C85: =IF(B85=0,0.0000000000000000001,B85) -> 45.148396 | E85: CLASIFICACION
A86: % Fino | B86: =B90 -> 17.326861 | C86: =IF(B86=0,0.0000000000000000001,B86) -> 17.326861
A87: % Pasante 3/8" | B87: =+'D6913'!F32 -> 70.05591 | C87: =IF(B87=0,0.0000000000000000001,B87) -> 70.05591 | E87: "SUCS"
A88: % Pasante Nº 4 | B88: =+'D6913'!F34 -> 62.475257 | C88: =IF(B88=0,0.0000000000000000001,B88) -> 62.475257
A89: % Retenido Acumulado Nº 4 | B89: =100-B88 -> 37.524743 | C89: =B89 -> 37.524743
A90: % Pasante Nº 200 | B90: =+'D6913'!F46 -> 17.326861 | C90: =IF(B90=0,0.0000000000000000001,B90) -> 17.326861 | E90: SIMBOLO | F90: DESCRIPCION
A91: % Retenido Acumulado Nº 200 | B91: =100-B90 -> 82.673139 | C91: =IF(B91=0,0.0000000000000000001,B91) -> 82.673139
A92: Limite Liquido (Secado al Horno) | B92: =+'D6913'!L34 -> 31 | C92: =IF(B92=0,0.0000000000000000001,B92) -> 31 | E92: =IF(BW5="","",BW5) | F92: =VLOOKUP(E92,BR5:BS80,2,(FALSE))
A93: Limite Liquido (Secado Natural) | B93: =B92 -> 31 | C93: =IF(B93=0,0.0000000000000000001,B93) -> 31 | E93: =IF(BW7="","",BW7) | F93: =VLOOKUP(E93,BR5:BS80,2,(FALSE))
A94: Indice Plastico | B94: =+'D6913'!L36 -> 11.61521 | C94: =IF(B94=0,0.0000000000000000001,B94) -> 11.61521 | E94: =IF(BW9="","",BW9) | F94: =VLOOKUP(E94,BR5:BS80,2,(FALSE))
A95: Cu | B95: ='D6913'!V1 -> 192.23469 | C95: =IF(B95=0,0.0000000000000000001,B95) -> 192.23469 | E95: =IF(BW11="","",BW11) | F95: =VLOOKUP(E95,BR5:BS80,2,(FALSE))
A96: Cc | B96: ='D6913'!V2 -> 2.7454764 | C96: =IF(B96=0,0.0000000000000000001,B96) -> 2.7454764 | E96: =IF(BW13="","",BW13) | F96: =VLOOKUP(E96,BR5:BS80,2,(FALSE))
A97: Suelos Altamente Contaminado | B97: =IF(B98=1,"SI","NO") -> NO | E97: =IF(BW15="","",BW15) | F97: =VLOOKUP(E97,BR5:BS80,2,(FALSE))
B98: 2 | E98: =IF(BW17="","",BW17) | F98: =VLOOKUP(E98,BR5:BS80,2,(FALSE))
E99: =IF(BW19="","",BW19) -> SC | F99: =VLOOKUP(E99,BR5:BS80,2,(FALSE)) -> Arena arcillosa con grava
E100: =IF(BW24="","",BW24) | F100: =VLOOKUP(E100,BR5:BS80,2,(FALSE))
E101: =IF(BW31="","",BW31) | F101: =VLOOKUP(E101,BR5:BS80,2,(FALSE))
E102: =IF(BW38="","",BW38) | F102: =VLOOKUP(E102,BR5:BS80,2,(FALSE))
...

Sheet SUCS N° 03
B1: SISTEMA UNIFICADO DE CLASIFICACION
B3: N 200= | C3: =ROUND('D6913'!F46,2) -> 17.33 | D3: Cu = | E3: =+'D6913'!J144 -> 192.23469 | K3: L.L. | L3: =+IF(N_10="NP",0,N_10) -> 31
B4: N 4= | C4: =IF('D6913'!F34="",0,ROUND('D6913'!F34,2)) -> 62.48 | D4: Cc = | E4: =+'D6913'!L144 -> 2.7454764 | F4: CLASIFICACION SUCS | G4: =IF(N_200<>0,R9,"") -> SC | K4: I.P. | L4: =+IF(C6="NP",0,C6) -> 11.61521
B5: L.L.= | C5: =+IF('D4318'!F59="NP",0,'D4318'!F59) -> 31 | G5: =P9&P10&P11&P12&P13&P14&P15&P16&P17&P18&P19&P20&P21&P22&P23 -> - Arena Arcillosa con grava | K5: CU | L5: =IF(OR(E3="",E3=""),0,E3) -> 192.23469
B6: I.P.= | C6: =+IF('D4318'!F61="NP",0,'D4318'!F61) -> 11.61521 | K6: CC | L6: =IF(OR(E4="",E4=""),0,E4) -> 2.7454764
B8: DIVISIONES MAYORES | E8: SIMBOLO DE GRUPO | F8: NOMBRES TIPICOS | G8: CRITERIOS DE CLASIFICACION PARA SUELOS GRANULARES | L8: CLASIF | M8: SIMBOLOS DOBLES | O8: SIMBOLOS TRIPLES | P8: NOMBRE DEL GRUPO | Q8: CLASIFICACION | R8: SIMBOLO
B9: Suelos de grano grueso (mas del 50 % del material es mayor en tamaño que el tamiz No 200 | C9: Gravas (mas de la mitad de la fracción gruesa es mayor que el tamiz No 4) | D9: Gravas Limpias (poco o ningun fino) | E9: GW | F9: Gravas bien gradadas, mezclas gravosas, poco o ningun fino | G9: Cu > 4 1 < Cc < 3 | L9: =IF(AND(N_200<50,(IF(N_40>0,100-N_40,N_40))>=0.5*(100-N_200),N_200<5,CU>=4,CC>=1,CC<=3),"GW","") | M9: =IF(AND(N_200<50,(IF(N_40>0,100-N_40,N_40))>=0.5*(100-N_200),N_200>=5,CU>=4,CC>=1,CC<=3,N_200<12,IP>=7,IP>=0.73*(Ll-20)),"GW-GC","") | N9: =IF(AND(N_200<50,(IF(N_40>0,100-N_40,N_40))>=0.5*(100-N_200),N_200>=5,CU>=4,CC>=1,CC<=3,N_200<12,OR(IP<4,IP<0.73*(Ll-20))),"GW-GM","") | O9: =IF(AND(N_200<50,(IF(N_40>0,100-N_40,N_40))>=0.5*(100-N_200),N_200>=5,CU>=4,CC>=1,CC<=3,N_200<12,IP>=4,IP<7,IP<0.9*(Ll-8),IP>=0.73*(Ll-20)),"GW-GC-GM","") | P9: =IF(GW<>"",(IF(Arena<15," - Grava bien gradada",IF(Arena>=15," - Grava bien gradada con arena",""))),IF(GWGC<>"",(IF(Arena<15," - Grava bien gradada con arcilla",IF(Arena>=15," - Grava bien gradada con arcilla y arena",""))),IF(GWGM<>"",(IF(Arena<15," - Grava bien gradada con limo",IF(Arena>=15," - Grava bien gradada con limo y arena",""))),IF(GWGCGM<>"",(IF(Arena<15," - Grava bien gradada con arcilla y limo",IF(Arena>=15," - Grava bien gradada con arcilla, arena y limo",""))),"")))) | Q9: =+L9&M9&N9&O9 | R9: =+Q9&Q10&Q11&Q12&Q13&Q14&Q15&Q16&Q17&Q18&Q19&Q20&Q21&Q22&Q23&Q24 -> SC
E10: GP | F10: Gravas pobremente gradadas,`mezclas grava-arena, pocos o ningun fino | G10: No cumple todos los requisitos de gradadcion para GW | L10: =IF(AND(N_200<50,(IF(N_40>0,100-N_40,N_40))>=0.5*(100-N_200),N_200<5,OR(CU<4,CC<1,CC>3)),"GP","") | M10: =IF(AND(N_200<50,(IF(N_40>0,100-N_40,N_40))>=0.5*(100-N_200),N_200>=5,OR(CU<4,CC<1,CC>3),N_200<12,IP>=7,IP>=0.73*(Ll-20)),"GP-GC","") | N10: =IF(AND(N_200<50,(IF(N_40>0,100-N_40,N_40))>=0.5*(100-N_200),N_200>=5,OR(CU<4,CC<1,CC>3),N_200<12,OR(IP<4,IP<0.73*(Ll-20))),"GP-GM","") | O10: =IF(AND(N_200<50,(IF(N_40>0,100-N_40,N_40))>=0.5*(100-N_200),N_200>=5,OR(CU<4,CC<1,CC>3),N_200<12,IP>=4,IP<7,IP<0.9*(Ll-8),IP>=0.73*(Ll-20)),"GP-GC-GM","") | P10: =IF(GP<>"",(IF(Arena<15," - Grava pobremente gradada",IF(Arena>=15," - Grava pobremente gradada con arena",""))),IF(GPGC<>"",(IF(Arena<15," - Grava pobremente gradada con arcilla",IF(Arena>=15," - Grava pobremente gradada con arcilla y arena",""))),IF(GPGM<>"",(IF(Arena<15," - Grava pobremente gradada con limo",IF(Arena>=15," - Grava pobremente gradada con limo y arena",""))),IF(GPGCGM<>"",(IF(Arena<15," - Grava pobremente gradada con arcilla y limo",IF(Arena>=15," - Grava pobremente gradada con arcilla, arena y limo",""))),"")))) | Q10: =+L10&M10&N10&O10
D11: Gravas con finos (cantidad apre- ciable de finos) | E11: GM | F11: Gravas limosas, mezcla grava- arena-limo | G11: Límites de Atteberg por debajo de la linea A o Ip < 4 | H11: A los materiales sobre la linea A con 4 < Ip < 7 se considera de frontera y se les asigna doble símbolo | L11: =IF(AND(N_200<50,(IF(N_40>0,100-N_40,N_40))>=0.5*(100-N_200),N_200>=12,OR(IP<4,IP<0.73*(Ll-20))),"GM","") | M11: =IF(AND(N_200<50,(IF(N_40>0,100-N_40,N_40))>=0.5*(100-N_200),N_200>=12,IP>=4,IP<7,IP>=0.73*(Ll-20)),"GM-GC","") | P11: =IF(GM<>"",(IF(Arena<15," - Grava limosa",IF(Arena>=15," - Grava limosa con arena",""))),IF(GCGM<>"",(IF(Arena<15," - Grava limo arcillosa",IF(Arena>=15," - Grava limo arcillosa con arena",""))),"")) | Q11: =+L11&M11&N11&O11
E12: GC | F12: Gravas arcillosas, mezcla gravo-areno- arcillosas | G12: Límites de Atteberg por encima de la línea A ó Ip > 7 | L12: =IF(AND(N_200<50,(IF(N_40>0,100-N_40,N_40))>=0.5*(100-N_200),N_200>=12,IP>=7,IP>=0.73*(Ll-20)),"GC","") | P12: =IF(GC<>"",IF(Arena<15," Grava Arcillosa"," Grava Arcillosa con Arena"),"") | Q12: =+L12&M12&N12&O12
C13: Arenas (mas de la mitad de la fracción gruesa es menor que el tamiz No 4) | D13: Arenas Limpias (poco o ningun fino) | E13: SW | F13: Arenas bien gradadas, arenas gravosas, pocos o ningun fino | G13: Cu > 6 1 < Cc < 3 | L13: =IF(AND(N_200<50,(IF(N_40>0,100-N_40,N_40))<0.5*(100-N_200),N_200<5,CU>=6,CC>=1,CC<=3),"SW","") | M13: =IF(AND(N_200<50,(IF(N_40>0,100-N_40,N_40))<0.5*(100-N_200),N_200>=5,CU>=6,CC>=1,CC<=3,N_200<12,IP>=7,IP>=0.73*(Ll-20)),"SW-SC","") | N13: =IF(AND(N_200<50,(IF(N_40>0,100-N_40,N_40))<0.5*(100-N_200),N_200>=5,CU>=6,CC>=1,CC<=3,N_200<12,OR(IP<4,IP<0.73*(Ll-20))),"SW-SM","") | O13: =IF(AND(N_200<50,(IF(N_40>0,100-N_40,N_40))<0.5*(100-N_200),N_200>=5,CU>=6,CC>=1,CC<=3,N_200<12,IP>=4,IP<7,IP<0.9*(Ll-8),IP>=0.73*(Ll-20)),"SW-SC-SM","") | P13: =IF(SW<>"",(IF(Grava<15," - Arena bien gradada",IF(Grava>=15," - Arena bien gradada con grava",""))),IF(SWSC<>"",(IF(Grava<15," - Arena bien gradada con arcilla",IF(Grava>=15," - Arena bien gradada con arcilla y grava",""))),IF(SWSM<>"",(IF(Grava<15," - Arena bien gradada con limo",IF(Grava>=15," - Arena bien gradada con limo y grava",""))),IF(SWSCSM<>"",(IF(Grava<15," - Arena bien gradada con arcilla y limo",IF(Grava>=15," - Arena bien gradada con grava, arcilla y limo",""))),"")))) | Q13: =+L13&M13&N13&O13
E14: SP | F14: Arenas pobremente gradadas, arenas gravosas, pocos o ningun fino | G14: No cumple todos los requisitos de gradadcion para SW | L14: =IF(AND(N_200<50,(IF(N_40>0,100-N_40,N_40))<0.5*(100-N_200),N_200<5,OR(CU<6,CC<1,CC>3)),"SP","") | M14: =IF(AND(N_200<50,(IF(N_40>0,100-N_40,N_40))<0.5*(100-N_200),N_200>=5,OR(CU<6,CC<1,CC>3),N_200<12,IP>=7,IP>=0.73*(Ll-20)),"SP-SC","") | N14: =IF(AND(N_200<50,(IF(N_40>0,100-N_40,N_40))<0.5*(100-N_200),N_200>=5,OR(CU<6,CC<1,CC>3),N_200<12,OR(IP<4,IP<0.73*(Ll-20))),"SP-SM","") | O14: =IF(AND(N_200<50,(IF(N_40>0,100-N_40,N_40))<0.5*(100-N_200),N_200>=5,OR(CU<6,CC<1,CC>3),N_200<12,IP>=4,IP<7,IP<0.9*(Ll-8),IP>=0.73*(Ll-20)),"SP-SC-SM","") | P14: =IF(SP<>"",(IF(Grava<15," - Arena pobremente gradada",IF(Grava>=15," - Arena pobremente gradada con grava",""))),IF(SPSC<>"",(IF(Grava<15," - Arena pobremente gradada con arcilla",IF(Grava>=15," - Arena pobremente gradada con arcilla y grava",""))),IF(SPSM<>"",(IF(Grava<15," - Arena pobremente gradada con limo",IF(Grava>=15," - Arena pobremente gradada con limo y grava",""))),IF(SPSCSM<>"",(IF(Grava<15," - Arena pobremente gradada con arcilla y limo",IF(Grava>=15," - Arena pobremente gradada con grava, arcilla y limo",""))),"")))) | Q14: =+L14&M14&N14&O14
D15: Arenas con finos (cantidad apre- ciable de finos) | E15: SM | F15: Arenas limosas mezcla de arena-limo | G15: Límites de Atteberg por debajo de la linea A ó Ip < 4 | H15: Si el material está en la zona sombreada con 4 < Ip < 7 se considera de frontera y se les asigna doble símbolo | L15: =IF(AND(N_200<50,(IF(N_40>0,100-N_40,N_40))<0.5*(100-N_200),N_200>=12,OR(IP<4,IP<0.73*(Ll-20))),"SM","") | M15: =IF(AND(N_200<50,(IF(N_40>0,100-N_40,N_40))<0.5*(100-N_200),N_200>=12,IP>=4,IP<7,IP>=0.73*(Ll-20)),"SM-SC","") | P15: =IF(SM<>"",(IF(Grava<15," - Arena limosa",IF(Grava>=15," - Arena limosa con grava",""))),IF(SCSM<>"",(IF(Grava<15," - Arena limo arcillosa",IF(Grava>=15," - Arena limo arcillosa con grava",""))),"")) | Q15: =+L15&M15&N15&O15
E16: SC | F16: Arenas arcillosas, mezclas arena-arcilla | G16: Límites de Atteberg por encima de la linea A ó Ip > 7 | L16: =IF(AND(N_200<50,(IF(N_40>0,100-N_40,N_40))<0.5*(100-N_200),N_200>=12,IP>=7,IP>=0.73*(Ll-20)),"SC","") -> SC | P16: =IF(SC<>"",IF(Grava<15," - Arena Arcillosa"," - Arena Arcillosa con grava"),"") -> - Arena Arcillosa con grava | Q16: =+L16&M16&N16&O16 -> SC
B17: Suelos de grano fino (mas del 50 % del material pasa el tamiz No 200 | C17: limos y arcillas (Límite líquido wl<50 | E17: ML | F17: Limos inorgánicos y arena muy finas, polvo de roca, arenas finas limosas o arcillosas, o limos arcillosos con poca plasticidad | G17: 1, Determinar el porcentaje de arenas y gravas de la curva granulometrica. 2, Dependiendo del porcentaje de fino (fracción menor que el tamiz No 200 los suelos gruesos se clasifican como sigue: Menos del 5% - GW, GP, SW, SP Mas del 12 % - GM, GC, SM, SC De 5 a 12 % - casos frontera que requieren doble símbolo | L17: =IF(AND(N_200>=50,Ll<50,OR(IP<4,AND(IP<0.73*(Ll-20),IP<10))),"ML","") | P17: =IF(ML<>"",(IF(Retiene_N_200<30,IF(Retiene_N_200<15," - Limo",IF(Retiene_N_200>=15,IF(Arena>=Grava," - Limo con arena",IF(Arena<Grava," - Limo con gava","")),"")),IF(Retiene_N_200>=30,IF(Arena>=Grava,IF(Grava<15," - Limo arenoso",IF(Grava>=15," - Limo con grava","")),IF(Arena<Grava,IF(Grava<15," - Limo gravoso",IF(Grava>=15," - Limo con arena","")),"")),""))),"") | Q17: =+L17&M17&N17&O17
E18: CL | F18: Arcillas inorganicas de plasticidad baja a media, arcillas gravosas, arcillas arenosas, arcillas limosas, arcillas magras. | L18: =IF(AND(N_200>=50,Ll<50,IP>=7,IP>=0.73*(Ll-20)),"CL","") | P18: =IF(CL<>"",(IF(Retiene_N_200<30,IF(Retiene_N_200<15," - Arcilla de baja plasticidad",IF(Retiene_N_200>=15,IF(Arena>=Grava," - Arcilla de baja plasticidad con arena",IF(Arena<Grava," - Arcilla de baja plasticidad con gava","")),"")),IF(Retiene_N_200>=30,IF(Arena>=Grava,IF(Grava<15," - Arcilla de baja plasticidad arenosa",IF(Grava>=15," - Arcilla de baja plasticidad con grava","")),IF(Arena<Grava,IF(Grava<15," - Arcilla de baja plasticidad con grava",IF(Grava>=15," - Arcilla de baja plasticidad con arena","")),"")),""))),"") | Q18: =+L18&M18&N18&O18
E19: OL | F19: Limos organicos, arcillas limosas orgánicas de baja plasticidad | L19: =IF(AND(N_200>=50,Ll<50,IP>=10,IP<0.73*(Ll-20)),"OL","") | P19: =IF(OL<>"",(IF(Retiene_N_200<30,IF(Retiene_N_200<15," - Suelo orgánico",IF(Retiene_N_200>=15,IF(Arena>=Grava," - Suelo orgánico con arena",IF(Arena<Grava," - Suelo orgánico con gava","")),"")),IF(Retiene_N_200>=30,IF(Arena>=Grava,IF(Grava<15," - Suelo orgánico arenoso",IF(Grava>=15," - Suelo orgánico arenoso con grava","")),IF(Arena<Grava,IF(Grava<15," - Suelo orgánico gravoso",IF(Grava>=15," - Suelo orgánico con arena","")),"")),""))),"") | Q19: =+L19&M19&N19&O19
C20: limos y arcillas (Límite líquido wl>50 | E20: MH | F20: Limos inorganicos, suelos limosos o arenosos finos micaceos o diatomaceos, suelos elasticos. | L20: =IF(AND(N_200>=50,Ll>=50,IP>0,IP<=16),"MH","") | P20: =IF(MH<>"",(IF(Retiene_N_200<30,IF(Retiene_N_200<15," - Limo elástico",IF(Retiene_N_200>=15,IF(Arena>=Grava," - Limo elástico con arena",IF(Arena<Grava," - Limo elástico con gava","")),"")),IF(Retiene_N_200>=30,IF(Arena>=Grava,IF(Grava<15," - Limo elástico arenoso",IF(Grava>=15," - Limo elástico con grava","")),IF(Arena<Grava,IF(Grava<15," - Limo elástico gravoso",IF(Grava>=15," - Limo elástico con arena","")),"")),""))),"") | Q20: =+L20&M20&N20&O20
E21: CH | F21: Arcillas organicas de alta plasticidad, arcillas grasas. | L21: =IF(AND(N_200>=50,Ll>=50,IP>=0.73*(Ll-20)),"CH","") | P21: =IF(CH<>"",(IF(Retiene_N_200<30,IF(Retiene_N_200<15," - Arcilla de alta plasticidad",IF(Retiene_N_200>=15,IF(Arena>=Grava," - Arcilla de alta plasticidad con arena",IF(Arena<Grava," - Arcilla de alta plasticidad con gava","")),"")),IF(Retiene_N_200>=30,IF(Arena>=Grava,IF(Grava<15," - Arcilla de alta plasticidad arenosa",IF(Grava>=15," - Arcilla de alta plasticidad con grava","")),IF(Arena<Grava,IF(Grava<15," - Arcilla de alta plasticidad con grava",IF(Grava>=15," - Arcilla de alta plasticidad con arena","")),"")),""))),"") | Q21: =+L21&M21&N21&O21
E22: OH | F22: Arcillas organicas de plasticidad media a alta, limos orgánicos | L22: =IF(AND(N_200>=50,Ll>=50,IP>16,IP<0.73*(Ll-20)),"OH","") | P22: =IF(OH<>"",(IF(Retiene_N_200<30,IF(Retiene_N_200<15," - Suelo orgánico",IF(Retiene_N_200>=15,IF(Arena>=Grava," - Suelo orgánico con arena",IF(Arena<Grava," - Suelo orgánico con gava","")),"")),IF(Retiene_N_200>=30,IF(Arena>=Grava,IF(Grava<15," - Suelo orgánico arenoso",IF(Grava>=15," - Suelo orgánico arenoso con grava","")),IF(Arena<Grava,IF(Grava<15," - Suelo orgánico gravoso",IF(Grava>=15," - Suelo orgánico con arena","")),"")),""))),"") | Q22: =+L22&M22&N22&O22
C23: Suelos Altamente orgánicos | E23: Pt | F23: Turba o otros suelos altamente organicos | L23: =IF(AND(N_200>=50,IP>=0.73*(Ll-20),IP>=4,IP<7,IP<0.9*(Ll-8)),"CL-ML","") | P23: =IF(CLML<>"",(IF(Retiene_N_200<30,IF(Retiene_N_200<15," - Arcilla limosa",IF(Retiene_N_200>=15,IF(Arena>=Grava," - Arcilla limosa con arena",IF(Arena<Grava," - Arcilla limosa con gava","")),"")),IF(Retiene_N_200>=30,IF(Arena>=Grava,IF(Grava<15," - Arcilla limosa arenosa",IF(Grava>=15," - Arcilla limosa arenosa con grava","")),IF(Arena<Grava,IF(Grava<15," - Arcilla limosa con grava ",IF(Grava>=15," - Arcilla limosa, gravosa con arena","")),"")),""))),"") | Q23: =+L23&M23&N23&O23

Sheet AASHTO N° 01
B2: Tamiz | C2: Pasa | D2: Pasante | E2: Retenido | F2: Retenido | I2: Clasificación AAHSTO
B3: (mm) | C3: (%) | D3: (%) | E3: acumulado (%) | F3: parcial (%) | N3: Sistema unificado de clasificación de suelos (S.U.C.S.) | X3: D60 | Y3: D30 | Z3: D10
A4: 4" | B4: 100 | C4: ='D6913'!F24 -> 100 | D4: =IF(C4="",100,C4) -> 100 | E4: =100-D4 -> 0 | F4: =100-D4 -> 0 | I4: 40 | J4: 0 | K4: 40 | L4: =K4-30 -> 10 | X4: =IF(AND(D4=60,D5=60),((B4+B5)/2),IF(AND(D4>=60,D5<=60),FORECAST(60,B4:B5,D4:D5),"")) | Y4: =IF(AND(D4=30,D5=30),((B4+B5)/2),IF(AND(D4>=30,D5<=30),FORECAST(30,B4:B5,D4:D5),"")) | Z4: =IF(AND(D4=10,D5=10),((B4+B5)/2),IF(AND(D4>=10,D5<=10),FORECAST(10,B4:B5,D4:D5),""))
A5: 3" | B5: 80 | C5: ='D6913'!F25 -> 96.337257 | D5: =IF(C5="",100,C5) -> 96.337257 | E5: =100-D5 -> 3.6627435 | F5: =D4-D5 -> 3.6627435 | I5: 40 | J5: 70 | K5: 100 | L5: =K5-30 -> 70 | Q5: =IF(D19<50,"Suelo de partículas gruesas.","") -> Suelo de partículas gruesas. | X5: =IF(AND(D5=60,D6=60),((B5+B6)/2),IF(AND(D5>=60,D6<=60),FORECAST(60,B5:B6,D5:D6),"")) | Y5: =IF(AND(D5=30,D6=30),((B5+B6)/2),IF(AND(D5>=30,D6<=30),FORECAST(30,B5:B6,D5:D6),"")) | Z5: =IF(AND(D5=10,D6=10),((B5+B6)/2),IF(AND(D5>=10,D6<=10),FORECAST(10,B5:B6,D5:D6),""))
A6: 2 1/2" | B6: 63 | C6: ='D6913'!F26 -> 93.104579 | D6: =IF(C6="",100,C6) -> 93.104579 | E6: =100-D6 -> 6.8954208 | F6: =D5-D6 -> 3.2326774 | Q6: =IF(D19<5," Suelo limpio.","") | X6: =IF(AND(D6=60,D7=60),((B6+B7)/2),IF(AND(D6>=60,D7<=60),FORECAST(60,B6:B7,D6:D7),"")) | Y6: =IF(AND(D6=30,D7=30),((B6+B7)/2),IF(AND(D6>=30,D7<=30),FORECAST(30,B6:B7,D6:D7),"")) | Z6: =IF(AND(D6=10,D7=10),((B6+B7)/2),IF(AND(D6>=10,D7<=10),FORECAST(10,B6:B7,D6:D7),""))
A7: 2" | B7: 50 | C7: ='D6913'!F27 -> 90.28 | D7: =IF(C7="",100,C7) -> 90.28 | E7: =100-D7 -> 9.7200002 | F7: =D6-D7 -> 2.8245793 | I7: 0 | J7: 10 | Q7: =IF(AND(D19>12,D19<50)," Suelo de partículas gruesas con finos (suelo sucio).","") -> Suelo de partículas gruesas con finos (suelo sucio). | X7: =IF(AND(D7=60,D8=60),((B7+B8)/2),IF(AND(D7>=60,D8<=60),FORECAST(60,B7:B8,D7:D8),"")) | Y7: =IF(AND(D7=30,D8=30),((B7+B8)/2),IF(AND(D7>=30,D8<=30),FORECAST(30,B7:B8,D7:D8),"")) | Z7: =IF(AND(D7=10,D8=10),((B7+B8)/2),IF(AND(D7>=10,D8<=10),FORECAST(10,B7:B8,D7:D8),""))
A8: 1 1/2" | B8: 40 | C8: ='D6913'!F28 -> 86.400956 | D8: =IF(C8="",100,C8) -> 86.400956 | E8: =100-D8 -> 13.599044 | F8: =D7-D8 -> 3.8790439 | I8: 100 | J8: 10 | Q8: =IF(AND(D19>=5,D19<=12),"( Nomenclatura con símbolo doble).","") | X8: =IF(AND(D8=60,D9=60),((B8+B9)/2),IF(AND(D8>=60,D9<=60),FORECAST(60,B8:B9,D8:D9),"")) | Y8: =IF(AND(D8=30,D9=30),((B8+B9)/2),IF(AND(D8>=30,D9<=30),FORECAST(30,B8:B9,D8:D9),"")) | Z8: =IF(AND(D8=10,D9=10),((B8+B9)/2),IF(AND(D8>=10,D9<=10),FORECAST(10,B8:B9,D8:D9),""))
A9: 1" | B9: 25 | C9: ='D6913'!F29 -> 81.448014 | D9: =IF(C9="",100,C9) -> 81.448014 | E9: =100-D9 -> 18.551986 | F9: =D8-D9 -> 4.9529417 | N9: =IF(E26<50,"SI","No") -> SI | O9: =IF(E14>E19/2,"SI","No") -> No | P9: =AND(N9="SI",O9="SI") -> FALSE | Q9: =IF(P9=TRUE,"Grava","") | V9: =IF(OR(F4>0,F5>0)," con bloques","") -> con bloques | X9: =IF(AND(D9=60,D10=60),((B9+B10)/2),IF(AND(D9>=60,D10<=60),FORECAST(60,B9:B10,D9:D10),"")) | Y9: =IF(AND(D9=30,D10=30),((B9+B10)/2),IF(AND(D9>=30,D10<=30),FORECAST(30,B9:B10,D9:D10),"")) | Z9: =IF(AND(D9=10,D10=10),((B9+B10)/2),IF(AND(D9>=10,D10<=10),FORECAST(10,B9:B10,D9:D10),""))
A10: 3/4" | B10: 20 | C10: ='D6913'!F30 -> 78.326022 | D10: =IF(C10="",100,C10) -> 78.326022 | E10: =100-D10 -> 21.673978 | F10: =D9-D10 -> 3.1219924 | R10: =AND(D19<5,E30>=4,E31>=1,E31<=3) -> FALSE | S10: =AND(Q9="Grava",R10=TRUE) -> FALSE | T10: =IF(S10=TRUE," bien graduada","") | U10: =IF(T10=" bien graduada"," GW","") | X10: =IF(AND(D10=60,D11=60),((B10+B11)/2),IF(AND(D10>=60,D11<=60),FORECAST(60,B10:B11,D10:D11),"")) | Y10: =IF(AND(D10=30,D11=30),((B10+B11)/2),IF(AND(D10>=30,D11<=30),FORECAST(30,B10:B11,D10:D11),"")) | Z10: =IF(AND(D10=10,D11=10),((B10+B11)/2),IF(AND(D10>=10,D11<=10),FORECAST(10,B10:B11,D10:D11),""))
A11: 1/2" | B11: 12.5 | C11: ='D6913'!F31 -> 72.830639 | D11: =IF(C11="",100,C11) -> 72.830639 | E11: =100-D11 -> 27.169361 | F11: =D10-D11 -> 5.4953826 | R11: =AND(D19<5,OR(E30<4,E31<1,E31>3)) -> FALSE | S11: =AND(Q9="Grava",R11=TRUE) -> FALSE | T11: =IF(S11=TRUE," mal graduada","") | U11: =IF(T11=" mal graduada"," GP","") | X11: =IF(AND(D11=60,D12=60),((B11+B12)/2),IF(AND(D11>=60,D12<=60),FORECAST(60,B11:B12,D11:D12),"")) | Y11: =IF(AND(D11=30,D12=30),((B11+B12)/2),IF(AND(D11>=30,D12<=30),FORECAST(30,B11:B12,D11:D12),"")) | Z11: =IF(AND(D11=10,D12=10),((B11+B12)/2),IF(AND(D11>=10,D12<=10),FORECAST(10,B11:B12,D11:D12),""))
A12: 3/8" | B12: 10 | C12: ='D6913'!F32 -> 70.05591 | D12: =IF(C12="",100,C12) -> 70.05591 | E12: =100-D12 -> 29.94409 | F12: =D11-D12 -> 2.7747288 | R12: =AND(D19>12,OR(AND(C21<=30,C23>7),AND(C21>30,C23>(0.73*(C21-20))))) -> FALSE | S12: =AND(Q9="Grava",R12=TRUE) -> FALSE | T12: =IF(S12=TRUE," arcillosa","") | U12: =IF(T12=" arcillosa"," GC","") | X12: =IF(AND(D12=60,D13=60),((B12+B13)/2),IF(AND(D12>=60,D13<=60),FORECAST(60,B12:B13,D12:D13),"")) | Y12: =IF(AND(D12=30,D13=30),((B12+B13)/2),IF(AND(D12>=30,D13<=30),FORECAST(30,B12:B13,D12:D13),"")) | Z12: =IF(AND(D12=10,D13=10),((B12+B13)/2),IF(AND(D12>=10,D13<=10),FORECAST(10,B12:B13,D12:D13),""))
A13: 1/4" | B13: 6.3 | C13: ='D6913'!F33 -> 65.444318 | D13: =IF(C13="",100,C13) -> 65.444318 | E13: =100-D13 -> 34.555682 | F13: =D12-D13 -> 4.6115926 | R13: =AND(D19>12,OR(C23<4,C23<(0.73*(C21-20)))) -> TRUE | S13: =AND(Q9="Grava",R13=TRUE) -> FALSE | T13: =IF(S13=TRUE," limosa","") | U13: =IF(T13=" limosa"," GM","") | X13: =IF(AND(D13=60,D14=60),((B13+B14)/2),IF(AND(D13>=60,D14<=60),FORECAST(60,B13:B14,D13:D14),"")) | Y13: =IF(AND(D13=30,D14=30),((B13+B14)/2),IF(AND(D13>=30,D14<=30),FORECAST(30,B13:B14,D13:D14),"")) | Z13: =IF(AND(D13=10,D14=10),((B13+B14)/2),IF(AND(D13>=10,D14<=10),FORECAST(10,B13:B14,D13:D14),""))
A14: N° 4 | B14: 5 | C14: ='D6913'!F34 -> 62.475257 | D14: =IF(C14="",100,C14) -> 62.475257 | E14: =100-D14 -> 37.524743 | F14: =D13-D14 -> 2.9690612 | R14: =AND(D19>12,C23>(0.73*(C21-20)),C23>=4,C23<=7) -> FALSE | S14: =AND(Q9="Grava",R14=TRUE) -> FALSE | T14: =IF(S14=TRUE," arcilloso-limosa","") | U14: =IF(T14=" arcilloso-limosa"," GC-GM","") | X14: =IF(AND(D14=60,D15=60),((B14+B15)/2),IF(AND(D14>=60,D15<=60),FORECAST(60,B14:B15,D14:D15),"")) -> 4.2500873 | Y14: =IF(AND(D14=30,D15=30),((B14+B15)/2),IF(AND(D14>=30,D15<=30),FORECAST(30,B14:B15,D14:D15),"")) | Z14: =IF(AND(D14=10,D15=10),((B14+B15)/2),IF(AND(D14>=10,D15<=10),FORECAST(10,B14:B15,D14:D15),""))
A15: N° 10 | B15: 2 | C15: ='D6913'!F36 -> 52.573078 | D15: =IF(C15="",100,C15) -> 52.573078 | E15: =100-D15 -> 47.426922 | F15: =D14-D15 -> 9.9021789 | R15: =AND(D19>=5,D19<=12,E30>=4,E31>=1,E31<=3) -> FALSE | S15: =AND(Q9="Grava",R15=TRUE) -> FALSE | T15: =IF(S15=TRUE," bien graduada","") | U15: =IF(T15=" bien graduada"," GW","") | X15: =IF(AND(D15=60,D16=60),((B15+B16)/2),IF(AND(D15>=60,D16<=60),FORECAST(60,B15:B16,D15:D16),"")) | Y15: =IF(AND(D15=30,D16=30),((B15+B16)/2),IF(AND(D15>=30,D16<=30),FORECAST(30,B15:B16,D15:D16),"")) | Z15: =IF(AND(D15=10,D16=10),((B15+B16)/2),IF(AND(D15>=10,D16<=10),FORECAST(10,B15:B16,D15:D16),""))
A16: N° 16 | B16: 1.25 | C16: ='D6913'!F37 -> 43.726901 | D16: =IF(C16="",100,C16) -> 43.726901 | E16: =100-D16 -> 56.273099 | F16: =D15-D16 -> 8.8461773 | R16: =AND(D19>=5,D19<=12,OR(E30<4,E31<1,E31>3)) -> FALSE | S16: =AND(Q9="Grava",R16=TRUE) -> FALSE | T16: =IF(S16=TRUE," mal graduada","") | U16: =IF(T16=" mal graduada"," GP","") | X16: =IF(AND(D16=60,D17=60),((B16+B17)/2),IF(AND(D16>=60,D17<=60),FORECAST(60,B16:B17,D16:D17),"")) | Y16: =IF(AND(D16=30,D17=30),((B16+B17)/2),IF(AND(D16>=30,D17<=30),FORECAST(30,B16:B17,D16:D17),"")) -> 0.42955569 | Z16: =IF(AND(D16=10,D17=10),((B16+B17)/2),IF(AND(D16>=10,D17<=10),FORECAST(10,B16:B17,D16:D17),""))
A17: N° 40 | B17: 0.4 | C17: ='D6913'!F40 -> 29.505502 | D17: =IF(C17="",100,C17) -> 29.505502 | E17: =100-D17 -> 70.494498 | F17: =D16-D17 -> 14.221398 | R17: =AND(D19>=5,D19<=12,OR(AND(C21<=30,C23>7),AND(C21>30,C23>(0.73*(C21-20))))) -> FALSE | S17: =AND(Q9="Grava",R17=TRUE) -> FALSE | T17: =IF(S17=TRUE," con arcilla","") | U17: =IF(T17=" con arcilla"," GC","") | X17: =IF(AND(D17=60,D18=60),((B17+B18)/2),IF(AND(D17>=60,D18<=60),FORECAST(60,B17:B18,D17:D18),"")) | Y17: =IF(AND(D17=30,D18=30),((B17+B18)/2),IF(AND(D17>=30,D18<=30),FORECAST(30,B17:B18,D17:D18),"")) | Z17: =IF(AND(D17=10,D18=10),((B17+B18)/2),IF(AND(D17>=10,D18<=10),FORECAST(10,B17:B18,D17:D18),""))
A18: N° 100 | B18: 0.16 | C18: ='D6913'!F44 -> 21.066145 | D18: =IF(C18="",100,C18) -> 21.066145 | E18: =100-D18 -> 78.933855 | F18: =D17-D18 -> 8.439357 | R18: =AND(D19>=5,D19<=12,OR(C23<4,C23<(0.73*(C21-20)))) -> FALSE | S18: =AND(Q9="Grava",R18=TRUE) -> FALSE | T18: =IF(S18=TRUE," con limo","") | U18: =IF(T18=" con limo"," GM","") | X18: =IF(AND(D18=60,D19=60),((B18+B19)/2),IF(AND(D18>=60,D19<=60),FORECAST(60,B18:B19,D18:D19),"")) | Y18: =IF(AND(D18=30,D19=30),((B18+B19)/2),IF(AND(D18>=30,D19<=30),FORECAST(30,B18:B19,D18:D19),"")) | Z18: =IF(AND(D18=10,D19=10),((B18+B19)/2),IF(AND(D18>=10,D19<=10),FORECAST(10,B18:B19,D18:D19),""))
A19: N° 200 | B19: 0.08 | C19: ='D6913'!F46 -> 17.326861 | D19: =IF(C19="",100,C19) -> 17.326861 | E19: =100-D19 -> 82.673139 | F19: =D18-D19 -> 3.7392843 | R19: =AND(D19>=5,D19<=12,C23>(0.73*(C21-20)),C23>=4,C23<=7) -> FALSE | S19: =AND(Q9="Grava",R19=TRUE) -> FALSE | T19: =IF(S19=TRUE," con arcilla y limo","") | U19: =IF(T19=" con arcilla y limo"," GC","") | X19: =AVERAGE(X4:X18) -> 4.2500873 | Y19: =AVERAGE(Y4:Y18) -> 0.42955569 | Z19: =AVERAGE(Z4:Z18) -> #DIV/0!
S20: =AND(Q9="Grava",(F15+F16+F17+F18+F19)>15) -> FALSE | T20: =IF(S20=TRUE," con arena","") | X20: =ISNUMBER(X19) -> TRUE | Y20: =ISNUMBER(Y19) -> TRUE | Z20: =ISNUMBER(Z19) -> FALSE
B21: Límite líquido LL | C21: =IF('D6913'!K34="NP",0,'D6913'!K34) -> 0 | D21: % | N21: =IF(E26<50,"SI","No") -> SI | O21: =IF(E14<E19/2,"SI","No") -> SI | P21: =AND(N21="SI",O21="SI") -> TRUE | Q21: =IF(P21=TRUE,"Arena","") -> Arena
B22: Límite plastico LP | C22: =IF('D6913'!K35="NP",0,'D6913'!K35) -> 0 | D22: % | R22: =AND(D19<5,E30>=6,E31>=1,E31<=3) -> FALSE | S22: =AND(Q21="Arena",R22=TRUE) -> FALSE | T22: =IF(AND(S22=TRUE,D19<=12,D19<50)," bien graduada","") | U22: =IF(T22=" bien graduada"," SW","")
B23: Índice plasticidad IP | C23: =C21-C22 -> 0 | D23: % | R23: =AND(D19<5,OR(E30<6,E31<1,E31>3)) -> FALSE | S23: =AND(Q21="Arena",R23=TRUE) -> FALSE | T23: =IF(AND(S23=TRUE,D19<=12,D19<50)," mal graduada","") | U23: =IF(T23=" mal graduada"," SP","")
I24: =IF(AND(C4="",C5="",C6="",C7="",C8="",C9="",C10="",C11="",C12="",C13="",C14="",C15="",C16="",C17="",C18="",C19=""),"",N63) -> Material granular | R24: =AND(D19>12,OR(AND(C21<=30,C23>7),AND(C21>30,C23>(0.73*(C21-20))))) -> FALSE | S24: =AND(Q21="Arena",R24=TRUE) -> FALSE | T24: =IF(AND(S24=TRUE,D19>12,D19<50)," arcillosa","") | U24: =IF(T24=" arcillosa"," SC","")
B25: Pasa tamiz Nº 4 (5mm): | E25: =D14 -> 62.475257 | F25: % | I25: =IF(AND(C4="",C5="",C6="",C7="",C8="",C9="",C10="",C11="",C12="",C13="",C14="",C15="",C16="",C17="",C18="",C19=""),"",N64) -> Excelente a bueno como subgrado | R25: =AND(D19>12,OR(C23<4,C23<(0.73*(C21-20)))) -> TRUE | S25: =AND(Q21="Arena",R25=TRUE) -> TRUE | T25: =IF(AND(S25=TRUE,D19>12,D19<50)," limosa","") -> limosa | U25: =IF(T25=" limosa"," SM","") -> SM
B26: Pasa tamiz Nº 200 (0,080 mm): | E26: =D19 -> 17.326861 | F26: % | I26: =IF(AND(C4="",C5="",C6="",C7="",C8="",C9="",C10="",C11="",C12="",C13="",C14="",C15="",C16="",C17="",C18="",C19=""),"",P65) -> A-1-b Fragmentos de roca, grava y arena | R26: =AND(D19>12,C23>(0.73*(C21-20)),C23>=4,C23<=7) -> FALSE | S26: =AND(Q21="Arena",R26=TRUE) -> FALSE | T26: =IF(AND(S26=TRUE,D19>12,D19<50)," arcilloso-limosa","") | U26: =IF(T26=" arcilloso-limosa"," SC-SM","")
B27: D60: | E27: =IF(X20=TRUE,X19,"") -> 4.2500873 | F27: mm | L27: =IF(OR(P53="A-2-6",P54="A-2-7"),IF(C23="","",ROUND(0.01*(D19-15)*(C23-10),0)),IF(C23="","",ROUND((D19-35)*(0.2+0.005*(C21-40))+0.01*(D19-15)*(C23-10),0))) -> 0 | R27: =AND(D19>=5,D19<=12,E30>=4,E31>=1,E31<=3) -> FALSE | S27: =AND(Q21="Arena",R27=TRUE) -> FALSE | T27: =IF(S27=TRUE," bien graduada","") | U27: =IF(T27=" bien graduada"," SW","")
B28: D30: | E28: =IF(Y20=TRUE,Y19,"") -> 0.42955569 | F28: mm | I28: Valor del índice de grupo (IG): | L28: =IF(AND(C21=0,C22=0),"",IF(L27<0,0,L27)) | R28: =AND(D19>=5,D19<=12,OR(E30<4,E31<1,E31>3)) -> FALSE | S28: =AND(Q21="Arena",R28=TRUE) -> FALSE | T28: =IF(S28=TRUE," mal graduada","") | U28: =IF(T28=" mal graduada"," SP","")
B29: D10 (diámetro efectivo): | E29: =IF(Z20=TRUE,Z19,"") | F29: mm | R29: =AND(D19>=5,D19<=12,OR(AND(C21<=30,C23>7),AND(C21>30,C23>(0.73*(C21-20))))) -> FALSE | S29: =AND(Q21="Arena",R29=TRUE) -> FALSE | T29: =IF(S29=TRUE," con arcilla","") | U29: =IF(T29=" con arcilla"," SC","")
B30: Coeficiente de uniformidad (Cu): | E30: =IF(OR(E27="",E28="",E29=""),"",E27/E29) | R30: =AND(D19>=5,D19<=12,OR(C23<4,C23<(0.73*(C21-20)))) -> FALSE | S30: =AND(Q21="Arena",R30=TRUE) -> FALSE | T30: =IF(S30=TRUE," con limo","") | U30: =IF(T30=" con limo"," SM","")
B31: Grado de curvatura (Cc): | E31: =IF(OR(E27="",E28="",E29=""),"",(E28*E28)/(E29*E27)) | R31: =AND(D19>=5,D19<=12,C23>(0.73*(C21-20)),C23>=4,C23<=7) -> FALSE | S31: =AND(Q21="Arena",R31=TRUE) -> FALSE | T31: =IF(S31=TRUE," con arcilla y limo","") | U31: =IF(T31=" con arcilla y limo"," SC","")
S32: =AND(Q21="Arena",(F4+F5+F6+F7+F8+F9+F10+F11+F12+F13+F14)>15) -> TRUE | T32: =IF(S32=TRUE," con grava","") -> con grava
Q34: =IF(D19>=50,"Suelo de partículas finas.","")
N35: =IF(E26>=50,"SI","No") -> No | R35: =AND(C23>(0.73*(C21-20)),C23>7,C21<30) -> FALSE | S35: =AND(N35="SI",R35=TRUE) -> FALSE | T35: =IF(S35=TRUE,"Arcilla baja plasticidad","") | U35: =IF(T35="Arcilla baja plasticidad"," CL","") | V35: =IF(AND(D19>=50,E19<30,E19>15,(F4+F5+F6+F7+F8+F9+F10+F11+F12+F13+F14)<=(F15+F16+F17+F18+F19))," con arena","")
R36: =AND(C23>(0.73*(C21-20)),C23>4,C21>=50) -> FALSE | S36: =AND(N35="SI",R36=TRUE) -> FALSE | T36: =IF(S36=TRUE,"Arcilla alta plasticidad","") | U36: =IF(T36="Arcilla alta plasticidad"," CH","") | V36: =IF(AND(D19>=50,E19<30,E19>15,(F4+F5+F6+F7+F8+F9+F10+F11+F12+F13+F14)>(F15+F16+F17+F18+F19))," con grava","")
R37: =AND(C23>=(0.73*(C21-20)),C23>=4,C23<=7) -> FALSE | S37: =AND(N35="SI",R37=TRUE) -> FALSE | T37: =IF(S37=TRUE,"Arcilla limosa","") | U37: =IF(T37="Arcilla limosa"," CL-ML","") | V37: =IF(AND(D19>=50,E19>=30,(F4+F5+F6+F7+F8+F9+F10+F11+F12+F13+F14)<=(F15+F16+F17+F18+F19),OR(T35="Arcilla baja plasticidad",T36="Arcilla alta plasticidad",T37="Arcilla limosa",T40="Arcilla media plasticidad"))," arenosa","")
R38: =AND(OR(C23<(0.73*(C21-20)),C23<4),C21<30) -> TRUE | S38: =AND(N35="SI",R38=TRUE) -> FALSE | T38: =IF(S38=TRUE,"Limo baja plasticidad","") | U38: =IF(T38="Limo baja plasticidad"," ML","") | V38: =IF(AND(D19>=50,E19>=30,(F4+F5+F6+F7+F8+F9+F10+F11+F12+F13+F14)>(F15+F16+F17+F18+F19),OR(T35="Arcilla baja plasticidad",T36="Arcilla alta plasticidad",T37="Arcilla limosa",T40="Arcilla media plasticidad"))," gravosa","")
R39: =AND(OR(C23<(0.73*(C21-20)),C23<4),C21>=50) -> FALSE | S39: =AND(N35="SI",R39=TRUE) -> FALSE | T39: =IF(S39=TRUE,"Limo alta plasticidad","") | U39: =IF(T39="Limo alta plasticidad"," MH","") | V39: =IF(AND(D19>=50,E19>=30,(F4+F5+F6+F7+F8+F9+F10+F11+F12+F13+F14)<=(F15+F16+F17+F18+F19),OR(T38="Limo baja plasticidad",T39="Limo alta plasticidad",T41="Limo baja plasticidad"))," arenoso","")
R40: =AND(C23>(0.73*(C21-20)),C23>7,AND(C21>=30,C21<50)) -> FALSE | S40: =AND(N35="SI",R40=TRUE) -> FALSE | T40: =IF(S40=TRUE,"Arcilla media plasticidad","") | U40: =IF(T40="Arcilla media plasticidad"," CL","") | V40: =IF(AND(D19>=50,E19>=30,(F4+F5+F6+F7+F8+F9+F10+F11+F12+F13+F14)>(F15+F16+F17+F18+F19),OR(T38="Limo baja plasticidad",T39="Limo alta plasticidad",T41="Limo baja plasticidad"))," gravoso","")
R41: =AND(OR(C23<(0.73*(C21-20)),C23<4),AND(C21>30,C21<50)) -> FALSE | S41: =AND(N35="SI",R41=TRUE) -> FALSE | T41: =IF(S41=TRUE,"Limo baja plasticidad","") | U41: =IF(T41="Limo baja plasticidad"," ML","")
N42: =CONCATENATE(Q5,Q6,Q7,Q8,Q34) -> Suelo de partículas gruesas. Suelo de partículas gruesas con finos (suelo sucio).
N43: =CONCATENATE(Q9,Q21) -> Arena | O43: =CONCATENATE(T10,T11,T12,T13,T14,T15,T16,T17,T18,T19,T20,T22,T23,T24,T25,T26,T27,T28,T29,T30,T31,T32,T35,T36,T37,T38,T39,T40,T41) -> limosa con grava | P43: =CONCATENATE(V35,V36,V37,V38,V39,V40,V9) -> con bloques | Q43: =CONCATENATE(U10,U11,U12,U13,U14,U15,U16,U17,U18,U19,U22,U23,U24,U25,U26,U27,U28,U29,U30,U31,U35,U36,U37,U38,U39,U40,U41) -> SM | R43: =CONCATENATE(N43,O43,P43,Q43) -> Arena limosa con grava con bloques SM
N45: Clasificación AAHSTO
N46: =IF(ROUND(D19,0)<=35,"Material granular","") -> Material granular
N47: =IF(N46="Material granular","Excelente a bueno como subgrado","") -> Excelente a bueno como subgrado
P48: =IF(AND(ROUND(D19,0)<=35,ROUND(D15,0)<=50,ROUND(D17,0)<=30,ROUND(D19,0)<=15,ROUND(C23,0)<=6),"A-1-a","") | Q48: =IF(P48="A-1-a"," Fragmentos de roca, grava y arena","")
P49: =IF(AND(ROUND(D19,0)<=35,ROUND(D17,0)<=50,ROUND(D19,0)<=25,ROUND(C23,0)<=6,P48=""),"A-1-b","") -> A-1-b | Q49: =IF(P49="A-1-b"," Fragmentos de roca, grava y arena","") -> Fragmentos de roca, grava y arena
P50: =IF(AND(ROUND(D19,0)<=35,ROUND(D17,0)>=51,ROUND(D19,0)<=10,OR(ROUND(C23,0)=0,ROUND(C23,0)=""),P48="",P49=""),"A-3","") | Q50: =IF(P50="A-3"," Arena fina","")
P51: =IF(AND(ROUND(D19,0)<=35,ROUND(C21,0)<=40,ROUND(C23,0)<=10,P48="",P49="",P50=""),"A-2-4","") | Q51: =IF(P51="A-2-4"," Grava y arena arcillosa o limosa","")
P52: =IF(AND(ROUND(D19,0)<=35,ROUND(C21,0)>=41,ROUND(C23,0)<=10,P48="",P49="",P50="",P51=""),"A-2-5","") | Q52: =IF(P52="A-2-5"," Grava y arena arcillosa o limosa","")
P53: =IF(AND(ROUND(D19,0)<=35,ROUND(C21,0)<=40,ROUND(C23,0)>=11,P48="",P49="",P50="",P51="",P52=""),"A-2-6","") | Q53: =IF(P53="A-2-6"," Grava y arena arcillosa o limosa","")
P54: =IF(AND(ROUND(D19,0)<=35,ROUND(C21,0)>=41,ROUND(C23,0)>=11,P48="",P49="",P50="",P51="",P52="",P53=""),"A-2-7","") | Q54: =IF(P54="A-2-7"," Grava y arena arcillosa o limosa","")
N55: =IF(ROUND(D19,0)>35,"Material limoso-arenoso","")
N56: =IF(N55="Material limoso-arenoso","Pobre a malo como subgrado","")
B57: =0.9*(D57-8) -> -7.2 | D57: 0 | P57: =IF(AND(ROUND(D19,0)>=36,ROUND(C21,0)<=40,ROUND(C23,0)<=10),"A-4","") | Q57: =IF(P57="A-4"," Suelo limoso","")
B58: =0.9*(D58-8) -> 15.732 | D58: 25.48 | E58: =IF(0.73*(D58-20)<0,0,0.73*(D58-20)) -> 4.0004 | P58: =IF(AND(ROUND(D19,0)>=36,ROUND(C21,0)>=41,ROUND(C23,0)<=10,P57=""),"A-5","") | Q58: =IF(P58="A-5"," Suelo limoso","")
B59: =0.9*(D59-8) -> 82.8 | D59: 100 | E59: =IF(0.73*(D59-20)<0,0,0.73*(D59-20)) -> 58.4 | P59: =IF(AND(ROUND(D19,0)>=36,ROUND(C21,0)<=40,ROUND(C23,0)>=11,P57="",P58=""),"A-6","") | Q59: =IF(P59="A-6"," Suelo arcilloso","")
P60: =IF(AND(ROUND(D19,0)>=36,ROUND(C21,0)>=41,ROUND(C23,0)>=11,ROUND(C23,0)<=(ROUND(C21,0)-30),P57="",P58="",P59=""),"A-7-5","") | Q60: =IF(P60="A-7-5"," Suelo arcilloso","")
B61: 50 | D61: 0 | E61: 4 | F61: 10 | P61: =IF(AND(ROUND(D19,0)>=36,ROUND(C21,0)>=41,ROUND(C23,0)>=11,ROUND(C23,0)>(ROUND(C21,0)-30),P57="",P58="",P59="",P60=""),"A-7-6","") | Q61: =IF(P61="A-7-6"," Suelo arcilloso","")
B62: 50 | D62: 60 | E62: 4 | F62: 25 | P62: =IF(AND(ROUND(D19,0)>=36,ROUND(C21,0)>=41,ROUND(C23,0)>=11,P57="",P58="",P59="",P60="",P61=""),"A-7","") | Q62: =IF(P62="A-7"," Suelo arcilloso","")
N63: =CONCATENATE(N46,N55) -> Material granular
B64: 30 | D64: 8 | E64: 20 | F64: =IF(#REF!<0,0,#REF!) -> #REF! | N64: =CONCATENATE(N47,N56) -> Excelente a bueno como subgrado
B65: 30 | D65: 20 | E65: 25.48 | F65: 4 | N65: =CONCATENATE(P48,P49,P50,P51,P52,P53,P54,P55,P56,P57,P58,P59,P60,P61,P62) -> A-1-b | O65: =CONCATENATE(Q48,Q49,Q50,Q51,Q52,Q53,Q54,Q55,Q56,Q57,Q58,Q59,Q60,Q61,Q62) -> Fragmentos de roca, grava y arena | P65: =CONCATENATE(N65,O65) -> A-1-b Fragmentos de roca, grava y arena
B67: 7 | D67: 10
B68: 7 | D68: 30
B72: Sistema unificado de clasificación de suelos (S.U.C.S.)
B73: =IF(AND(C4="",C5="",C6="",C7="",C8="",C9="",C10="",C11="",C12="",C13="",C14="",C15="",C16="",C17="",C18="",C19=""),"",N42) -> Suelo de partículas gruesas. Suelo de partículas gruesas con finos (suelo sucio).
B74: =IF(AND(C4="",C5="",C6="",C7="",C8="",C9="",C10="",C11="",C12="",C13="",C14="",C15="",C16="",C17="",C18="",C19=""),"",R43) -> Arena limosa con grava con bloques SM

Sheet AASHTO N° 02
U1: 0 | V1: 0
A2: LABORATORIO | U2: 10 | V2: 10
A3: CLASIFICACION DE SUELOS Y MEZCLA DE SUELO - AGREGADO | O3: Datos deL Ensayo : | U3: =10+U2 -> 20 | V3: =10+V2 -> 20
A4: ASTM D 3282-94 | O4: Granulometria | Q4: Determinación de Suelo: | T4: =+IF('AASHTO N° 02'!P8<=35,"Suelo Granular","Suelo Fino") -> Suelo Granular | U4: =10+U3 -> 30 | V4: =10+V3 -> 30
O5: Tamiz | P5: % Que pasa | Q5: Determinación de Grupo (Granulares): | T5: =+IF(T4="Suelo Granular",IF(AND('AASHTO N° 02'!P6<=50,'AASHTO N° 02'!P7<=30,'AASHTO N° 02'!P8<=15,'AASHTO N° 02'!P11<=6),"A-1-a",IF(AND('AASHTO N° 02'!P7<=50,'AASHTO N° 02'!P8<=25,'AASHTO N° 02'!P11<=6),"A-1-b",IF(AND('AASHTO N° 02'!P7>=51,'AASHTO N° 02'!P8<=10),"A-3",IF('AASHTO N° 02'!P8<=35.4,"A-2","Suelo fino - ver Determinación de Grupos Ffinos")))),"--------") -> A-2 | U5: =10+U4 -> 40 | V5: =10+V4 -> 40
A6: TABLA 2 Clasificación de Suelos y mezclas de Suelo-Agregado | O6: Nº10 (2.0 mm) | P6: ='D6913'!F36 -> 52.573078 | Q6: Determinación de Grupo (Finos): | T6: =+IF(T4="Suelo Fino",IF(AND('AASHTO N° 02'!P10<=40.4,'AASHTO N° 02'!P11<=10.4),"A-4",IF(AND('AASHTO N° 02'!P10>=40.5,'AASHTO N° 02'!P11<=10.4),"A-5",IF(AND('AASHTO N° 02'!P10<=40.4,'AASHTO N° 02'!P11>=10.5),"A-6",IF(AND('AASHTO N° 02'!P10>=40.5,'AASHTO N° 02'!P11>=10.5),"A-7","")))),"--------") -> -------- | U6: =10+U5 -> 50 | V6: =10+V5 -> 50
O7: Nº40 (0.425 mm) | P7: ='D6913'!F40 -> 29.505502 | Q7: Determinación de Subgrupo (A-2): | T7: =+IF(T4="Suelo Granular",IF(AND('AASHTO N° 02'!P10<=40.4,'AASHTO N° 02'!P11<=10.4),"A-2-4",IF(AND('AASHTO N° 02'!P10>=40.5,'AASHTO N° 02'!P11<=10.4),"A-2-5",IF(AND('AASHTO N° 02'!P10<=40.4,'AASHTO N° 02'!P11>=10.5),"A-2-6",IF(AND('AASHTO N° 02'!P10>=40.5,'AASHTO N° 02'!P11>=10.5),"A-2-7","")))),"--------") -> A-2-6 | U7: =10+U6 -> 60 | V7: =10+V6 -> 60
A8: CLASIFICACION | B8: Materiales Granulares | I8: Materiales Limosos - Arcillosos | M8: Suelos | O8: Nº200 (0.075 mm) | P8: ='D6913'!F46 -> 17.326861 | Q8: Determinación de Subgrupo (A-7): | T8: =+IF(T6="A-7",IF('AASHTO N° 02'!P11<=('AASHTO N° 02'!P10-30),"A-7-5","A-7-6"),"--------") -> -------- | U8: =10+U7 -> 70 | V8: =10+V7 -> 70
A9: GENERAL | B9: ( 35% o menos del total pasa N° 200 ) | I9: ( M as del 35% del total pasa N° 200 ) | M9: Orgánicos | O9: LIMITES | Q9: Determinación de Indice de Grupo: | T9: =+ROUND(IF(OR(T7="A-2-6",T7="A-2-7"),('AASHTO N° 02'!P8-15)*('AASHTO N° 02'!P11-10)*0.01,('AASHTO N° 02'!P8-35)*(0.2+0.005*('AASHTO N° 02'!P10-40))+('AASHTO N° 02'!P8-15)*('AASHTO N° 02'!P11-10)*0.01),0) -> 0 | V9: =10+V8 -> 80
A10: Clasificación | B10: A - 1 | D10: A - 3 | E10: A - 2 | I10: A - 4 | J10: A - 5 | K10: A - 6 | L10: A - 7 | M10: A - 8 | O10: Liquido | P10: =IF('D4318'!F59="NP",0,'D4318'!F59) -> 31 | T10: =IF(T9<0,0,T9) -> 0 | V10: =10+V9 -> 90
A11: de | B11: A - 1 - a | C11: A - 1 - b | E11: A - 2 - 4 | F11: A - 2 - 5 | G11: A - 2 - 6 | H11: A - 2 - 7 | L11: A - 7 - 5 | O11: Indice Plástico | P11: =IF('D4318'!F61="NP",0,'D4318'!F61) -> 11.61521 | V11: =10+V10 -> 100
A12: Grupo | L12: A - 7 - 6 | O12: El Suelo es : | P12: =+IF(AND(T5<>"--------",T5<>"A-2"),IF(T10>0,CONCATENATE(T5,"(",T10,")"),CONCATENATE(T5,"(0)")),IF(T5="A-2",CONCATENATE(T7,"(",T10,")"),IF(T6<>"A-7",CONCATENATE(T6,"(",T10,")"),IF(T6="A-7",CONCATENATE(T8,"(",T10,")",""))))) -> A-2-6(0)
A13: Granulometría
A14: % que pasa | M14: Inspec.
A15: N° 10 | B15: 50 máx. | C15: . . . | D15: . . . | E15: . . . | F15: . . . | G15: . . . | H15: . . . | I15: . . . | J15: . . . | K15: . . . | L15: . . . | M15: Visual:
A16: N° 40 | B16: 30 máx. | C16: 50 máx. | D16: 51 mín | E16: . . . | F16: . . . | G16: . . . | H16: . . . | I16: . . . | J16: . . . | K16: . . . | L16: . . . | M16: Materia
A17: N° 200 | B17: 15 máx. | C17: 25 máx. | D17: 10 máx. | E17: 35 máx. | F17: 35 máx. | G17: 35 máx. | H17: 35 máx. | I17: 36 mín | J17: 36 mín | K17: 36 mín | L17: 36 mín | M17: Orgánica,
A18: Límite Líquido | B18: . . . | D18: . . . | E18: 40 máx | F18: 41 mín | G18: 40 máx | H18: 41 mín | I18: 40 máx | J18: 41 mín | K18: 40 máx | L18: 41 mín | M18: Color ne -
A19: Indice Plástico | B19: 6 máx. | D19: NP | E19: 10 máx. | F19: 10 máx. | G19: 11 mín | H19: 11 mín | I19: 10 máx. | J19: 10 máx. | K19: 11 mín | L19: 11 mín * | M19: gro, Olor.
A20: Material | B20: Fragmentos de | D20: Arena | E20: Grava y Arena | I20: Suelos | K20: Suelos | M20: Turba o
A21: Constituyente | B21: piedra y Arena | D21: Fina | E21: Limoso o Arcilloso | I21: Limosos | K21: Arcillosos | M21: Estiércol
A22: Evaluación | B22: Excelente a Bueno | I22: Bueno a pobre | M22: Malo
A23: General
A24: * Ver gráfico; ( El indice plástico del sub-grupo A-7-5 es igual o menor que LL - 30. El índice plástico del sub-grupo A-7-6 es mayor que LL - 30 )
A25: Calcular ei índice de Grupo con la fórmula empirica : ( F - 35 ) [ 0,2 + 0,005 ( LL - 40 ) ] + 0,01 ( F - 15 ) ( IP - 10 )
I61: C:\ZUMARAN\SUELOS\431 Clasificación de Suelos AASHTO.

Sheet D6913
B1: SOCIEDAD MINERA CERRO VERDE S.A.A. | J1: ID del Documento: | L1: QC-C-023 | O1: Clasificación (AASHTO) : | Q1: =AB11 -> A-2-6(0) | T1: Cu: | V1: =+J144 -> 192.23469
B2: ASEGURAMIENTO DE CALIDAD | J2: Revisión: | L2: 3 | O2: Indice de Grupo : | Q2: =AC10 | T2: Cc: | V2: =+L144 -> 2.7454764 | Y2: Gravedad Especifica SSS (gr/cm3): | AA2: =#REF! -> #REF!
B3: ANÁLISIS GRANULOMÉTRICO POR TAMIZADO | J3: Fecha: | L3: 45658
J4: Especialidad: | L4: Civil | O4: Carta de Plasticidad | U4: Clasificación AAHSTO | Z4: Resultados de la Clasificacion SUCS / AAHSTO
A5: PROYECTO: | C5: TL SADDLE DAM SD1, SD2, SD4, SD5 | H5: N° SISTEMA: | J5: CAP22027-C2-4000-0505 | O5: =0.9*(Q5-8) -> -7.2 | Q5: 0 | Z5: CLASIFICACIÓN | AD5: NOMBRE DEL GRUPO
A6: PRODUCTO ENTREGABLE: | C6: RELLENO DE MATERIAL DE NÚCLEO | H6: CÓDIGO FACILIDAD: | J6: CAP22027-C2-4000-0505-02/02 | O6: =0.9*(Q6-8) -> 15.732 | Q6: 25.48 | R6: =IF(0.73*(Q6-20)<0,0,0.73*(Q6-20)) -> 4.0004 | U6: 40 | V6: 0 | W6: 40 | X6: =W6-30 -> 10 | Z6: SUCS N° 01 | AB6: ='SUCS N° 01'!P43 -> SM | AD6: ='SUCS N° 01'!R43 -> Arena limosa con grava
A7: CONTRATISTA: | C7: SGS DEL PERÚ S.A.C. | H7: FECHA: | J7: =K12 -> 46122 | O7: =0.9*(Q7-8) -> 82.8 | Q7: 100 | R7: =IF(0.73*(Q7-20)<0,0,0.73*(Q7-20)) -> 58.4 | U7: 40 | V7: 70 | W7: 100 | X7: =W7-30 -> 70 | Z7: SUCS N° 02 | AB7: ='SUCS N° 02'!E107 -> SC | AD7: ='SUCS N° 02'!F107 -> Arena arcillosa con grava
A8: ESPECIFICACIÓN: | C8: CAP220271490000-C2-4000-10-CS-112_0 | H8: N° REGISTRO: | J8: C-Z3-GR-025 | O8: 50 | Q8: 0 | R8: 4 | S8: 10 | Z8: SUCS N° 03 | AB8: ='SUCS N° 03'!G4 -> SC | AD8: ='SUCS N° 03'!G5 -> - Arena Arcillosa con grava
A9: PLANOS: | H9: PÁGINA: | J9: 1 | K9: DE | L9: 1 | O9: 50 | Q9: 60 | R9: 4 | S9: 25 | U9: 0 | V9: 10
O10: 30 | Q10: 8 | R10: 20 | S10: =IF(#REF!<0,0,#REF!) -> #REF! | U10: 100 | V10: 10 | Z10: AAHSTO N° 01 | AB10: ='AASHTO N° 01'!N65 -> A-1-b | AC10: ='AASHTO N° 01'!L28 | AD10: ='AASHTO N° 01'!O65 -> Fragmentos de roca, grava y arena | AK10: ='AASHTO N° 01'!N63 -> Material granular | AN10: ='AASHTO N° 01'!N64 -> Excelente a bueno como subgrado
A11: ANÁLISIS GRANULOMÉTRICO POR TAMIZADO (ASTM D6913, ASTM D1140, ASTM D5519) | O11: 30 | Q11: 20 | R11: 25.48 | S11: 4 | Z11: AAHSTO N° 02 | AB11: ='AASHTO N° 02'!P12 -> A-2-6(0) | AD11: ---
A12: UBICACIÓN DE LA MUESTRA: | C12: SD5- Plataforma de Acopio Zona 3 DP16 - Pila N° 25 | J12: FECHA MUESTREO: | K12: 46122 | O12: 7 | Q12: 10 | Z12: AAHSTO N° 02
A13: MATERIAL: | B13: Zona 3 - Núcleo | E13: MUESTRA N°: | F13: SGS-C-Z3-025 | J13: FECHA ENSAYO: | K13: 46122 | M13: 2 | O13: 7 | Q13: 30
A14: TAMAÑO MÁXIMO EETT: | C14: 6" | E14: ENSAYO N°: | J14: ENSAYADO POR: | P14: LINEA A | Q14: CORREGIDO | R14: =0.73*(P55-20) -> -14.6 | AE14: ESPECIFICACIONES DE MATERIALES PROYECTO
A15: TAMIZ | C15: MASA | D15: % RETENIDO | F15: % | G15: ESPECIFICACIÓN | I15: DESCRIPCIÓN DE LA MUESTRA | P15: FORMULA LINEA A: 0.73*(LL-20) | AE15: BASE GRANULAR | AM15: SUBBASE GRANULAR
A16: (In) | B16: (mm) | C16: RETENIDA | D16: PARCIAL | E16: ACUMULADO | F16: QUE PASA | G16: D | AC16: TAMIZ N° | AD16: (mm) | AE16: A | AG16: B | AI16: C | AK16: D | AM16: A | AO16: B | AQ16: C | AS16: D | BG16: SI.ERROR(P40/$R$38*($F$11-SUMA($C$14:$C$31)),0)
A17: 18" | B17: 457.2 | C17: =+P26 -> 0 | D17: =C17/$L$23*100 -> 0 | E17: =+D17 -> 0 | F17: =100-E17 -> 100
A18: 16" | B18: 406.4 | C18: 0 | D18: =C18/$L$23*100 -> 0 | E18: =+E17+D18 -> 0 | F18: =100-E18 -> 100
A19: 14" | B19: 355.6 | C19: 0 | D19: =C19/$L$23*100 -> 0 | E19: =+E18+D19 -> 0 | F19: =100-E19 -> 100
A20: 12" | B20: 304.8 | C20: 0 | D20: =C20/$L$23*100 -> 0 | E20: =+E19+D20 -> 0 | F20: =100-E20 -> 100
A21: 10" | B21: 254 | C21: 0 | D21: =C21/$L$23*100 -> 0 | E21: =+E20+D21 -> 0 | F21: =100-E21 -> 100
A22: 6" | B22: 152.4 | C22: =P25 -> 0 | D22: =C22/$L$23*100 -> 0 | E22: =+E21+D22 -> 0 | F22: =100-E22 -> 100 | G22: - | I22: Masa Total Global Húmeda: | L22: =R27 -> 125640
A23: 5" | B23: 127 | C23: =+P26 -> 0 | D23: =C23/$L$23*100 -> 0 | E23: =+E22+D23 -> 0 | F23: =100-E23 -> 100 | G23: - | H23: - | I23: Masa Total Global Seca: | L23: =W30 -> 118353.91 | O23: INGRESAR DATOS COLOR ROJO | V23: NO TOCAR, DATOS…
A24: 4" | B24: 101.6 | C24: =+P27 -> 0 | D24: =C24/$L$23*100 -> 0 | E24: =+E23+D24 -> 0 | F24: =100-E24 -> 100 | G24: - | H24: - | I24: Masa Total Arena Húmeda: (<N°4) | L24: =R29 -> 81228 | AC24: 4" | AD24: 101.6 | AK24: - | AL24: -
A25: 3" | B25: 76.2 | C25: =+P28 -> 4335 | D25: =C25/$L$23*100 -> 3.6627435 | E25: =+E24+D25 -> 3.6627435 | F25: =100-E25 -> 96.337257 | G25: - | H25: - | I25: Masa Total Arena Seca: (<N°4) | L25: =W28 -> 73941.907 | O25: 6" | P25: 0 | AC25: 3" | AD25: 76.2 | AK25: - | AL25: -
A26: 2 1/2" | B26: 63.5 | C26: =+P29 -> 3826 | D26: =C26/$L$23*100 -> 3.2326774 | E26: =+E25+D26 -> 6.8954208 | F26: =100-E26 -> 93.104579 | G26: - | H26: - | I26: Masa Total Grava Seca: (>N°4) | L26: =W27 -> 44412 | O26: 5" | P26: 0 | R26: PESOS TOTALES HUMEDO | AC26: 2 1/2" | AD26: 63.5 | AK26: - | AL26: -
A27: 2" | B27: 50.8 | C27: =+P30 -> 3343 | D27: =C27/$L$23*100 -> 2.8245793 | E27: =+E26+D27 -> 9.7200002 | F27: =100-E27 -> 90.28 | G27: =IF($G$16="A",AE27, IF($G$16="B",AG27, IF($G$16="C",AI27, IF($G$16="D",AK27," ")))) -> - | H27: =IF($G$16="A",AF27, IF($G$16="B",AH27, IF($G$16="C",AJ27, IF($G$16="D",AL27,"")))) -> - | I27: % de Suelo que pasa la Malla N°200 (ASTM D1140) | O27: 4" | P27: 0 | R27: =SUM(R28:R29) -> 125640 | S27: Peso Total Global Humedo | V27: W Grava | W27: =SUM(C17:C34) -> 44412 | AC27: 2" | AD27: 50.8 | AG27: 100 | AH27: 100 | AK27: - | AL27: - | AM27: 100 | AN27: 100 | AO27: 100 | AP27: 100
A28: 1 1/2" | B28: 38.1 | C28: =+P31 -> 4591 | D28: =C28/$L$23*100 -> 3.8790439 | E28: =+E27+D28 -> 13.599044 | F28: =100-E28 -> 86.400956 | G28: =IF($G$16="A",AE28, IF($G$16="B",AG28, IF($G$16="C",AI28, IF($G$16="D",AK28,"")))) -> - | H28: =IF($G$16="A",AF28, IF($G$16="B",AH28, IF($G$16="C",AJ28, IF($G$16="D",AL28,"")))) -> - | I28: Masa Fracción Húmeda: (<N°4) | L28: =R52 -> 792.9 | O28: 3" | P28: 4335 | R28: =SUM(P26:P37) -> 44412 | S28: Peso Total Grava | V28: W Arena | W28: =R38 -> 73941.907 | AC28: 1 1/2" | AD28: 38.1 | AK28: - | AL28: -
A29: 1" | B29: 25.4 | C29: =+P32 -> 5862 | D29: =C29/$L$23*100 -> 4.9529417 | E29: =+E28+D29 -> 18.551986 | F29: =100-E29 -> 81.448014 | G29: =IF($G$16="A",AE29, IF($G$16="B",AG29, IF($G$16="C",AI29, IF($G$16="D",AK29,"")))) -> - | H29: =IF($G$16="A",AF29, IF($G$16="B",AH29, IF($G$16="C",AJ29, IF($G$16="D",AL29,"")))) -> - | I29: Masa Fracción Seca: (<N°4) | L29: =W29 -> 721.77745 | O29: 2 1/2" | P29: 3826 | R29: =P52-R28 -> 81228 | S29: Arena Total Humeda | V29: W Fraccion | W29: =R41 -> 721.77745 | AC29: 1" | AD29: 25.4 | AG29: 75 | AH29: 95 | AI29: 100 | AJ29: 100 | AK29: - | AL29: - | AO29: 75 | AP29: 95 | AQ29: 100 | AR29: 100 | AS29: 100 | AT29: 100
A30: 3/4" | B30: 19.05 | C30: =+P33 -> 3695 | D30: =C30/$L$23*100 -> 3.1219924 | E30: =+E29+D30 -> 21.673978 | F30: =100-E30 -> 78.326022 | G30: =IF($G$16="A",AE30, IF($G$16="B",AG30, IF($G$16="C",AI30, IF($G$16="D",AK30,"")))) -> - | H30: =IF($G$16="A",AF30, IF($G$16="B",AH30, IF($G$16="C",AJ30, IF($G$16="D",AL30,"")))) -> - | I30: Masa Fracción Fina Lavada: | L30: =R42 -> 521.6 | O30: 2" | P30: 3343 | V30: TOTAL | W30: =+IFERROR((W28+W27),"") -> 118353.91 | AC30: 3/4" | AD30: 19.05 | AE30: 100 | AF30: 100 | AK30: - | AL30: -
A31: 1/2" | B31: 12.5 | C31: =+P34 -> 6504 | D31: =C31/$L$23*100 -> 5.4953826 | E31: =+E30+D31 -> 27.169361 | F31: =100-E31 -> 72.830639 | G31: =IF($G$16="A",AE31, IF($G$16="B",AG31, IF($G$16="C",AI31, IF($G$16="D",AK31,"")))) -> - | H31: =IF($G$16="A",AF31, IF($G$16="B",AH31, IF($G$16="C",AJ31, IF($G$16="D",AL31,"")))) -> - | I31: Masa Pasante N°200 | L31: =R53 -> 200.17745 | O31: 1 1/2" | P31: 4591 | R31: CORRECCIÓN POR HUMEDAD | AC31: 1/2" | AD31: 12.5 | AK31: - | AL31: -
A32: 3/8" | B32: 9.5 | C32: =+P35 -> 3284 | D32: =C32/$L$23*100 -> 2.7747288 | E32: =+E31+D32 -> 29.94409 | F32: =100-E32 -> 70.05591 | G32: =IF($G$16="A",AE32, IF($G$16="B",AG32, IF($G$16="C",AI32, IF($G$16="D",AK32,"")))) -> - | H32: =IF($G$16="A",AF32, IF($G$16="B",AH32, IF($G$16="C",AJ32, IF($G$16="D",AL32,"")))) -> - | O32: 1" | P32: 5862 | R32: C-14 | S32: N° de Tara | V32: N° TARAS PESOS | AC32: 3/8" | AD32: 9.5 | AG32: 40 | AH32: 75 | AI32: 50 | AJ32: 85 | AK32: - | AL32: - | AM32: 30 | AN32: 65 | AO32: 40 | AP32: 75 | AQ32: 50 | AR32: 85 | AS32: 60 | AT32: 100
A33: 1/4" | B33: 6.35 | C33: =+P36 -> 5458 | D33: =C33/$L$23*100 -> 4.6115926 | E33: =+E32+D33 -> 34.555682 | F33: =100-E33 -> 65.444318 | G33: =IF($G$16="A",AE33, IF($G$16="B",AG33, IF($G$16="C",AI33, IF($G$16="D",AK33,"")))) -> - | H33: =IF($G$16="A",AF33, IF($G$16="B",AH33, IF($G$16="C",AJ33, IF($G$16="D",AL33,"")))) -> - | I33: Humedad Corrección (<N°4): | L33: =R36 -> 9.8538067 | O33: 3/4" | P33: 3695 | R33: 1189.1 | S33: Peso Humedo + Tara | V33: 1 | W33: 614.3 | AC33: 1/4" | AD33: 6.35 | AK33: - | AL33: -
A34: Nº 4 | B34: 4.75 | C34: =+P37 -> 3514 | D34: =C34/$L$23*100 -> 2.9690612 | E34: =+E33+D34 -> 37.524743 | F34: =100-E34 -> 62.475257 | G34: =IF($G$16="A",AE34, IF($G$16="B",AG34, IF($G$16="C",AI34, IF($G$16="D",AK34,"")))) -> - | H34: =IF($G$16="A",AF34, IF($G$16="B",AH34, IF($G$16="C",AJ34, IF($G$16="D",AL34,"")))) -> - | I34: Límite Líquido (LL) ASTM D4318: | L34: =+'D4318'!F59 -> 31 | O34: 1/2" | P34: 6504 | R34: 1137.2 | S34: Peso Seco + Tara | V34: 2 | W34: 614.2 | AC34: Nº 4 | AD34: 4.75 | AG34: 30 | AH34: 60 | AI34: 35 | AJ34: 65 | AK34: - | AL34: - | AM34: 25 | AN34: 55 | AO34: 30 | AP34: 60 | AQ34: 35 | AR34: 65 | AS34: 50 | AT34: 85
A35: Nº 8 | B35: 2.36 | C35: =+P38 -> 80.7 | D35: =C35/$L$29*$F$34 -> 6.9851909 | E35: =+E34+D35 -> 44.509934 | F35: =100-E35 -> 55.490066 | G35: =IF($G$16="A",AE35, IF($G$16="B",AG35, IF($G$16="C",AI35, IF($G$16="D",AK35,"")))) -> - | H35: =IF($G$16="A",AF35, IF($G$16="B",AH35, IF($G$16="C",AJ35, IF($G$16="D",AL35,"")))) -> - | I35: Límite Plástico (LP) ASTM D4318: | L35: =+'D4318'!F60 -> 19.38479 | O35: 3/8" | P35: 3284 | R35: 610.5 | S35: Peso Tara | V35: 3 | W35: 622.3 | AC35: Nº 8 | AD35: 2.36 | AK35: - | AL35: -
A36: Nº 10 | B36: 2 | C36: =+P39 -> 33.7 | D36: =C36/$L$29*$F$34 -> 2.916988 | E36: =+E35+D36 -> 47.426922 | F36: =100-E36 -> 52.573078 | G36: =IF($G$16="A",AE36, IF($G$16="B",AG36, IF($G$16="C",AI36, IF($G$16="D",AK36,"")))) -> - | H36: =IF($G$16="A",AF36, IF($G$16="B",AH36, IF($G$16="C",AJ36, IF($G$16="D",AL36,"")))) -> - | I36: Índice Plástico (IP) ASTM D4318: | L36: =+'D4318'!F61 -> 11.61521 | O36: 1/4" | P36: 5458 | R36: =+IFERROR(((R33-R34)/(R34-R35))*100,"") -> 9.8538067 | S36: % de Humedad | V36: 4 | W36: 423.3 | AC36: Nº 10 | AD36: 2 | AG36: 20 | AH36: 45 | AI36: 25 | AJ36: 50 | AK36: - | AL36: - | AM36: 15 | AN36: 40 | AO36: 20 | AP36: 45 | AQ36: 25 | AR36: 50 | AS36: 40 | AT36: 70
A37: Nº 16 | B37: 1.19 | C37: =+P40 -> 102.2 | D37: =C37/$L$29*$F$34 -> 8.8461773 | E37: =+E36+D37 -> 56.273099 | F37: =100-E37 -> 43.726901 | G37: =IF($G$16="A",AE37, IF($G$16="B",AG37, IF($G$16="C",AI37, IF($G$16="D",AK37,"")))) -> - | H37: =IF($G$16="A",AF37, IF($G$16="B",AH37, IF($G$16="C",AJ37, IF($G$16="D",AL37,"")))) -> - | I37: Clasificación (S.U.C.S.) ASTM D2487: | L37: =AB8 -> SC | O37: Nº 4 | P37: 3514 | R37: =R29 -> 81228 | S37: Arena Total Humeda | V37: 5 | W37: 425 | AC37: Nº 16 | AD37: 1.19 | AK37: - | AL37: -
A38: Nº 20 | B38: 0.84 | C38: =+P41 -> 60.9 | D38: =C38/$L$29*$F$34 -> 5.2713522 | E38: =+E37+D38 -> 61.544452 | F38: =100-E38 -> 38.455548 | G38: =IF($G$16="A",AE38, IF($G$16="B",AG38, IF($G$16="C",AI38, IF($G$16="D",AK38,"")))) -> - | H38: =IF($G$16="A",AF38, IF($G$16="B",AH38, IF($G$16="C",AJ38, IF($G$16="D",AL38,"")))) -> - | I38: Características Granulométricas: | O38: Nº 8 | P38: 80.7 | R38: =+IFERROR((R37/(100+R36)*100),"") -> 73941.907 | S38: Arena Total Seca | V38: 6 | W38: 432.8 | AC38: Nº 20 | AD38: 0.84 | AK38: - | AL38: -
A39: Nº 30 | B39: 0.6 | C39: =+P42 -> 56 | D39: =C39/$L$29*$F$34 -> 4.8472204 | E39: =+E38+D39 -> 66.391672 | F39: =100-E39 -> 33.608328 | G39: =IF($G$16="A",AE39, IF($G$16="B",AG39, IF($G$16="C",AI39, IF($G$16="D",AK39,"")))) -> - | H39: =IF($G$16="A",AF39, IF($G$16="B",AH39, IF($G$16="C",AJ39, IF($G$16="D",AL39,"")))) -> - | I39: Boloneria > 3" : | L39: =+F17-F25 -> 3.6627435 | O39: Nº 10 | P39: 33.7 | R39: =R52 -> 792.9 | S39: Fraccion Humeda | V39: 7 | W39: 427 | AC39: Nº 30 | AD39: 0.6 | AK39: - | AL39: -
A40: Nº 40 | B40: 0.425 | C40: =+P43 -> 47.4 | D40: =C40/$L$29*$F$34 -> 4.1028259 | E40: =+E39+D40 -> 70.494498 | F40: =100-E40 -> 29.505502 | G40: =IF($G$16="A",AE40, IF($G$16="B",AG40, IF($G$16="C",AI40, IF($G$16="D",AK40,"")))) -> - | H40: =IF($G$16="A",AF40, IF($G$16="B",AH40, IF($G$16="C",AJ40, IF($G$16="D",AL40,"")))) -> - | I40: Grava 3" - Nº 4 : | L40: =+F25-F34 -> 33.862 | O40: Nº 16 | P40: 102.2 | R40: =R51 -> 615.9 | S40: Peso Tara | V40: 8 | W40: 436.4 | AC40: Nº 40 | AD40: 0.425 | AG40: 15 | AH40: 30 | AI40: 15 | AJ40: 30 | AK40: - | AL40: - | AM40: 8 | AN40: 20 | AO40: 15 | AP40: 30 | AQ40: 15 | AR40: 30 | AS40: 25 | AT40: 45
A41: Nº 50 | B41: 0.297 | C41: =+P44 -> 35.4 | D41: =C41/$L$29*$F$34 -> 3.0641358 | E41: =+E40+D41 -> 73.558634 | F41: =100-E41 -> 26.441366 | G41: =IF($G$16="A",AE41, IF($G$16="B",AG41, IF($G$16="C",AI41, IF($G$16="D",AK41,"")))) -> - | H41: =IF($G$16="A",AF41, IF($G$16="B",AH41, IF($G$16="C",AJ41, IF($G$16="D",AL41,"")))) -> - | I41: Arena Nº4 - Nº 200 : | L41: =+F34-F46 -> 45.148396 | O41: Nº 20 | P41: 60.9 | R41: =+IFERROR((R39/(100+R36)*100),"") -> 721.77745 | S41: Fracción Seca | V41: 9 | W41: 422.1 | AC41: Nº 50 | AD41: 0.297 | AK41: - | AL41: -
A42: Nº 60 | B42: 0.25 | C42: =+P46 -> 19.4 | D42: =C42/$L$29*$F$34 -> 1.6792156 | E42: =+E41+D42 -> 75.237849 | F42: =100-E42 -> 24.762151 | G42: =IF($G$16="A",AE42, IF($G$16="B",AG42, IF($G$16="C",AI42, IF($G$16="D",AK42,"")))) -> - | H42: =IF($G$16="A",AF42, IF($G$16="B",AH42, IF($G$16="C",AJ42, IF($G$16="D",AL42,"")))) -> - | I42: Finos < Nº 200 : | L42: =+F46 -> 17.326861 | O42: Nº 30 | P42: 56 | R42: =SUM(P38:P49) -> 521.6 | S42: Fracción seca Lavada | V42: 10 | W42: 425.1 | AC42: Nº 60 | AD42: 0.25 | AK42: - | AL42: -
A43: Nº 80 | B43: 0.177 | C43: =+P47 -> 27.7 | D43: =C43/$L$29*$F$34 -> 2.397643 | E43: =+E42+D43 -> 77.635492 | F43: =100-E43 -> 22.364508 | G43: =IF($G$16="A",AE43, IF($G$16="B",AG43, IF($G$16="C",AI43, IF($G$16="D",AK43,"")))) -> - | H43: =IF($G$16="A",AF43, IF($G$16="B",AH43, IF($G$16="C",AJ43, IF($G$16="D",AL43,"")))) -> - | I43: Total: | L43: =SUM(L39:L42) -> 100 | O43: Nº 40 | P43: 47.4 | R43: =+IFERROR((R42/R41),"") -> 0.72266043 | S43: % de Error | V43: 11 | W43: 670 | AC43: Nº 80 | AD43: 0.177 | AK43: - | AL43: -
A44: Nº 100 | B44: 0.15 | C44: =+P48 -> 15 | D44: =C44/$L$29*$F$34 -> 1.2983626 | E44: =+E43+D44 -> 78.933855 | F44: =100-E44 -> 21.066145 | G44: =IF($G$16="A",AE44, IF($G$16="B",AG44, IF($G$16="C",AI44, IF($G$16="D",AK44,"")))) -> - | H44: =IF($G$16="A",AF44, IF($G$16="B",AH44, IF($G$16="C",AJ44, IF($G$16="D",AL44,"")))) -> - | I44: Descripción: | O44: Nº 50 | P44: 35.4 | V44: 12 | W44: 664.4 | AC44: Nº 100 | AD44: 0.15 | AK44: - | AL44: -
A45: Nº 140 | B45: 0.106 | C45: 0 | D45: =C45/$L$29*$F$34 -> 0 | E45: =+E44+D45 -> 78.933855 | F45: =100-E45 -> 21.066145 | G45: =IF($G$16="A",AE45, IF($G$16="B",AG45, IF($G$16="C",AI45, IF($G$16="D",AK45,"")))) -> - | H45: =IF($G$16="A",AF45, IF($G$16="B",AH45, IF($G$16="C",AJ45, IF($G$16="D",AL45,"")))) -> - | AC45: Nº 140 | AD45: 0.106 | AK45: - | AL45: -
A46: Nº 200 | B46: 0.075 | C46: =+P49 -> 43.2 | D46: =C46/$L$29*$F$34 -> 3.7392843 | E46: =+E45+D46 -> 82.673139 | F46: =100-E46 -> 17.326861 | G46: =IF($G$16="A",AE46, IF($G$16="B",AG46, IF($G$16="C",AI46, IF($G$16="D",AK46,"")))) -> - | H46: =IF($G$16="A",AF46, IF($G$16="B",AH46, IF($G$16="C",AJ46, IF($G$16="D",AL46,"")))) -> - | I46: =CONCATENATE(AB8,AD8) -> SC - Arena Arcillosa con grava | O46: Nº 60 | P46: 19.4 | R46: =R41+R40 -> 1337.6774 | T46: =R50-(R42+R40) -> 1.4 | V46: 13 | W46: 658.3 | AC46: Nº 200 | AD46: 0.075 | AE46: 0 | AF46: 10 | AG46: 5 | AH46: 15 | AI46: 5 | AJ46: 15 | AK46: - | AL46: - | AM46: 2 | AN46: 8 | AO46: 5 | AP46: 15 | AQ46: 5 | AR46: 15 | AS46: 8 | AT46: 15
A47: < Nº 200 | B47: FONDO | C47: =L29-SUM(C35:C46) -> 200.17745 | D47: =C47/$L$29*$F$34 -> 17.326861 | E47: =+E46+D47 -> 100 | F47: =100-E47 -> 0 | O47: Nº 80 | P47: 27.7 | R47: FRACCIÓN LAVADO FINO | V47: 14 | W47: 661.2 | AC47: < Nº 200 | AD47: FONDO | AK47: - | AL47: -
A48: CURVA GRANULOMÉTRICA | O48: Nº 100 | P48: 15 | R48: C-06 | S48: N° de Tara | V48: 15 | W48: 662.9
O49: Nº 200 | P49: 43.2 | R49: 1408.8 | S49: Fraccion Humeda | V49: 16 | W49: 665.4
O50: Fondo | P50: 1.4 | R50: 1138.9 | S50: Fracción seca Lavada + T | V50: 17 | W50: 659.1
R51: 615.9 | S51: Peso Tara | V51: 18 | W51: 657.1
O52: Peso Inicial | P52: 125640 | R52: =R49-R51 -> 792.9 | S52: Fraccion Humeda Neto | V52: 19 | W52: 659.5
O53: % GRAVA > N°4 | Q53: Seco | R53: =(R46-R50)+P50 -> 200.17745 | V53: 20 | W53: 663.4
O54: =+P52-O56 -> 72021.9 | P54: =O54/P52*100 -> 57.324021 | Q54: =W27/W30*100 -> 37.524743 | R54: MÉTODO DE COMPACTACIÓN
O55: % ARENA < N°4
O56: 53618.1 | P56: =O56/P52*100 -> 42.675979 | Q56: =W28/W30*100 -> 62.475257 | S56: =IF(E34<=25,"A",IF(AND(E34>25,E32<25),"B",IF(AND(E32>=25,E30<=30),"C","c"))) -> C
O57: =O54+O56 -> 125640 | P57: =P54+P56 -> 100 | Q57: =Q54+Q56 -> 100
R58: % GRAVA | T58: =100-F34 -> 37.524743 | U58: Gruesa | W58: =100-F29 -> 18.551986
U59: Fina | W59: =+F29-F34 -> 18.972758
R60: % ARENA | T60: =+F34-F46 -> 45.148396 | U60: Gruesa | W60: =+F34-F36 -> 9.9021789
U61: Media | W61: =+F36-F40 -> 23.067576
U62: Fina | W62: =+F40-F46 -> 12.178641
R63: % FINOS | T63: =+F46 -> 17.326861 | W63: =+F46 -> 17.326861
R64: Ret_N_200 | T64: =+E46 -> 82.673139
O67: Item | P67: Código de Registro | Q67: Fecha de Ensayo (Muestreo) | R67: Procedencia de la Muestra | S67: Ensayo Realizado | T67: Análisis Granulométrico % Que pasa (ASTM D6913) | AE67: Límites Atterberg ASTM D4318 | AH67: SUCS ASTM D2487 | AI67: Humedad Natural ASTM D2216 (%) | AJ67: Proctor Realizado | AL67: Gravedad Especifica del Agregado Grueso ASTM C127 | AN67: Gravedad Especifica de los Solidos ASTM D854 | AO67: Proctor Sin Corregir ASTM D698 | AQ67: Corrección por Sobretamaño ASTM D4718 | AS67: Cumplimiento EETT (Cumple / No Cumple) | AT67: OBSERVACIONES | AU67: Copia Controlada (Cerrado / Pendiente) | AV67: QC Responsable
T68: 6" | U68: 4" | V68: 3" | W68: 2" | X68: 1 1/2" | Y68: 3/4" | Z68: 3/8" | AA68: N° 4 | AB68: N°8 | AC68: N° 40 | AD68: N° 200 | AK68: Método Realizado
T69: 152.4 | U69: 101.6 | V69: 76.2 | W69: 50.8 | X69: 38.1 | Y69: 19.05 | Z69: 9.5 | AA69: 4.75 | AB69: 2.36 | AC69: 0.425 | AD69: 0.075 | AE69: LL | AF69: LP | AG69: IP | AL69: P.E. | AM69: Absor. | AO69: Dmax (g/cm3) | AP69: hopt (%) | AQ69: Dmax (g/cm3) | AR69: hopt (%)
O70: =M13 -> 2 | P70: =F13 -> SGS-C-Z3-025 | Q70: =K12 -> 46122 | R70: =C12 -> SD5- Plataforma de Acopio Zona 3 DP16 - Pila N° 25 | S70: Granulometría, Humedad, Límites, Gravedad especifica, Proctor | T70: =F22 -> 100 | U70: =F24 -> 100 | V70: =F25 -> 96.337257 | W70: =F27 -> 90.28 | X70: =F28 -> 86.400956 | Y70: =F30 -> 78.326022 | Z70: =F32 -> 70.05591 | AA70: =F34 -> 62.475257 | AB70: =F35 -> 55.490066 | AC70: =F40 -> 29.505502 | AD70: =F46 -> 17.326861 | AE70: =L34 -> 31 | AF70: =L35 -> 19.38479 | AG70: =L36 -> 11.61521 | AH70: =AB8 -> SC | AI70: =#REF! -> #REF! | AJ70: Estándar | AK70: =S56 -> C | AL70: =#REF! -> #REF! | AM70: =#REF! -> #REF! | AN70: =#REF! -> #REF! | AO70: =#REF! -> #REF! | AP70: =#REF! -> #REF! | AQ70: =#REF! -> #REF! | AR70: =#REF! -> #REF! | AS70: Cumple | AU70: Cerrado | AV70: Rocio C.
A78: OBSERVACIONES:
A79: Se realizó el muestreo en coordinación con la supervisión QA STANTEC, para verificación del cumplimiento de las EETT, "CUMPLE".
A90: Ítem | B90: Código de Registro | C90: Fecha de Ensayo (Muestreo) | D90: Procedencia de la Muestra | E90: Ensayo Realizado | L90: Granulometría - ASTM D6913 | AC90: Límites Atterberg ASTM D4318 | AF90: SUCS ASTM D2487 | AG90: Humedad Natural ASTM D2216 (%) | AH90: Proctor Realizado | AI90: Método Realizado | AJ90: Gravedad Especifica del Agregado Grueso ASTM C127 | AL90: Gravedad Especifica de los Solidos ASTM D854 | AM90: Proctor Sin corregir ASTM D698 | AY90: Ensayo Proctor Corregido ASTM D 698 | BI90: Correción por sobretamaño ASTM D4718 | BK90: Cumplimiento EETT (Cumple / No Cumple)
F91: 6'' | G91: 5'' | H91: 4'' | I91: 3'' | J91: 2 1/2'' | K91: 2'' | L91: 1 1/2'' | M91: 1" | N91: 3/4'' | O91: 1/2" | P91: 3/8" | Q91: N° 4 | R91: N° 8 | S91: N° 10 | T91: N° 16 | U91: N° 20 | V91: N° 30 | W91: N° 40 | X91: N° 50 | Y91: N° 60 | Z91: N° 80 | AA91: N° 100 | AB91: N° 200 | AM91: Contenido de Humedad Óptima Fracción Fina (%) | AN91: Máxima Densidad Seca Fracción Fina (g/cm3) | AO91: Contenido de Humedad (%) | AT91: Densidad Seca del Suelo (g/cm3) | AY91: Contenido de Humedad (%) | BD91: Densidad Seca del Suelo (g/cm3) | BI91: Contenido de Humedad Óptima Corregida por grava (%) | BJ91: Máxima Densidad Seca Corregida (g/cm3)
F92: 152.4 | G92: 127 | H92: 101.6 | I92: 76.2 | J92: 63.5 | K92: 50.8 | L92: 37.5 | M92: 25 | N92: 19.1 | O92: 12.5 | P92: 9.5 | Q92: 4.75 | R92: 2.36 | S92: 2 | T92: 1.18 | U92: 0.85 | V92: 0.6 | W92: 0.425 | X92: 0.3 | Y92: 0.25 | Z92: 0.18 | AA92: 0.15 | AB92: 0.075 | AC92: LL | AD92: LP | AE92: IP | AJ92: P.E. | AK92: Absor. | AO92: CH1 | AP92: CH2 | AQ92: CH3 | AR92: CH4 | AS92: CH5 | AT92: DS1 | AU92: DS2 | AV92: DS3 | AW92: DS4 | AX92: DS5 | AY92: CH1 | AZ92: CH2 | BA92: CH3 | BB92: CH4 | BC92: CH5 | BD92: DS1 | BE92: DS2 | BF92: DS3 | BG92: DS4 | BH92: DS5
A93: Ítem | B93: Código de Muestra | C93: Fecha de Ensayo | D93: Procedencia | E93: Ensayo solicitado | F93: 5 1/2'' | G93: 4 1/2'' | H93: 3 1/2'' | I93: 2 1/2'' | J93: 1 1/2'' | K93: 0 1/2'' | L93: 1 1/2'' | M93: 2 1/2'' | N93: 3/4'' | O93: Columna7 | P93: 3/8" | Q93: No 4 | R93: No 43 | S93: No 42 | T93: No 5 | U93: No 52 | V93: No 6 | W93: No 40 | X93: No 404 | Y93: No 403 | Z93: No 402 | AA93: No 41 | AB93: No 200 | AC93: LL (%) | AD93: LP (%) | AE93: IP (%) | AF93: Clasificación2 | AG93: Humedad | AH93: Proctor | AI93: Método Proctor | AJ93: Columna1 | AK93: Columna2 | AL93: Columna3 | AM93: CH F. fina sin corregir (%) | AN93: Máx. Den. Seca F. Fina (g/cm3) | AO93: MC1 SC | AP93: MC2 SC | AQ93: MC3 SC | AR93: MC4 SC | AS93: MC5 SC | AT93: DS1 SC | AU93: DS2 SC | AV93: DS3 SC | AW93: DS4 SC | AX93: DS5 SC | AY93: MC1 Corr. | AZ93: MC2 Corr. | BA93: MC3 Corr. | BB93: MC4 Corr. | BC93: MC5 Corr. | BD93: DS1 Corr. | BE93: DS2 Corr. | BF93: DS3 Corr. | BG93: DS4 Corr. | BH93: DS5 Corr. | BI93: CHO Corregida por grava (%) | BJ93: Máx. Dens. Seca Corregida del Suelo (g/cm3) | BK93: Columna4
B94: =+F13 -> SGS-C-Z3-025 | C94: =+K12 -> 46122 | D94: =+C12 -> SD5- Plataforma de Acopio Zona 3 DP16 - Pila N° 25 | E94: Granulometría, Humedad, Límites, Gravedad especifica, Proctor | F94: =+F22 -> 100 | G94: =+F23 -> 100 | H94: =+F24 -> 100 | I94: =+F25 -> 96.337257 | J94: =+F26 -> 93.104579 | K94: =+F27 -> 90.28 | L94: =+F28 -> 86.400956 | M94: =+F29 -> 81.448014 | N94: =+F30 -> 78.326022 | O94: =+F31 -> 72.830639 | P94: =+F32 -> 70.05591 | Q94: =+F34 -> 62.475257 | R94: =+F35 -> 55.490066 | S94: =+F36 -> 52.573078 | T94: =+F37 -> 43.726901 | U94: =+F38 -> 38.455548 | V94: =+F39 -> 33.608328 | W94: =+F40 -> 29.505502 | X94: =+F41 -> 26.441366 | Y94: =+F42 -> 24.762151 | Z94: =+F43 -> 22.364508 | AA94: =+F44 -> 21.066145 | AB94: =+F46 -> 17.326861 | AC94: =+L34 -> 31 | AD94: =+L35 -> 19.38479 | AE94: =+L36 -> 11.61521 | AF94: =+AB8 -> SC | AG94: =+#REF! -> #REF! | AH94: Estándar | AI94: =+S56 -> C | AJ94: =+#REF! -> #REF! | AK94: =+#REF! -> #REF! | AL94: =+#REF! -> #REF! | AM94: =+#REF! -> #REF! | AN94: =+#REF! -> #REF! | AO94: =+#REF! -> #REF! | AP94: =+#REF! -> #REF! | AQ94: =+#REF! -> #REF! | ... BJ94: =+#REF! -> #REF! | BK94: Cumple
A95: Copiar para Cuadro de Resumen
A97: NO TOCAR DATOS
A101: DATOS PARA GRAFICO | I101: DATOS PARA CALCULO DE COEFICIENTES | O101: CALCULO DE % PASANTE/DIAMETROS INF. Y SUP.
A102: 16" | B102: 406.4 | C102: 100 | E102: 4" | F102: =P27 -> 0 | G102: =F102*3.2 -> 0 | I102: mm | J102: Pulg | K102: Peso Retenido | L102: %Retenido | M102: %Pasante | O102: P10 | Q102: P30 | S102: P60 | T102: D60 | U102: D10 | V102: D30 | W102: D30 | Y102: D60 | Z102: D60
B103: =B102 -> 406.4 | C103: 0 | E103: 3" | F103: =P28 -> 4335 | G103: =F103*3.2 -> 13872 | I103: 76.2 | J103: 3" | K103: =C25 -> 4335 | L103: =+D25 -> 3.6627435 | M103: =+F25 -> 96.337257 | O103: Sup | P103: Inf | Q103: Sup | R103: Inf | S103: Sup | T103: Inf | U103: Sup | V103: Inf | W103: Sup | X103: Inf | Y103: Sup | Z103: Inf | AA103: 10 | AB103: 30 | AC103: 60
A104: 14" | B104: 355.6 | C104: 100 | E104: 2 1/2" | F104: =P29 -> 3826 | G104: =F104*3.2 -> 12243.2 | I104: 63.5 | J104: 2 1/2" | K104: =C26 -> 3826 | L104: =+D26 -> 3.2326774 | M104: =+F26 -> 93.104579 | O104: =IF(AA119=AA104,IF(M103>10,M103,M102),0) -> 0 | P104: =IF(AA119=AA104,IF(M103<=10,M103,M104),0) -> 0 | Q104: =IF(AB119=AB104,IF(M103>30,M103,M102),0) -> 0 | R104: =IF(AB119=AB104,IF(M103<=30,M103,M104),0) -> 0 | S104: =IF(AC119=AC104,IF(M103>60,M103,M102),0) -> 0 | T104: =IF(AC119=AC104,IF(M103<=60,M103,M104),0) -> 0 | U104: =IF(AA119=AA104,IF(M103>10,I104,I103),0) -> 0 | V104: =IF(AA119=AA104,IF(M103<=10,I103,I104),0) -> 0 | W104: =IF(AB119=AB104,IF(M103>30,I104,I103),0) -> 0 | X104: =IF(AB119=AB104,IF(M103<=30,I103,I104),0) -> 0 | Y104: =IF(AC119=AC104,IF(M103>60,I103,I102),0) -> 0 | Z104: =IF(AC119=AC104,IF(M103<=60,I103,I104),0) -> 0 | AA104: =ABS(10-M103) -> 86.337257 | AB104: =ABS(30-M103) -> 66.337257 | AC104: =ABS(60-M103) -> 36.337257
B105: =B104 -> 355.6 | C105: 0 | E105: 2" | F105: =P30 -> 3343 | G105: =F105*3.2 -> 10697.6 | I105: 50.8 | J105: 2" | K105: =C27 -> 3343 | L105: =+D27 -> 2.8245793 | M105: =+F27 -> 90.28 | O105: =IF(AA119=AA105,IF(M104>10,M104,M103),0) -> 0 | P105: =IF(AA119=AA105,IF(M104<=10,M104,M105),0) -> 0 | Q105: =IF(AB119=AB105,IF(M104>30,M104,M103),0) -> 0 | R105: =IF(AB119=AB105,IF(M104<=30,M104,M105),0) -> 0 | S105: =IF(AC119=AC105,IF(M104>60,M104,M103),0) -> 0 | T105: =IF(AC119=AC105,IF(M104<=60,M104,M105),0) -> 0 | U105: =IF(AA119=AA105,IF(M104>10,I104,I103),0) -> 0 | V105: =IF(AA119=AA105,IF(M104<=10,I104,I105),0) -> 0 | W105: =IF(AB119=AB105,IF(M104>30,I104,I103),0) -> 0 | X105: =IF(AB119=AB105,IF(M104<=30,I104,I105),0) -> 0 | Y105: =IF(AC119=AC105,IF(M104>60,I104,I103),0) -> 0 | Z105: =IF(AC119=AC105,IF(M104<=60,I104,I105),0) -> 0 | AA105: =ABS(10-M104) -> 83.104579 | AB105: =ABS(30-M104) -> 63.104579 | AC105: =ABS(60-M104) -> 33.104579
A106: 12" | B106: 304.8 | C106: 100 | E106: 1 1/2" | F106: =P31 -> 4591 | G106: =F106*3.2 -> 14691.2 | I106: 38.1 | J106: 1 1/2" | K106: =C28 -> 4591 | L106: =+D28 -> 3.8790439 | M106: =+F28 -> 86.400956 | O106: =IF(AA119=AA106,IF(M105>10,M105,M104),0) -> 0 | P106: =IF(AA119=AA106,IF(M105<=10,M105,M106),0) -> 0 | Q106: =IF(AB119=AB106,IF(M105>30,M105,M104),0) -> 0 | R106: =IF(AB119=AB106,IF(M105<=30,M105,M106),0) -> 0 | S106: =IF(AC119=AC106,IF(M105>60,M105,M104),0) -> 0 | T106: =IF(AC119=AC106,IF(M105<=60,M105,M106),0) -> 0 | U106: =IF(AA119=AA106,IF(M105>10,I105,I104),0) -> 0 | V106: =IF(AA119=AA106,IF(M105<=10,I105,I106),0) -> 0 | W106: =IF(AB119=AB106,IF(M105>30,I105,I104),0) -> 0 | X106: =IF(AB119=AB106,IF(M105<=30,I105,I106),0) -> 0 | Y106: =IF(AC119=AC106,IF(M105>60,I105,I104),0) -> 0 | Z106: =IF(AC119=AC106,IF(M105<=60,I105,I106),0) -> 0 | AA106: =ABS(10-M105) -> 80.28 | AB106: =ABS(30-M105) -> 60.28 | AC106: =ABS(60-M105) -> 30.28
B107: =B106 -> 304.8 | C107: 0 | E107: 1" | F107: =P32 -> 5862 | G107: =F107*3.2 -> 18758.4 | I107: 25.4 | J107: 1" | K107: =C29 -> 5862 | L107: =+D29 -> 4.9529417 | M107: =+F29 -> 81.448014 | O107: =IF(AA119=AA107,IF(M106>10,M106,M105),0) -> 0 | P107: =IF(AA119=AA107,IF(M106<=10,M106,M107),0) -> 0 | Q107: =IF(AB119=AB107,IF(M106>30,M106,M105),0) -> 0 | R107: =IF(AB119=AB107,IF(M106<=30,M106,M107),0) -> 0 | S107: =IF(AC119=AC107,IF(M106>60,M106,M105),0) -> 0 | T107: =IF(AC119=AC107,IF(M106<=60,M106,M107),0) -> 0 | U107: =IF(AA119=AA107,IF(M106>10,I106,I105),0) -> 0 | V107: =IF(AA119=AA107,IF(M106<=10,I106,I107),0) -> 0 | W107: =IF(AB119=AB107,IF(M106>30,I106,I105),0) -> 0 | X107: =IF(AB119=AB107,IF(M106<=30,I106,I107),0) -> 0 | Y107: =IF(AC119=AC107,IF(M106>60,I106,I105),0) -> 0 | Z107: =IF(AC119=AC107,IF(M106<=60,I106,I107),0) -> 0 | AA107: =ABS(10-M106) -> 76.400956 | AB107: =ABS(30-M106) -> 56.400956 | AC107: =ABS(60-M106) -> 26.400956
A108: 10" | B108: 254 | C108: 100 | E108: 3/4" | F108: =P33 -> 3695 | G108: =F108*3.2 -> 11824 | I108: 19.05 | J108: 3/4" | K108: =C30 -> 3695 | L108: =+D30 -> 3.1219924 | M108: =+F30 -> 78.326022 | O108: =IF(AA119=AA108,IF(M107>10,M107,M106),0) -> 0 | P108: =IF(AA119=AA108,IF(M107<=10,M107,M108),0) -> 0 | Q108: =IF(AB119=AB108,IF(M107>30,M107,M106),0) -> 0 | R108: =IF(AB119=AB108,IF(M107<=30,M107,M108),0) -> 0 | S108: =IF(AC119=AC108,IF(M107>60,M107,M106),0) -> 0 | T108: =IF(AC119=AC108,IF(M107<=60,M107,M108),0) -> 0 | U108: =IF(AA119=AA108,IF(M107>10,I107,I106),0) -> 0 | V108: =IF(AA119=AA108,IF(M107<=10,I107,I108),0) -> 0 | W108: =IF(AB119=AB108,IF(M107>30,I107,I106),0) -> 0 | X108: =IF(AB119=AB108,IF(M107<=30,I107,I108),0) -> 0 | Y108: =IF(AC119=AC108,IF(M107>60,I107,I106),0) -> 0 | Z108: =IF(AC119=AC108,IF(M107<=60,I107,I108),0) -> 0 | AA108: =ABS(10-M107) -> 71.448014 | AB108: =ABS(30-M107) -> 51.448014 | AC108: =ABS(60-M107) -> 21.448014
B109: =B108 -> 254 | C109: 0 | E109: 1/2" | F109: =P34 -> 6504 | G109: =F109*3.2 -> 20812.8 | I109: 12.5 | J109: 1/2" | K109: =C31 -> 6504 | L109: =+D31 -> 5.4953826 | M109: =+F31 -> 72.830639 | O109: =IF(AA119=AA109,IF(M108>10,M108,M107),0) -> 0 | P109: =IF(AA119=AA109,IF(M108<=10,M108,M109),0) -> 0 | Q109: =IF(AB119=AB109,IF(M108>30,M108,M107),0) -> 0 | R109: =IF(AB119=AB109,IF(M108<=30,M108,M109),0) -> 0 | S109: =IF(AC119=AC109,IF(M108>60,M108,M107),0) -> 0 | T109: =IF(AC119=AC109,IF(M108<=60,M108,M109),0) -> 0 | U109: =IF(AA119=AA109,IF(M108>10,I108,I107),0) -> 0 | V109: =IF(AA119=AA109,IF(M108<=10,I108,I109),0) -> 0 | W109: =IF(AB119=AB109,IF(M108>30,I108,I107),0) -> 0 | X109: =IF(AB119=AB109,IF(M108<=30,I108,I109),0) -> 0 | Y109: =IF(AC119=AC109,IF(M108>60,I108,I107),0) -> 0 | Z109: =IF(AC119=AC109,IF(M108<=60,I108,I109),0) -> 0 | AA109: =ABS(10-M108) -> 68.326022 | AB109: =ABS(30-M108) -> 48.326022 | AC109: =ABS(60-M108) -> 18.326022
A110: 6" | B110: 152.4 | C110: 100 | E110: 3/8" | F110: =P35 -> 3284 | G110: =F110*3.2 -> 10508.8 | I110: 9.5 | J110: 3/8" | K110: =C32 -> 3284 | L110: =+D32 -> 2.7747288 | M110: =+F32 -> 70.05591 | O110: =IF(AA119=AA110,IF(M109>10,M109,M108),0) -> 0 | P110: =IF(AA119=AA110,IF(M109<=10,M109,M110),0) -> 0 | Q110: =IF(AB119=AB110,IF(M109>30,M109,M108),0) -> 0 | R110: =IF(AB119=AB110,IF(M109<=30,M109,M110),0) -> 0 | S110: =IF(AC119=AC110,IF(M109>60,M109,M108),0) -> 0 | T110: =IF(AC119=AC110,IF(M109<=60,M109,M110),0) -> 0 | U110: =IF(AA119=AA110,IF(M109>10,I109,I108),0) -> 0 | V110: =IF(AA119=AA110,IF(M109<=10,I109,I110),0) -> 0 | W110: =IF(AB119=AB110,IF(M109>30,I109,I108),0) -> 0 | X110: =IF(AB119=AB110,IF(M109<=30,I109,I110),0) -> 0 | Y110: =IF(AC119=AC110,IF(M109>60,I109,I108),0) -> 0 | Z110: =IF(AC119=AC110,IF(M109<=60,I109,I110),0) -> 0 | AA110: =ABS(10-M109) -> 62.830639 | AB110: =ABS(30-M109) -> 42.830639 | AC110: =ABS(60-M109) -> 12.830639
B111: =B110 -> 152.4 | C111: 0 | E111: 1/4" | F111: =P36 -> 5458 | G111: =F111*3.2 -> 17465.6 | I111: 4.75 | J111: N° 4 | K111: =C34 -> 3514 | L111: =+D34 -> 2.9690612 | M111: =+F34 -> 62.475257 | O111: =IF(AA119=AA111,IF(M110>10,M110,M109),0) -> 0 | P111: =IF(AA119=AA111,IF(M110<=10,M110,M111),0) -> 0 | Q111: =IF(AB119=AB111,IF(M110>30,M110,M109),0) -> 0 | R111: =IF(AB119=AB111,IF(M110<=30,M110,M111),0) -> 0 | S111: =IF(AC119=AC111,IF(M110>60,M110,M109),0) -> 0 | T111: =IF(AC119=AC111,IF(M110<=60,M110,M111),0) -> 0 | U111: =IF(AA119=AA111,IF(M110>10,I110,I109),0) -> 0 | V111: =IF(AA119=AA111,IF(M110<=10,I110,I111),0) -> 0 | W111: =IF(AB119=AB111,IF(M110>30,I110,I109),0) -> 0 | X111: =IF(AB119=AB111,IF(M110<=30,I110,I111),0) -> 0 | Y111: =IF(AC119=AC111,IF(M110>60,I110,I109),0) -> 0 | Z111: =IF(AC119=AC111,IF(M110<=60,I110,I111),0) -> 0 | AA111: =ABS(10-M110) -> 60.05591 | AB111: =ABS(30-M110) -> 40.05591 | AC111: =ABS(60-M110) -> 10.05591
A112: 5" | B112: 127 | C112: 100 | E112: Nº 4 | F112: =P37 -> 3514 | G112: =F112*3.2 -> 11244.8 | I112: 2 | J112: N° 10 | K112: =C36 -> 33.7 | L112: =+D36 -> 2.916988 | M112: =+F36 -> 52.573078 | O112: =IF(AA119=AA112,IF(M111>10,M111,M110),0) -> 0 | P112: =IF(AA119=AA112,IF(M111<=10,M111,M112),0) -> 0 | Q112: =IF(AB119=AB112,IF(M111>30,M111,M110),0) -> 0 | R112: =IF(AB119=AB112,IF(M111<=30,M111,M112),0) -> 0 | S112: =IF(AC119=AC112,IF(M111>60,M111,M110),0) -> 62.475257 | T112: =IF(AC119=AC112,IF(M111<=60,M111,M112),0) -> 52.573078 | U112: =IF(AA119=AA112,IF(M111>10,I111,I110),0) -> 0 | V112: =IF(AA119=AA112,IF(M111<=10,I111,I112),0) -> 0 | W112: =IF(AB119=AB112,IF(M111>30,I111,I110),0) -> 0 | X112: =IF(AB119=AB112,IF(M111<=30,I111,I112),0) -> 0 | Y112: =IF(AC119=AC112,IF(M111>60,I111,I110),0) -> 4.75 | Z112: =IF(AC119=AC112,IF(M111<=60,I111,I112),0) -> 2 | AA112: =ABS(10-M111) -> 52.475257 | AB112: =ABS(30-M111) -> 32.475257 | AC112: =ABS(60-M111) -> 2.4752566
B113: =B112 -> 127 | C113: 0 | E113: Nº 8 | F113: =P38 -> 80.7 | G113: =F113*3.2 -> 258.24 | I113: 0.84 | J113: N° 20 | K113: =C38 -> 60.9 | L113: =+D38 -> 5.2713522 | M113: =+F38 -> 38.455548 | O113: =IF(AA119=AA113,IF(M112>10,M112,M111),0) -> 0 | P113: =IF(AA119=AA113,IF(M112<=10,M112,M113),0) -> 0 | Q113: =IF(AB119=AB113,IF(M112>30,M112,M111),0) -> 0 | R113: =IF(AB119=AB113,IF(M112<=30,M112,M113),0) -> 0 | S113: =IF(AC119=AC113,IF(M112>60,M112,M111),0) -> 0 | T113: =IF(AC119=AC113,IF(M112<=60,M112,M113),0) -> 0 | U113: =IF(AA119=AA113,IF(M112>10,I112,I111),0) -> 0 | V113: =IF(AA119=AA113,IF(M112<=10,I112,I113),0) -> 0 | W113: =IF(AB119=AB113,IF(M112>30,I112,I111),0) -> 0 | X113: =IF(AB119=AB113,IF(M112<=30,I112,I113),0) -> 0 | Y113: =IF(AC119=AC113,IF(M112>60,I112,I111),0) -> 0 | Z113: =IF(AC119=AC113,IF(M112<=60,I112,I113),0) -> 0 | AA113: =ABS(10-M112) -> 42.573078 | AB113: =ABS(30-M112) -> 22.573078 | AC113: =ABS(60-M112) -> 7.4269222
A114: 4" | B114: 101.6 | C114: 100 | E114: Nº 10 | F114: =P39 -> 33.7 | G114: =F114*3.2 -> 107.84 | I114: 0.425 | J114: N °40 | K114: =C40 -> 47.4 | L114: =+D40 -> 4.1028259 | M114: =+F40 -> 29.505502 | O114: =IF(AA119=AA114,IF(M113>10,M113,M112),0) -> 0 | P114: =IF(AA119=AA114,IF(M113<=10,M113,M114),0) -> 0 | Q114: =IF(AB119=AB114,IF(M113>30,M113,M112),0) -> 0 | R114: =IF(AB119=AB114,IF(M113<=30,M113,M114),0) -> 0 | S114: =IF(AC119=AC114,IF(M113>60,M113,M112),0) -> 0 | T114: =IF(AC119=AC114,IF(M113<=60,M113,M114),0) -> 0 | U114: =IF(AA119=AA114,IF(M113>10,I113,I112),0) -> 0 | V114: =IF(AA119=AA114,IF(M113<=10,I113,I114),0) -> 0 | W114: =IF(AB119=AB114,IF(M113>30,I113,I112),0) -> 0 | X114: =IF(AB119=AB114,IF(M113<=30,I113,I114),0) -> 0 | Y114: =IF(AC119=AC114,IF(M113>60,I113,I112),0) -> 0 | Z114: =IF(AC119=AC114,IF(M113<=60,I113,I114),0) -> 0 | AA114: =ABS(10-M113) -> 28.455548 | AB114: =ABS(30-M113) -> 8.4555483 | AC114: =ABS(60-M113) -> 21.544452
B115: =B114 -> 101.6 | C115: 0 | E115: Nº 16 | F115: =P40 -> 102.2 | G115: =F115*3.2 -> 327.04 | I115: 0.297 | J115: N° 50 | K115: =C41 -> 35.4 | L115: =+D41 -> 3.0641358 | M115: =+F41 -> 26.441366 | O115: =IF(AA119=AA115,IF(M114>10,M114,M113),0) -> 0 | P115: =IF(AA119=AA115,IF(M114<=10,M114,M115),0) -> 0 | Q115: =IF(AB119=AB115,IF(M114>30,M114,M113),0) -> 38.455548 | R115: =IF(AB119=AB115,IF(M114<=30,M114,M115),0) -> 29.505502 | S115: =IF(AC119=AC115,IF(M114>60,M114,M113),0) -> 0 | T115: =IF(AC119=AC115,IF(M114<=60,M114,M115),0) -> 0 | U115: =IF(AA119=AA115,IF(M114>10,I114,I113),0) -> 0 | V115: =IF(AA119=AA115,IF(M114<=10,I114,I115),0) -> 0 | W115: =IF(AB119=AB115,IF(M114>30,I114,I113),0) -> 0.84 | X115: =IF(AB119=AB115,IF(M114<=30,I114,I115),0) -> 0.425 | Y115: =IF(AC119=AC115,IF(M114>60,I114,I113),0) -> 0 | Z115: =IF(AC119=AC115,IF(M114<=60,I114,I115),0) -> 0 | AA115: =ABS(10-M114) -> 19.505502 | AB115: =ABS(30-M114) -> 0.49449796 | AC115: =ABS(60-M114) -> 30.494498
A116: 3" | B116: 76.2 | C116: 100 | E116: Nº 20 | F116: =P41 -> 60.9 | G116: =F116*3.2 -> 194.88 | I116: 0.15 | J116: N° 100 | K116: =C44 -> 15 | L116: =+D44 -> 1.2983626 | M116: =+F44 -> 21.066145 | O116: =IF(AA119=AA116,IF(M115>10,M115,M114),0) -> 0 | P116: =IF(AA119=AA116,IF(M115<=10,M115,M116),0) -> 0 | Q116: =IF(AB119=AB116,IF(M115>30,M115,M114),0) -> 0 | R116: =IF(AB119=AB116,IF(M115<=30,M115,M116),0) -> 0 | S116: =IF(AC119=AC116,IF(M115>60,M115,M114),0) -> 0 | T116: =IF(AC119=AC116,IF(M115<=60,M115,M116),0) -> 0 | U116: =IF(AA119=AA116,IF(M115>10,I115,I114),0) -> 0 | V116: =IF(AA119=AA116,IF(M115<=10,I115,I116),0) -> 0 | W116: =IF(AB119=AB116,IF(M115>30,I115,I114),0) -> 0 | X116: =IF(AB119=AB116,IF(M115<=30,I115,I116),0) -> 0 | Y116: =IF(AC119=AC116,IF(M115>60,I115,I114),0) -> 0 | Z116: =IF(AC119=AC116,IF(M115<=60,I115,I116),0) -> 0 | AA116: =ABS(10-M115) -> 16.441366 | AB116: =ABS(30-M115) -> 3.5586337 | AC116: =ABS(60-M115) -> 33.558634
B117: =B116 -> 76.2 | C117: 0 | E117: Nº 30 | F117: =P42 -> 56 | G117: =F117*3.2 -> 179.2 | I117: 0.075 | J117: N° 200 | K117: =C46 -> 43.2 | L117: =+D46 -> 3.7392843 | M117: =+F46 -> 17.326861 | O117: =IF(AA119=AA117,IF(M116>10,M116,M115),0) -> 0 | P117: =IF(AA119=AA117,IF(M116<=10,M116,M117),0) -> 0 | Q117: =IF(AB119=AB117,IF(M116>30,M116,M115),0) -> 0 | R117: =IF(AB119=AB117,IF(M116<=30,M116,M117),0) -> 0 | S117: =IF(AC119=AC117,IF(M116>60,M116,M115),0) -> 0 | T117: =IF(AC119=AC117,IF(M116<=60,M116,M117),0) -> 0 | U117: =IF(AA119=AA117,IF(M116>10,I116,I115),0) -> 0 | V117: =IF(AA119=AA117,IF(M116<=10,I116,I117),0) -> 0 | W117: =IF(AB119=AB117,IF(M116>30,I116,I115),0) -> 0 | X117: =IF(AB119=AB117,IF(M116<=30,I116,I117),0) -> 0 | Y117: =IF(AC119=AC117,IF(M116>60,I116,I115),0) -> 0 | Z117: =IF(AC119=AC117,IF(M116<=60,I116,I117),0) -> 0 | AA117: =ABS(10-M116) -> 11.066145 | AB117: =ABS(30-M116) -> 8.9338549 | AC117: =ABS(60-M116) -> 38.933855
A118: 2 1/2" | B118: 63.5 | C118: 100 | E118: Nº 40 | F118: =P43 -> 47.4 | G118: =F118*3.2 -> 151.68 | I118: 0 | J118: < Nº 200 | K118: =C47 -> 200.17745 | L118: =+D47 -> 17.326861 | M118: =+F47 -> 0 | O118: =IF(AA119=AA118,IF(M117>10,M117,M116),0) -> 17.326861 | P118: =IF(AA119=AA118,IF(M117<=10,M117,M118),0) -> 0 | Q118: =IF(AB119=AB118,IF(M117>30,M117,M116),0) -> 0 | R118: =IF(AB119=AB118,IF(M117<=30,M117,M118),0) -> 0 | S118: =IF(AC119=AC118,IF(M117>60,M117,M116),0) -> 0 | T118: =IF(AC119=AC118,IF(M117<=60,M117,M118),0) -> 0 | U118: =IF(AA119=AA118,IF(M117>10,I117,I116),0) -> 0.075 | V118: =IF(AA119=AA118,IF(M117<=10,I117,I118),0) -> 0 | W118: =IF(AB119=AB118,IF(M117>30,I117,I116),0) -> 0 | X118: =IF(AB119=AB118,IF(M117<=30,I117,I118),0) -> 0 | Y118: =IF(AC119=AC118,IF(M117>60,I117,I116),0) -> 0 | Z118: =IF(AC119=AC118,IF(M117<=60,I117,I118),0) -> 0 | AA118: =ABS(10-M117) -> 7.3268607 | AB118: =ABS(30-M117) -> 12.673139 | AC118: =ABS(60-M117) -> 42.673139
B119: =B118 -> 63.5 | C119: 0 | E119: Nº 50 | F119: =P44 -> 35.4 | G119: =F119*3.2 -> 113.28 | O119: =MAX(O104:O118) -> 17.326861 | P119: =MAX(P104:P118) -> 0 | Q119: =MAX(Q104:Q118) -> 38.455548 | R119: =MAX(R104:R118) -> 29.505502 | S119: =MAX(S104:S118) -> 62.475257 | T119: =MAX(T104:T118) -> 52.573078 | U119: =MAX(U104:U118) -> 0.075 | V119: =MAX(V104:V118) -> 0 | ... Z119: =MAX(Z104:Z118) -> 2 | AA119: =MIN(AA104:AA118) -> 7.3268607 | AB119: =MIN(AB104:AB118) -> 0.49449796 | AC119: =MIN(AC104:AC118) -> 2.4752566
A120: 2" | B120: 50.8 | C120: 100 | E120: Nº 60 | F120: =P46 -> 19.4 | G120: =F120*3.2 -> 62.08 | I120: 1 | J120: 0 | K120: 0
B121: =B120 -> 50.8 | C121: 0 | E121: Nº 80 | F121: =P47 -> 27.7 | G121: =F121*3.2 -> 88.64 | I121: 2 | J121: =B46 -> 0.075 | K121: =IF(F46=0,100,F46) -> 17.326861 | O121: % Pasante | P121: 10 | Q121: 30 | R121: 60
A122: 1 1/2" | B122: 38.1 | C122: 100 | E122: Nº 100 | F122: =P48 -> 15 | G122: =F122*3.2 -> 48 | I122: 3 | J122: =B44 -> 0.15 | K122: =IF(F44=0,100,F44) -> 21.066145 | O122: Diam. sup | P122: =U119 -> 0.075 | Q122: =W119 -> 0.84 | R122: =Y119 -> 4.75
B123: =B122 -> 38.1 | C123: 0 | E123: Nº 140 | F123: =#REF! -> #REF! | G123: =F123*3.2 -> #REF! | I123: 4 | J123: =B43 -> 0.177 | K123: =IF(F43=0,100,F43) -> 22.364508 | O123: Diam. inf | P123: =V119 -> 0 | Q123: =X119 -> 0.425 | R123: =Z119 -> 2
...

Sheet D4318
C1: SOCIEDAD MINERA CERRO VERDE S.A.A. | L1: ID del Documento: | N1: QC-C-028
C2: ASEGURAMIENTO DE CALIDAD | L2: Revisión: | N2: 2
C3: LIMITE LÍQUIDO, LÍMITE PLÁSTICO E ÍNDICE DE PLASTICIDAD | L3: Fecha: | N3: 45658
L4: Especialidad: | N4: Civil
B5: PROYECTO: | D5: TL SADDLE DAM SD1, SD2, SD4, SD5 | J5: N° SISTEMA: | L5: ='D6913'!J5 -> CAP22027-C2-4000-0505
B6: PRODUCTO ENTREGABLE: | D6: ='D6913'!C6 -> RELLENO DE MATERIAL DE NÚCLEO | J6: CÓDIGO FACILIDAD: | L6: ='D6913'!J6 -> CAP22027-C2-4000-0505-02/02
B7: CONTRATISTA: | D7: ='D6913'!C7 -> SGS DEL PERÚ S.A.C. | J7: FECHA: | L7: ='D6913'!J7 -> 46122
B8: ESPECIFICACIÓN: | D8: ='D6913'!C8 -> CAP220271490000-C2-4000-10-CS-112_0 | J8: N° REGISTRO: | L8: C-Z3-LA-025
B9: PLANOS: | J9: PÁGINA: | L9: 1 | M9: DE | N9: 1
B11: LÍMITES DE CONSISTENCIA (ASTM D4318)
B12: ='D6913'!A12 -> UBICACIÓN DE LA MUESTRA: | E12: ='D6913'!C12 -> SD5- Plataforma de Acopio Zona 3 DP16 - Pila N° 25 | M12: ='D6913'!J12 -> FECHA MUESTREO: | N12: ='D6913'!K12 -> 46122 | R12: NO TOCAR DATO PARA HOJA DE CALCULO
B13: ='D6913'!A13 -> MATERIAL: | C13: ='D6913'!B13 -> Zona 3 - Núcleo | H13: MUESTRA N°: | J13: ='D6913'!F13 -> SGS-C-Z3-025 | M13: ='D6913'!J13 -> FECHA ENSAYO: | N13: ='D6913'!K13 -> 46122 | Q13: =IF(G35="NP",1*K23,1*K22) -> 31.763827
B14: LÍMITE LÍQUIDO | P14: 25 EXT | Q14: =1*((G24-K24)*K22-(25-K24)*(K22-G22))/(G24-K24) -> 30.864301
B15: Descripción | F15: Und | G15: Ensayos | P15: 25 INT | Q15: =IF(G35="NP",(1*((I24-K24)*K23-(25-K24)*(K23-I23))/(I24-K24)),1*((I24-K24)*K22-(25-K24)*(K22-I22))/(I24-K24)) -> 30.89696
B16: Nº TARRO | G16: 3 | I16: 18 | K16: 6 | Q16: =IF(G35="NP",(1*((G24-I24)*I23-(25-I24)*(I23-G23))/(G24-I24)),1*((G24-I24)*I22-(25-I24)*(I22-G22))/(G24-I24)) -> 30.889703 | U16: =+G24 -> 32 | V16: =+I24 -> 24 | W16: =+K24 -> 16
B17: MASA TARRO + SUELO HUMEDO | F17: (g) | G17: 28.52 | I17: 28.71 | K17: 28.81 | P17: PROM | Q17: =1*(Q14+Q15)/2 -> 30.880631 | U17: =+LN(U16) -> 3.4657359 | V17: =+LN(V16) -> 3.1780538 | W17: =+LN(W16) -> 2.7725887
B18: MASA TARRO + SUELO SECO | F18: (g) | G18: 24.49 | I18: 24.56 | K18: 24.56 | U18: =+G22 -> 30.164671 | V18: =+I22 -> 30.993279 | W18: =+K22 -> 31.763827
B19: MASA DE AGUA | F19: (g) | G19: =IF(OR(G16=0,G16=""),"",G17-G18) -> 4.03 | I19: =IF(OR(I16=0,I16=""),"",I17-I18) -> 4.15 | K19: =IF(OR(K16=0,K16=""),"",IF(AND(K16=0,K16=""),"",K17-K18)) -> 4.25 | P19: 10 | Q19: =Q17 -> 30.880631 | R19: =(+Q22+Q23)/2 -> 30.959925
B20: MASA DEL TARRO | F20: (g) | G20: =IF(OR(G16=0,G16=""),"",LOOKUP(G16,$X$38:$X$61,$Y$38:$Y$61)) -> 11.13 | I20: =IF(OR(I16=0,I16=""),"",LOOKUP(I16,$X$38:$X$61,$Y$38:$Y$61)) -> 11.17 | K20: =IF(OR(K16=0,K16=""),"",LOOKUP(K16,$X$38:$X$61,$Y$38:$Y$61)) -> 11.18
B21: MASA DEL SUELO SECO | F21: (g) | G21: =IF(OR(G16=0,G16=""),"",G18-G20) -> 13.36 | I21: =IF(OR(I16=0,I16=""),"",I18-I20) -> 13.39 | K21: =IF(OR(K16=0,K16=""),"",IF(AND(K16=0,K16=""),"",K18-K20)) -> 13.38 | P21: 25 | Q21: =Q17 -> 30.880631 | R21: =(+Q27+Q28)/2 -> 30.467306
B22: CONTENIDO DE HUMEDAD | F22: (%) | G22: =IF(OR(G16=0,G16=""),"",G19/G21*100) -> 30.164671 | I22: =IF(OR(I16=0,I16=""),"",I19/I21*100) -> 30.993279 | K22: =IF(OR(K16=0,K16=""),"",IF(AND(K16=0,K16=""),"",K19/K21*100)) -> 31.763827 | P22: =G24 -> 32 | Q22: =IF(G35="NP",G22,G23) -> 31.079283 | R22: =(G24+I24)/2 -> 28 | S22: =G24 -> 32 | T22: =Q22 -> 31.079283
B23: Limite Liquido (1 punto) LL= WN(N/25)0.121 | F23: (%) | G23: =IF(AND(G16=0,G16=""),"",(G22*(G24/25)^0.121)) -> 31.079283 | I23: =IF(AND(I16=0,I16=""),"",(I22*(I24/25)^0.121)) -> 30.840566 | K23: =IF(OR(K16=0,K16=""),"",IF(AND(K16=0,K16=""),"",(K22*(K24/25)^0.121))) -> 30.094047 | P23: =I24 -> 24 | Q23: =IF(G35="NP",I22,I23) -> 30.840566 | R23: =(+I24+K24)/2 -> 20 | S23: =P23 -> 24 | T23: =Q23 -> 30.840566 | X23: golpe
B24: NUMERO DE GOLPES | G24: 32 | I24: 24 | K24: 16 | P24: =R22 -> 28 | Q24: =R19 -> 30.959925 | S24: =R22 -> 28 | T24: 0 | U24: =Q24 -> 30.959925 | X24: 25 | Y24: =+Q22+0.5 -> 31.579283
P25: =R23 -> 20 | Q25: =R21 -> 30.467306 | S25: =R23 -> 20 | T25: 0 | U25: =Q25 -> 30.467306 | X25: 25 | Y25: =+Q28-0.5 -> 29.594047
B26: LÍMITE PLÁSTICO | S26: =R22 -> 28 | T26: 0 | X26: lilmite liquido a 25 golpes
F27: Und | G27: Ensayos | K27: Observaciones | P27: =I24 -> 24 | Q27: =IF(G35="NP",I22,I23) -> 30.840566 | S27: =P27 -> 24 | T27: 0 | U27: 0 | V27: =Q27 -> 30.840566 | X27: 25 | Y27: =+L14 -> 0
B28: Nº TARRO | G28: 3 | I28: 5 | P28: =K24 -> 16 | Q28: =IF(G35="NP",K22,K23) -> 30.094047 | S28: =P28 -> 16 | T28: 0 | U28: 0 | V28: =Q28 -> 30.094047 | AB28: LL | AC28: LP | AD28: IP
B29: MASA TARRO + SUELO HUMEDO | F29: (g) | G29: 12.63 | I29: 12.58 | AB29: =S36*LN(25)+S37 -> 28.857649 | AC29: =AVERAGE(G34:J34) -> 19.38479 | AD29: =+AB29-AC29 -> 9.4728599
B30: MASA TARRO + SUELO SECO | F30: (g) | G30: 11.27 | I30: 11.23
B31: MASA DE AGUA | F31: (g) | G31: =IF(COUNTBLANK(G28:G30)>=1,"",G29-G30) -> 1.36 | I31: =IF(COUNTBLANK(I28:I30)>=1,"",I29-I30) -> 1.35 | AB31: 25 | AC31: 0
B32: MASA DEL TARRO | F32: (g) | G32: =IF(OR(G28=0,G28=""),"",LOOKUP(G28,$AA$38:$AA$61,$AB38:$AB$61)) -> 4.26 | I32: =IF(OR(I28=0,I28=""),"",LOOKUP(I28,$AA$38:$AA$61,$AB38:$AB$61)) -> 4.26 | T32: 25 | U32: 0 | AB32: =+AB31 -> 25 | AC32: 29.82 | AD32: LL
B33: MASA DEL SUELO SECO | F33: (g) | G33: =IF(G31="","",G30-G32) -> 7.01 | I33: =IF(I31="","",I30-I32) -> 6.97 | T33: 25 | U33: =AC32 -> 29.82 | V33: =+Q15 -> 30.89696 | AB33: 1 | AC33: =AC32 -> 29.82 | AD33: LL
B34: CONTENIDO DE HUMEDAD | F34: (%) | G34: =IF(G33="","",G31/G33*100) -> 19.400856 | I34: =IF(I33="","",I31/I33*100) -> 19.368723 | T34: 1 | U34: =+U33 -> 29.82
B35: PROMEDIO | F35: (%) | G35: =+IF(AND(G34="",I34=""),"NP",AVERAGE(G34:J34)) -> 19.38479
P36: COPIAR LA ECUACIÓN DEL GRÁFICO | R36: x | S36: -3.78 | X36: LL | AB36: LP
R37: Cte. | S37: 41.025 | X37: N° TARRO | Y37: PESO | AA37: N° TARRO | AB37: PESO
B38: X | D38: Y | X38: 1 | Y38: 11.02 | AA38: 1 | AB38: 4.3
B39: =INT(MAX(G22:N22))+1 -> 32 | D39: =INT(MIN(G22:N22))-1 -> 29 | E39: 25 | X39: 2 | Y39: 11.16 | AA39: 2 | AB39: 4.28
X40: 3 | Y40: 11.13 | AA40: 3 | AB40: 4.26
X41: 4 | Y41: 11.3 | AA41: 4 | AB41: 4.28
X42: 5 | Y42: 11.34 | AA42: 5 | AB42: 4.26
Q43: NO TOCAR DATOS PARA GRÁFICO | X43: 6 | Y43: 11.18 | AA43: 6 | AB43: 4.32
Q44: =LOG10(G24) -> 1.50515 | R44: =LOG10(I24) -> 1.3802112 | S44: =LOG10(K24) -> 1.20412 | X44: 7 | Y44: 11.33 | AA44: 7 | AB44: 4.26
Q45: 25 | R45: =LOG(25) -> 1.39794 | S45: =TREND(U18:W18,Q44:S44,R45) -> 30.791304 | X45: 8 | Y45: 11.3 | AA45: 8 | AB45: 4.28
X46: 9 | Y46: 11.36 | AA46: 9 | AB46: 4.26
X47: 10 | Y47: 11.14 | AA47: 10 | AB47: 4.26
X48: 11 | Y48: 11.09 | AA48: 11 | AB48: 4.3
Q49: CALCULO | X49: 12 | Y49: 11.45 | AA49: 12 | AB49: 4.29
Q50: =IF(G22="","",G22*(G24/25)^0.121) -> 31.079283 | R50: =IF(I22="","",I22*(I24/25)^0.121) -> 30.840566 | S50: =+IF(K22="","",K22*(K24/25)^0.121) -> 30.094047 | X50: 13 | Y50: 11.5 | AA50: 13 | AB50: 4.27
R51: LIMITE LIQUIDO | X51: 14 | Y51: 11.36 | AA51: 14 | AB51: 4.27
Q52: =+IF(Q50="",0,1) -> 1 | R52: =+IF(R50="",0,1) -> 1 | S52: =+IF(S50="",0,1) -> 1 | X52: 15 | Y52: 11.33 | AA52: 15 | AB52: 4.26
S53: =+SUM(Q52:S52) -> 3 | X53: 16 | Y53: 11.43 | AA53: 16 | AB53: 4.3
Q54: =+IF(Q52=1,Q50,0) -> 31.079283 | R54: =+IF(R52=1,R50,0) -> 30.840566 | S54: =+IF(S52=1,S50,0) -> 30.094047 | X54: 17 | Y54: 11.15 | AA54: 17 | AB54: 4.26
X55: 18 | Y55: 11.17 | AA55: 18 | AB55: 4.3
R56: LIMITE PLASTICO | X56: 19 | Y56: 11.38 | AA56: 19 | AB56: 4.29
Q57: =+IF(G34="",0,1) -> 1 | R57: =+IF(I34="",0,1) -> 1 | X57: 20 | Y57: 11.26 | AA57: 20 | AB57: 4.25
B58: CONSTANTES FÍSICAS DE LA MUESTRA | H58: EETT MIN | R58: =+SUM(Q57:R57) -> 2 | X58: 21 | Y58: 11.28 | AA58: 21 | AB58: 4.29
B59: LMITE LÍQUIDO | E59: =+IF(G16="","NP",U33) -> 29.82 | F59: =IF(G22="","--",ROUND((G22+I22+K22)/3,0)) -> 31 | H59: 0.2 | J59: =+IF(S53=0,0,SUM(Q54:S54)/S53) -> 30.671299 | Q59: =+IF(Q57=1,G34,0) -> 19.400856 | R59: =+IF(R57=1,I34,0) -> 19.368723 | X59: 22 | Y59: 11.36 | AA59: 22 | AB59: 4.26
B60: LÍMITE PLÁSTICO | F60: =G35 -> 19.38479 | H60: - | J60: =+IF(R58=0,0,SUM(Q59:R59)/R58) -> 19.38479 | X60: 23 | Y60: 11.37 | AA60: 23 | AB60: 4.3
B61: ÍNDICE DE PLASTICIDAD | F61: =IF(F60="NP",F60,+F59-F60) -> 11.61521 | H61: 0.1 | J61: =+IF(J60=0,0,(J59-J60)) -> 11.286509 | X61: 24 | Y61: 11.54 | AA61: 24 | AB61: 4.28
B63: Método Preparación: | E63: Seco
B64: Método de Ensayo: | E64: Multipunto
B65: Descripción de la Muestra: | E65: =+'D6913'!I46 -> SC - Arena Arcillosa con grava
B66: % Retenido Acum. Tamiz N° 40 | E66: ='D6913'!E40 -> 70.494498 | F66: %
B67: Método de Secado: | E67: Horno
B69: COMENTARIOS Y OBSERVACIONES:
B70: Material Argílico Z3, "APROBADO" Cumple con los requisitos de limite liquido (LL) exigidos por las EETT.
B71: Material Argílico Z3, "APROBADO" Cumple con los requisitos de Índice de Plasticidad (IP) exigidos por las EETT.
