Workbook
Name AAA: #REF!
Name AAA: #REF!
Name AAA: #REF!
Name AAAAA: #REF!
Name AAAAA: #REF!
Name AAAAA: #REF!
Name CC: #REF!
Name cddd: #REF!
Name cddd: #REF!
Name cddd: #REF!
Name chatas: #REF!
Name chatas: #REF!
Name chatas: #REF!
Name CM: #REF!
Name CM: #REF!
Name CM: #REF!
Name COMPACT: #REF!
Name COMPACT: #REF!
Name COMPACT: #REF!
Name CU: #REF!
Name Dato: #REF!
Name Dato: #REF!
Name Dato: #REF!
Name datos: #REF!
Name datos: #REF!
Name datos: #REF!
Name Datoss: #REF!
Name Datoss: #REF!
Name Datoss: #REF!
Name diasem: #REF!
Name diasem: #REF!
Name diasem: #REF!
Name Divisiones: #REF!
Name Divisiones: #REF!
Name Divisiones: #REF!
Name E: #REF!
Name E: #REF!
Name E: #REF!
Name ED: #REF!
Name ED: #REF!
Name ED: #REF!
Name ELEMENTOS: #REF!
Name escala: #REF!
Name escala: #REF!
Name escala: #REF!
Name FF: #REF!
Name FF: #REF!
Name FF: #REF!
Name GAUS: #REF!
Name GAUS: #REF!
Name GAUS: #REF!
Name INDICE: #REF!
Name INDICE: #REF!
Name INDICE: #REF!
Name IP: #REF!
Name laditos: #REF!
Name laditos: #REF!
Name laditos: #REF!
Name lados: #REF!
Name lados: #REF!

Sheet QC-C-019 (Cono Arena)
E1: SOCIEDAD MINERA CERRO VERDE S.A.A. | K1: ID del Documento: | M1: QC-C-019
E2: ASEGURAMIENTO DE CALIDAD | K2: Revisión: | M2: 2
E3: ENSAYO DE DENSIDAD DE CAMPO CONO DE ARENA ASTM D1556 | K3: Fecha: | M3: 45659
K4: Especialidad: | M4: Civil
B5: PROYECTO: | C5: PROYECTO: | E5: TL SADDLE DAM 1, 2, 4, 5. | J5: N° SISTEMA: | L5: CAP22027-C2-4000-0505
B6: PRODUCTO ENTREGABLE: | C6: PRODUCTO ENTREGABLE: | E6: RELLENO DE MATERIAL DEL NÚCLEO | J6: CÓDIGO FACILIDAD: | L6: CAP22027-C2-4000-0505-02/02
B7: CONTRATISTA: | C7: CONTRATISTA: | E7: SGS DEL PERÚ S.A.C. | J7: FECHA: | L7: =+L13 -> 46120
B8: ESPECIFICACION: | C8: ESPECIFICACION: | E8: CAP220271490000-C2-4000-10-CS-112_0 | J8: N° REGISTRO: | L8: C-Z3-CA12-
B9: PLANOS: | C9: PLANOS: | J9: PÁGINA: | L9: 1 DE | M9: 1
B11: ENSAYO DE CONO DE ARENA 12" TOMANDO COMO REFERENCIA LA NORMA ASTM D1556 | P11: Profundidad | R11: 150 | S11: 150 | T11: 150
B12: Datos de la muestra | P12: Rodillo Pata de Cabra 825h (33 Tn) | R12: 14 | S12: 14 | T12: 14
B13: UBICACIÓN DE LA MUESTRA: | E13: SD5 - COT - Capa Nº 45 (12 Ciclos) | K13: FECHA DE ENSAYO: | L13: 46120
B14: MATERIAL: | E14: Zona 3 - Núcleo | K14: REGISTRO DE ENSAYO: | L14: SGS-CA12-Z3-045 | N14: 4
B15: TURNO: | E15: Día | K15: ENSAYADO POR: | L15: Percy Mollo
B16: Número de Prueba | H16: (Nº) | I16: 49
B17: Número de Cono | H17: (Nº) | I17: CA12" - 01
B18: Profundidad de la Prueba | H18: (m) | I18: 0.2
B19: Número de Ciclos Compactados | H19: (Nº) | I19: 12
B20: Lado | H20: - | I20: Inboard
B21: Espesor de Capa (cm) | H21: (cm) | I21: 30
B22: Número de Capa | H22: (Nº) | I22: 45
B23: Coordenadas | H23: N: | I23: 8166207.5 | N23: 1
H24: E: | I24: 222746.07
H25: Cota: | I25: 2674.315 | O25: 0.9773
B26: VOLUMEN DEL HOYO | O26: 0.9545
B27: 01 | C27: Peso de la arena + frasco | H27: (g) | I27: 51500 | O27: =ROUND(+I27*$O$25,0) -> 50331 | P27: =ROUND(+J27*$O$25,0) -> 0 | Q27: =ROUND(+K27*$O$25,0) -> 0 | R27: =ROUND(+L27*$O$25,0) -> 0 | S27: =ROUND(+M27*$O$25,0) -> 0
B28: =+B27+1 -> 2 | C28: Peso de la arena remanente + frasco | H28: (g) | I28: 26500 | O28: =ROUND(+I28*$O$26,0) -> 25294 | P28: =ROUND(+J28*$O$26,0) -> 0 | Q28: =ROUND(+K28*$O$26,0) -> 0 | R28: =ROUND(+L28*$O$26,0) -> 0 | S28: =ROUND(+M28*$O$26,0) -> 0
B29: =+B28+1 -> 3 | C29: Peso de la arena empleada (01-02) | H29: (g) | I29: =I27-I28 -> 25000 | M29: 6016
B30: =+B29+1 -> 4 | C30: Peso de la arena en el cono y plato | H30: (g) | I30: 7827
B31: =+B30+1 -> 5 | C31: Peso de la arena en el hoyo (03-04) | H31: (g) | I31: =I29-I30 -> 17173 | M31: 4291
B32: =+B31+1 -> 6 | C32: Densidad de la arena | H32: (g/cm3) | I32: 1.348
B33: =+B32+1 -> 7 | C33: Volumen del hoyo (05/06) | H33: (cm3) | I33: =ROUND(I31/I32,0) -> 12740 | M33: 2899
B34: DENSIDAD SECA EN SITU DE LA MUESTRA TOTAL | O34: 0.99
B35: =+B33+1 -> 8 | C35: Peso de la muestra húmeda extraída del hoyo + recipiente | H35: (g) | I35: 29800 | O35: =ROUND(+I35*$O$34,0) -> 29502 | P35: =ROUND(+J35*$O$34,0) -> 0 | Q35: =ROUND(+K35*$O$34,0) -> 0 | R35: =ROUND(+L35*$O$34,0) -> 0 | S35: =ROUND(+M35*$O$34,0) -> 0
B36: =+B35+1 -> 9 | C36: Peso del recipiente | H36: (g) | I36: 10
B37: =+B36+1 -> 10 | C37: Peso de la muestra húmeda extraída del hoyo (08-09) | H37: (g) | I37: =I35-I36 -> 29790 | M37: =M35-M36 -> 0
B38: =+B37+1 -> 11 | C38: Densidad húmeda in situ (10/07) | H38: (g/cm3) | I38: =ROUND(I37/I33,3) -> 2.338 | M38: =ROUND(M37/M33,3) -> 0
B39: =+B38+1 -> 12 | C39: Densidad seca in situ 11/(1+(19/100)) | H39: (g/cm3) | I39: =ROUND(I38/(1+(I47/100)),3) -> 2.127 | M39: =ROUND(M38/(1+(M47/100)),3) -> #DIV/0!
B40: CONTENIDO DE HUMEDAD DE LA FRACCIÓN FINA (ASTM D2216)
B41: =+B39+1 -> 13 | C41: Peso de la muestra húmeda + Tara | H41: (g) | I41: 2540
B42: =+B41+1 -> 14 | C42: Peso de la muestra seca + Tara | H42: (g) | I42: 2386
B43: =+B42+1 -> 15 | C43: Peso del agua (13-14) | H43: (g) | I43: =+I41-I42 -> 154 | M43: =+M41-M42 -> 0
B44: =+B43+1 -> 16 | C44: Peso de la Tara | H44: (g) | I44: 1058.4
B45: =+B44+1 -> 17 | C45: Peso de la muestra seca (14-16) | H45: (g) | I45: =+I42-I44 -> 1327.6 | M45: =+M42-M44 -> 0 | O45: 1.05
B46: =+B45+1 -> 18 | C46: % de humedad de la fracción fina (15/17*100) | H46: (%) | I46: =IF(I43="","",IF(I45="","",(I43/I45)*100)) -> 11.599879 | M46: =IF(M43="","",IF(M45="","",(M43/M45)*100)) -> #DIV/0! | O46: =ROUND(+I46*$O$45,1) -> 12.2 | P46: =ROUND(+J46*$O$45,1) -> 0 | Q46: =ROUND(+K46*$O$45,1) -> 0 | R46: =ROUND(+L46*$O$45,1) -> 0 | S46: =ROUND(+M46*$O$45,1) -> #DIV/0!
B47: =+B46+1 -> 19 | C47: % de humedad de la muestra total (27*24+28*25)/100 | H47: (%) | I47: =ROUND(+(I56*I53+I57*I54)/100,1) -> 9.9 | M47: =ROUND(+(M56*M53+M57*M54)/100,1) -> #DIV/0!
B48: CORRECCIÓN DE LA DENSIDAD SECA Y CONTENIDO DE HUMEDAD (ASTM D4718) | T48: Valores de Humedad
B49: =+B47+1 -> 20 | C49: P. de la muestra seca extraída del hoyo (22+23) | H49: (g) | I49: =I51+I52 -> 27110 | M49: =M51+M52 -> #DIV/0! | O49: 1.062 | T49: =+G66-2 -> 6.2 | U49: mínimo
B50: =+B49+1 -> 21 | C50: P. del mat. extra dimensionado | H50: (g) | I50: 5775 | O50: =ROUND(+I50*$O$49,0) -> 6133 | P50: =ROUND(+J50*$O$49,0) -> 0 | Q50: =ROUND(+K50*$O$49,0) -> 0 | R50: =ROUND(+L50*$O$49,0) -> 0 | S50: =ROUND(+M50*$O$49,0) -> 0 | T50: =+G66+2 -> 10.2 | U50: máximo
B51: =+B50+1 -> 22 | C51: P. del mat. extra dimensionado seco 21/(1+(27/100)) | H51: (g) | I51: =ROUND(+I50/(1+(I56/100)),0) -> 5591 | M51: =ROUND(+M50/(1+(M56/100)),0) -> 0
B52: =+B51+1 -> 23 | C52: P. seco de la fracción fina (10-21)/(1+18/100) | H52: (g) | I52: =ROUND(+(I37-I50)/(1+I46/100),0) -> 21519 | M52: =ROUND(+(M37-M50)/(1+M46/100),0) -> #DIV/0!
B53: =+B52+1 -> 24 | C53: % del material extra dimensionado (22/20*100) | H53: (%) | I53: =ROUND(+(I51/I49*100),1) -> 20.6 | M53: =ROUND(+(M51/M49*100),1) -> #DIV/0! | T53: Valores Requeridos | W53: ZONA 3
B54: =+B53+1 -> 25 | C54: % del material de la fracción fina (23/20*100) | H54: (%) | I54: =ROUND(+(I52/I49*100),1) -> 79.4 | M54: =ROUND(+(M52/M49*100),1) -> #DIV/0!
B55: =+B54+1 -> 26 | C55: Peso Especifico del material extra dimensionado (ASTM C127) | I55: 2.48 | Q55: % DE COMPACTACIÓN CORREGIDA Y SIN CORREGIR | T55: Pila | U55: N° | W55: 20 | Y55: 13
B56: =+B55+1 -> 27 | C56: % de absorción del material extra dimensionado (ASTM C127) | I56: 3.3 | N56: Código de Proctor Utilizado | Q56: STN-TF_Z3-SGS-061 | T56: Maxima Densidad Seca(g/cc) | W56: 2.078 | Y56: 2.072
B57: =+B56+1 -> 28 | C57: % de humedad de fracción fina (=18) | H57: (%) | I57: =I46 -> 11.599879 | M57: =M46 -> #DIV/0! | N57: Método de Proctor Utilizado | Q57: =G65 -> C | T57: Maxima Densidad Seca (g/cc) | W57: 2.148 | Y57: 2.14
B58: =+B57+1 -> 29 | C58: Densidad Seca de la fraccón fina (12*26*25/(100*26-12*24)) | H58: (g/cm3) | I58: =ROUND(+I39*I55*I54/(100*I55-I39*I53),3) -> 2.051 | M58: =ROUND(+M39*M55*M54/(100*M55-M39*M53),3) -> #DIV/0! | N58: Densidad Seca de la fraccón fina (12*26*25/(100*26-12*24)) | Q58: =+I58 -> 2.051 | R58: =+J58 -> 0 | S58: =+K58 -> 0 | T58: OCH(%) | W58: 9.2 | Y58: 9.5
B59: GRADO DE COMPACTACIÓN CORREGIDA | N59: Densidad seca in situ (Total) | Q59: =+I39 -> 2.127 | R59: =+J39 -> 0 | S59: =+K39 -> 0 | T59: OCH Corregida(%) | W59: 8.2 | Y59: 8.2
B60: =+B58+1 -> 30 | C60: Máxima densidad seca Sin Corregir | H60: (g/cm3) | I60: =W56 -> 2.078 | J60: =W56 -> 2.078 | K60: =W56 -> 2.078 | N60: % del material extra dimensionado (De campo) | Q60: =+I53 -> 20.6 | R60: =+J53 -> 0 | S60: =+K53 -> 0 | T60: Greveda espicifica Bulk(g/cc) | W60: 2.48 | Y60: 2.49
B61: =+B60+1 -> 31 | C61: % de compactación (29/30)*100 | H61: (%) | I61: =ROUND(+(I58/I60)*100,1) -> 98.7 | L61: =ROUND(+(L58/L60)*100,1) -> #DIV/0! | M61: =ROUND(+(M58/M60)*100,1) -> #DIV/0! | N61: % del material extra dimensionado (Del Proctor) | Q61: 25 | R61: =+Q61 -> 25 | S61: =+R61 -> 25 | T61: % de Absorción | W61: 3.3 | Y61: 3.2
C62: ACEPTACIÓN DEL ENSAYO DE ACUERDO A EETT (CUMPLE) / (NO CUMPLE) | I62: =+IF(I61>=G64,"CUMPLE","NO CUMPLE") -> CUMPLE | J62: =+IF(J61>=G64,"CUMPLE","NO CUMPLE") -> NO CUMPLE | K62: =+IF(K61>=G64,"CUMPLE","NO CUMPLE") -> NO CUMPLE | M62: =+IF(M61>=G64,"CUMPLE","NO CUMPLE") -> #DIV/0! | N62: Máxima densidad seca (Sin Corregir Proctor) | Q62: 2.029 | R62: 2.029 | S62: 2.029 | T62: Metodo de Proctor | W62: C | Y62: C
B63: CARACTERÍSTICAS FÍSICAS DEL MATERIAL | N63: Máxima densidad seca (Corregida Proctor) | Q63: 2.132 | R63: =+Q63 -> 2.132 | S63: =+R63 -> 2.132 | T63: Codigo de Ensayo | W63: SGS-C-Z3-020 | X63: SGS-C-Z3-015 | Y63: STN-SD5-Z3-103
B64: % Mínimo de Compactación Especificado EETT | G64: 98 | H64: Clasificación SUCS | J64: SC | K64: Límite Líquido | M64: =W67 -> 29 | N64: % de compactación (Fracción fina corregida) | Q64: =IF(Q24="-","",ROUND(+(Q58/Q62)*100,1)) -> 101.1 | R64: =IF(R24="-","",ROUND(+(R58/R62)*100,1)) -> 0 | S64: =IF(S24="-","",ROUND(+(S58/S62)*100,1)) -> 0 | T64: % Ret. de Material Extradimencionado | W64: 20.3 | Y64: 19.2
B65: Método de Ensayo (ASTM D698 Proctor Estándar) | G65: =W62 -> C | H65: Pasa Tamiz N° 200 | J65: =W66 -> 16.5 | K65: Limite Plástico | M65: =W68 -> 17 | N65: % de compactación (Muestra total) | Q65: =Q59/Q63*100 -> 99.765478 | R65: =R59/R63*100 -> 0 | S65: =S59/S63*100 -> 0 | T65: % Ret. En Tamiz N° 4
B66: Óptimo Contenido de Humedad (Corregido) % | G66: =W59 -> 8.2 | H66: Peso especif. Piedra | J66: =W60 -> 2.48 | K66: Índice Plástico | M66: =W69 -> 12 | N66: Difrencia en % compactado | Q66: =Q64-Q65 -> 1.3345216 | R66: =R64-R65 -> 0 | S66: =S64-S65 -> 0 | T66: % Pasante Tamiz N°200 | W66: 16.5 | Y66: 17
B67: Observaciones: | D67: La compactación de la reparación de la capa N° 45, Lado Inboard zona central, se realizó con rodillo pata de cabra 825h - 33 Tn. (MBE) 12 ciclos. En coordinación con | N67: Difrencia en % Grava | Q67: =Q60-Q61 -> -4.4 | R67: =R60-R61 -> -25 | S67: =S60-S61 -> -25 | T67: Limite Liquido | W67: 29 | Y67: 30
B68: QA STANTEC. Los datos utilizados corresponden alos ensayos de la Pila N° 20 con N° de Registro: (SGS-C-Z3-020). | N68: VOLUMEN | O68: 371.06 | P68: M3 | Q68: =IF(Q24="-","",IF(Q64>=$G$64,"CUMPLE","NO CUMPLE")) -> CUMPLE | R68: =IF(R24="-","",IF(R64>=$G$64,"CUMPLE","NO CUMPLE")) -> NO CUMPLE | S68: =IF(S24="-","",IF(S64>=$G$64,"CUMPLE","NO CUMPLE")) -> NO CUMPLE | T68: Limite Plastico | W68: 17 | Y68: 18
P69: Referencia: Se realizó el ensayo cerca al Sector 2. | T69: Indice Deplasticidad | W69: 12 | Y69: 12
P71: Aplica Site Instruction: STN-CAP22027-2001747037-IS-077.
P73: Referencia: El ensayo se realizo en el Sector 2
C77: Ítem | D77: Código de Registro | E77: Fecha de Ensayo (Muestreo) | F77: Procedencia de la Muestra | H77: N° Capa | I77: Espesor Capa (mm) | J77: Profund. Muestra (mm) | K77: N° Ciclos | L77: Equipo Utilizado para Compactación de la Capa | N77: Cota | O77: Coordenadas | Q77: Ensayo realizado | R77: Datos Laboratorio (Proctor ASTM D698) | X77: Datos Campo (Cono de Arena ADTM D1556) | AD77: Grado de Compact. EETT. (%) | AE77: Grado de Compact. EETT. (%) | AF77: Equipo de Densidad Utilizado | AG77: Procedencia de Material para la Capa | AH77: N° | AI77: Observaciones
L78: Rodillo Pata de Cabra 825h (33 Tn) | M78: Rodillo Pata de Cabra Bomag (13 Tn) | R78: Reg. Laboratorio | S78: Densidad Seca Sin Corregir (g/cm3) | T78: Humedad Óptima Sin Corregir (%) | U78: Material Sobretamaño (%) | V78: Humedad Óptima Corregida (%) | W78: Método Utilizado para Corrección | X78: Densidad Húmeda (g/cm3) | Y78: Contenido Humedad Total (%) | Z78: Material Sobretamaño (%) | AA78: Densidad Seca Sin Corregir (g/cm3) | AB78: Contenido Humedad Fracción Fina (%) | AC78: Grado Compact. (%)
F79: Lado | G79: Ubicación | O79: Norte | P79: Este
C80: =I16 -> 49 | D80: =L14 -> SGS-CA12-Z3-045 | E80: =L13 -> 46120 | F80: =I20 -> Inboard | G80: =E13 -> SD5 - COT - Capa Nº 45 (12 Ciclos) | H80: =I22 -> 45 | I80: =I21*10 -> 300 | J80: =I18*1000 -> 200 | K80: =L80+M80 -> 12 | L80: 12 | M80: 0 | N80: =I25 -> 2674.315 | O80: =I23 -> 8166207.5 | P80: =I24 -> 222746.07 | Q80: Cono de Arena | R80: =W63 -> SGS-C-Z3-020 | S80: =I60 -> 2.078 | T80: =W58 -> 9.2 | U80: =W64 -> 20.3 | V80: =W59 -> 8.2 | W80: =W62 -> C | X80: =I38 -> 2.338 | Y80: =I47 -> 9.9 | Z80: =I53 -> 20.6 | AA80: =I58 -> 2.051 | AB80: =I46 -> 11.599879 | AC80: =IF(AA80="","",100*AA80/(S80)) -> 98.700674 | AD80: 98 | AE80: =IF(AC80>=AD80,"Cumple","No Cumple") -> Cumple | AF80: Cono de Arena 12" | AG80: =T55 -> Pila | AH80: =W55 -> 20
C81: =J16 -> 0 | D81: =L14 -> SGS-CA12-Z3-045 | E81: =L13 -> 46120 | F81: =J20 -> 0 | G81: =E13 -> SD5 - COT - Capa Nº 45 (12 Ciclos) | H81: =J22 -> 0 | I81: =J21*10 -> 0 | J81: =I18 -> 0.2 | K81: =L81+M81 -> 14 | L81: 14 | M81: 0 | N81: =J25 -> 0 | O81: =J23 -> 0 | P81: =J24 -> 0 | Q81: Cono de Arena | R81: =W63 -> SGS-C-Z3-020 | S81: =I60 -> 2.078 | T81: =W58 -> 9.2 | U81: =W64 -> 20.3 | V81: =W59 -> 8.2 | W81: =W62 -> C | X81: =J38 -> 0 | Y81: =J47 -> 0 | Z81: =J53 -> 0 | AA81: =J58 -> 0 | AB81: =J46 -> 0 | AC81: =IF(AA81="","",100*AA81/(S81)) -> 0 | AD81: 98 | AE81: =IF(AC81>=AD81,"Cumple","No Cumple") -> No Cumple | AF81: Cono de Arena 12" | AG81: =T55 -> Pila | AH81: =W55 -> 20
C82: =K16 -> 0 | D82: =L14 -> SGS-CA12-Z3-045 | E82: =L13 -> 46120 | F82: =K20 -> 0 | G82: =E13 -> SD5 - COT - Capa Nº 45 (12 Ciclos) | H82: =K22 -> 0 | I82: =K21*10 -> 0 | J82: =I18 -> 0.2 | K82: =L82+M82 -> 14 | L82: 14 | M82: 0 | N82: =K25 -> 0 | O82: =K23 -> 0 | P82: =K24 -> 0 | Q82: Cono de Arena | R82: =W63 -> SGS-C-Z3-020 | S82: =I60 -> 2.078 | T82: =W58 -> 9.2 | U82: =W64 -> 20.3 | V82: =W59 -> 8.2 | W82: =W62 -> C | X82: =K38 -> 0 | Y82: =K47 -> 0 | Z82: =K53 -> 0 | AA82: =K58 -> 0 | AB82: =K46 -> 0 | AC82: =IF(AA82="","",100*AA82/(S82)) -> 0 | AD82: 98 | AE82: =IF(AC82>=AD82,"Cumple","No Cumple") -> No Cumple | AF82: Cono de Arena 12" | AG82: =T55 -> Pila | AH82: =W55 -> 20

Sheet Cono Asumido
E1: SOCIEDAD MINERA CERRO VERDE S.A.A. | K1: ID del Documento: | M1: QC-C-019
E2: ASEGURAMIENTO DE CALIDAD | K2: Revisión: | M2: 2
E3: ENSAYO DE DENSIDAD DE CAMPO CONO DE ARENA ASTM D1556 | K3: Fecha: | M3: 45659
K4: Especialidad: | M4: Civil
B5: PROYECTO: | C5: PROYECTO: | E5: TL SADDLE DAM 1, 2, 4, 5. | J5: N° SISTEMA: | L5: CAP22027-C2-4000-0505
B6: PRODUCTO ENTREGABLE: | C6: PRODUCTO ENTREGABLE: | E6: RELLENO DE MATERIAL DEL NÚCLEO | J6: CÓDIGO FACILIDAD: | L6: CAP22027-C2-4000-0505-02/01
B7: CONTRATISTA: | C7: CONTRATISTA: | E7: OPEMIP | J7: FECHA: | L7: =+L13 -> 46120
B8: ESPECIFICACION: | C8: ESPECIFICACION: | E8: CAP220271490000-C2-4000-10-CS-112_0 | J8: N° REGISTRO:
B9: PLANOS: | C9: PLANOS: | J9: PÁGINA: | L9: DE
B11: ENSAYO DE CONO DE ARENA (ASTM D1556) | P11: Profundidad | R11: 150 | S11: 150
B12: Datos de la muestra | P12: Rodillo Pata de Cabra 825h (33 Tn) | R12: 14 | S12: 14
B13: UBICACIÓN DE LA MUESTRA: | E13: ='QC-C-019 (Cono Arena)'!E13 -> SD5 - COT - Capa Nº 45 (12 Ciclos) | K13: FECHA DE ENSAYO: | L13: ='QC-C-019 (Cono Arena)'!L13 -> 46120 | P13: Rodillo Pata de Cabra 825h (33 Tn) | R13: 5 | S13: 5
B14: MATERIAL: | E14: ='QC-C-019 (Cono Arena)'!E14 -> Zona 3 - Núcleo | K14: REGISTRO DE ENSAYO: | L14: ='QC-C-019 (Cono Arena)'!L14 -> SGS-CA12-Z3-045 | N14: 34 | P14: Rodillo Pata de Cabra Bomag (13 Tn) | R14: 0 | S14: 0
B15: TURNO: | E15: ='QC-C-019 (Cono Arena)'!E15 -> Día | K15: ENSAYADO POR: | L15: ='QC-C-019 (Cono Arena)'!L15 -> Percy Mollo | P15: Progresiva | R15: 1235.85 | S15: 1235.85
B16: Número de Prueba | I16: ='QC-C-019 (Cono Arena)'!I16 -> 49 | J16: ='QC-C-019 (Cono Arena)'!J16 -> 0
B17: Lado | I17: ='QC-C-019 (Cono Arena)'!I20 -> Inboard | J17: ='QC-C-019 (Cono Arena)'!J20 -> 0
B18: Espesor de Capa (cm) | I18: ='QC-C-019 (Cono Arena)'!I21 -> 30 | J18: ='QC-C-019 (Cono Arena)'!J21 -> 0
B19: Número de Capa | I19: ='QC-C-019 (Cono Arena)'!I22 -> 45 | J19: ='QC-C-019 (Cono Arena)'!J22 -> 0
B20: Coordenadas | H20: N: | I20: ='QC-C-019 (Cono Arena)'!I23 -> 8166207.5 | J20: ='QC-C-019 (Cono Arena)'!J23 -> 0 | N20: 1
H21: E: | I21: ='QC-C-019 (Cono Arena)'!I24 -> 222746.07 | J21: ='QC-C-019 (Cono Arena)'!J24 -> 0
H22: Cota: | I22: ='QC-C-019 (Cono Arena)'!I25 -> 2674.315 | J22: ='QC-C-019 (Cono Arena)'!J25 -> 0 | O22: 0.9773
B23: VOLUMEN DEL HOYO | O23: 0.9545
B24: 01 | C24: Peso de la arena + frasco | H24: (g) | I24: ='QC-C-019 (Cono Arena)'!I27 -> 51500 | J24: ='QC-C-019 (Cono Arena)'!J27 -> 0 | O24: =ROUND(+I24*$O$22,0) -> 50331 | P24: =ROUND(+J24*$O$22,0) -> 0 | Q24: =ROUND(+K24*$O$22,0) -> 0 | R24: =ROUND(+L24*$O$22,0) -> 0 | S24: =ROUND(+M24*$O$22,0) -> 0
B25: =+B24+1 -> 2 | C25: Peso de la arena remanente + frasco | H25: (g) | I25: ='QC-C-019 (Cono Arena)'!I28 -> 26500 | J25: ='QC-C-019 (Cono Arena)'!J28 -> 0 | O25: =ROUND(+I25*$O$23,0) -> 25294 | P25: =ROUND(+J25*$O$23,0) -> 0 | Q25: =ROUND(+K25*$O$23,0) -> 0 | R25: =ROUND(+L25*$O$23,0) -> 0 | S25: =ROUND(+M25*$O$23,0) -> 0
B26: =+B25+1 -> 3 | C26: Peso de la arena empleada (01-02) | H26: (g) | I26: =I24-I25 -> 25000 | J26: =J24-J25 -> 0 | M26: 6016
B27: =+B26+1 -> 4 | C27: Peso de la arena en el cono y plato | H27: (g) | I27: ='QC-C-019 (Cono Arena)'!I30 -> 7827 | J27: ='QC-C-019 (Cono Arena)'!J30 -> 0
B28: =+B27+1 -> 5 | C28: Peso de la arena en el hoyo (03-04) | H28: (g) | I28: =I26-I27 -> 17173 | J28: =J26-J27 -> 0 | M28: 4291
B29: =+B28+1 -> 6 | C29: Densidad de la arena | H29: (g/cm3) | I29: ='QC-C-019 (Cono Arena)'!I32 -> 1.348 | J29: ='QC-C-019 (Cono Arena)'!J32 -> 0
B30: =+B29+1 -> 7 | C30: Volumen del hoyo (05/06) | H30: (cm3) | I30: =ROUND(I28/I29,0) -> 12740 | J30: =ROUND(J28/J29,0) -> #DIV/0! | M30: 2899
B31: DENSIDAD SECA EN SITU DE LA MUESTRA TOTAL | O31: 0.99
B32: =+B30+1 -> 8 | C32: Peso de la muestra húmeda extraída del hoyo + recipiente | H32: (g) | I32: ='QC-C-019 (Cono Arena)'!I35 -> 29800 | J32: ='QC-C-019 (Cono Arena)'!J35 -> 0 | O32: =ROUND(+I32*$O$31,0) -> 29502 | P32: =ROUND(+J32*$O$31,0) -> 0 | Q32: =ROUND(+K32*$O$31,0) -> 0 | R32: =ROUND(+L32*$O$31,0) -> 0 | S32: =ROUND(+M32*$O$31,0) -> 0
B33: =+B32+1 -> 9 | C33: Peso del recipiente | H33: (g) | I33: ='QC-C-019 (Cono Arena)'!I36 -> 10 | J33: ='QC-C-019 (Cono Arena)'!J36 -> 0
B34: =+B33+1 -> 10 | C34: Peso de la muestra húmeda extraída del hoyo (08-09) | H34: (g) | I34: =I32-I33 -> 29790 | J34: =J32-J33 -> 0 | M34: =M32-M33 -> 0
B35: =+B34+1 -> 11 | C35: Densidad húmeda in situ (10/07) | H35: (g/cm3) | I35: =ROUND(I34/I30,3) -> 2.338 | J35: =ROUND(J34/J30,3) -> #DIV/0! | M35: =ROUND(M34/M30,3) -> 0
B36: =+B35+1 -> 12 | C36: Densidad seca in situ 11/(1+(19/100)) | H36: (g/cm3) | I36: =ROUND(I35/(1+(I44/100)),3) -> 2.937 | J36: =ROUND(J35/(1+(J44/100)),3) -> #DIV/0! | M36: =ROUND(M35/(1+(M44/100)),3) -> #DIV/0!
B37: CONTENIDO DE HUMEDAD DE LA FRACCIÓN FINA (ASTM D2216)
B38: =+B36+1 -> 13 | C38: Peso de la muestra húmeda + Tara | H38: (g) | I38: ='QC-C-019 (Cono Arena)'!I41 -> 2540 | J38: ='QC-C-019 (Cono Arena)'!J41 -> 0
B39: =+B38+1 -> 14 | C39: Peso de la muestra seca + Tara | H39: (g) | I39: 3050 | J39: 1835
B40: =+B39+1 -> 15 | C40: Peso del agua (13-14) | H40: (g) | I40: =+I38-I39 -> -510 | J40: =+J38-J39 -> -1835 | M40: =+M38-M39 -> 0
B41: =+B40+1 -> 16 | C41: Peso de la Tara | H41: (g) | I41: ='QC-C-019 (Cono Arena)'!I44 -> 1058.4 | J41: ='QC-C-019 (Cono Arena)'!J44 -> 0
B42: =+B41+1 -> 17 | C42: Peso de la muestra seca (14-16) | H42: (g) | I42: =+I39-I41 -> 1991.6 | J42: =+J39-J41 -> 1835 | M42: =+M39-M41 -> 0 | O42: 1.05
B43: =+B42+1 -> 18 | C43: % de humedad de la fracción fina (15/17*100) | H43: (%) | I43: =IF(I40="","",IF(I42="","",(I40/I42)*100)) -> -25.607552 | J43: =IF(J40="","",IF(J42="","",(J40/J42)*100)) -> -100 | M43: =IF(M40="","",IF(M42="","",(M40/M42)*100)) -> #DIV/0! | O43: =ROUND(+I43*$O$42,1) -> -26.9 | P43: =ROUND(+J43*$O$42,1) -> -105 | Q43: =ROUND(+K43*$O$42,1) -> 0 | R43: =ROUND(+L43*$O$42,1) -> 0 | S43: =ROUND(+M43*$O$42,1) -> #DIV/0!
B44: =+B43+1 -> 19 | C44: % de humedad de la muestra total (27*24+28*25)/100 | H44: (%) | I44: =ROUND(+(I53*I50+I54*I51)/100,1) -> -20.4 | J44: =ROUND(+(J53*J50+J54*J51)/100,1) -> #DIV/0! | M44: =ROUND(+(M53*M50+M54*M51)/100,1) -> #DIV/0!
B45: CORRECCIÓN DE LA DENSIDAD SECA Y CONTENIDO DE HUMEDAD (ASTM D4718) | T45: Valores de Humedad
B46: =+B44+1 -> 20 | C46: P. de la muestra seca extraída del hoyo (22+23) | H46: (g) | I46: =I48+I49 -> 37409 | J46: =J48+J49 -> #DIV/0! | M46: =M48+M49 -> #DIV/0! | O46: 1.062 | T46: =+G63-2 -> 6.2 | U46: mínimo
B47: =+B46+1 -> 21 | C47: P. del mat. extra dimensionado | H47: (g) | I47: 7005 | J47: 7729 | O47: =ROUND(+I47*$O$46,0) -> 7439 | P47: =ROUND(+J47*$O$46,0) -> 8208 | Q47: =ROUND(+K47*$O$46,0) -> 0 | R47: =ROUND(+L47*$O$46,0) -> 0 | S47: =ROUND(+M47*$O$46,0) -> 0 | T47: =+G63+2 -> 10.2 | U47: máximo
B48: =+B47+1 -> 22 | C48: P. del mat. extra dimensionado seco 21/(1+(27/100)) | H48: (g) | I48: =ROUND(+I47/(1+(I53/100)),0) -> 6781 | J48: =ROUND(+J47/(1+(J53/100)),0) -> 7482 | M48: =ROUND(+M47/(1+(M53/100)),0) -> 0
B49: =+B48+1 -> 23 | C49: P. seco de la fracción fina (10-21)/(1+18/100) | H49: (g) | I49: =ROUND(+(I34-I47)/(1+I43/100),0) -> 30628 | J49: =ROUND(+(J34-J47)/(1+J43/100),0) -> #DIV/0! | M49: =ROUND(+(M34-M47)/(1+M43/100),0) -> #DIV/0!
B50: =+B49+1 -> 24 | C50: % del material extra dimensionado (22/20*100) | H50: (%) | I50: =ROUND(+(I48/I46*100),1) -> 18.1 | J50: =ROUND(+(J48/J46*100),1) -> #DIV/0! | M50: =ROUND(+(M48/M46*100),1) -> #DIV/0!
B51: =+B50+1 -> 25 | C51: % del material de la fracción fina (23/20*100) | H51: (%) | I51: =ROUND(+(I49/I46*100),1) -> 81.9 | J51: =ROUND(+(J49/J46*100),1) -> #DIV/0! | M51: =ROUND(+(M49/M46*100),1) -> #DIV/0!
B52: =+B51+1 -> 26 | C52: Peso Especifico del material extra dimensionado (ASTM C127) | I52: =J63 -> 2.48 | J52: =J63 -> 2.48 | Q52: % DE COMPACTACIÓN CORREGIDA Y SIN CORREGIR | T52: Pila | W52: ='QC-C-019 (Cono Arena)'!W55 -> 20
B53: =+B52+1 -> 27 | C53: % de absorción del material extra dimensionado (ASTM C127) | I53: =W58 -> 3.3 | J53: =W58 -> 3.3 | N53: Código de Proctor Utilizado | Q53: STN-TF_Z3-SGS-061 | T53: Maxima Densidad Seca(g/cc) | W53: ='QC-C-019 (Cono Arena)'!W56 -> 2.078
B54: =+B53+1 -> 28 | C54: % de humedad de fracción fina (=18) | H54: (%) | I54: =I43 -> -25.607552 | J54: =J43 -> -100 | M54: =M43 -> #DIV/0! | N54: Método de Proctor Utilizado | Q54: =G62 -> C | T54: Maxima Densidad Seca (g/cc) | W54: ='QC-C-019 (Cono Arena)'!W57 -> 2.148
B55: =+B54+1 -> 29 | C55: Densidad Seca de la fraccón fina (12*26*25/(100*26-12*24)) | H55: (g/cm3) | I55: =ROUND(+I36*I52*I51/(100*I52-I36*I50),3) -> 3.062 | J55: =ROUND(+J36*J52*J51/(100*J52-J36*J50),3) -> #DIV/0! | M55: =ROUND(+M36*M52*M51/(100*M52-M36*M50),3) -> #DIV/0! | N55: Densidad Seca de la fraccón fina (12*26*25/(100*26-12*24)) | Q55: =+I55 -> 3.062 | R55: =+J55 -> #DIV/0! | S55: =+K55 -> 0 | T55: OCH(%) | W55: ='QC-C-019 (Cono Arena)'!W58 -> 9.2
B56: GRADO DE COMPACTACIÓN CORREGIDA | N56: Densidad seca in situ (Total) | Q56: =+I36 -> 2.937 | R56: =+J36 -> #DIV/0! | S56: =+K36 -> 0 | T56: OCH Corregida(%) | W56: ='QC-C-019 (Cono Arena)'!W59 -> 8.2
B57: =+B55+1 -> 30 | C57: Máxima densidad seca Sin Corregir | H57: (g/cm3) | I57: =W53 -> 2.078 | J57: =W53 -> 2.078 | N57: % del material extra dimensionado (De campo) | Q57: =+I50 -> 18.1 | R57: =+J50 -> #DIV/0! | S57: =+K50 -> 0 | T57: Greveda espicifica Bulk(g/cc) | W57: ='QC-C-019 (Cono Arena)'!W60 -> 2.48
B58: =+B57+1 -> 31 | C58: % de compactación (29/30)*100 | H58: (%) | I58: =ROUND(+(I55/I57)*100,1) -> 147.4 | J58: =ROUND(+(J55/J57)*100,1) -> #DIV/0! | L58: =ROUND(+(L55/L57)*100,1) -> #DIV/0! | M58: =ROUND(+(M55/M57)*100,1) -> #DIV/0! | N58: % del material extra dimensionado (Del Proctor) | Q58: 25 | R58: =+Q58 -> 25 | S58: =+R58 -> 25 | T58: % de Absorcion | W58: ='QC-C-019 (Cono Arena)'!W61 -> 3.3
C59: ACEPTACIÓN DEL ENSAYO DE ACUERDO A EETT (CUMPLE) / (NO CUMPLE) | I59: =+IF(I58>=G61,"CUMPLE","NO CUMPLE") -> CUMPLE | J59: =+IF(J58>=G61,"CUMPLE","NO CUMPLE") -> #DIV/0! | M59: =+IF(M58>=G61,"CUMPLE","NO CUMPLE") -> #DIV/0! | N59: Máxima densidad seca (Sin Corregir Proctor) | Q59: 2.029 | R59: 2.029 | S59: 2.029 | T59: Metodo de Proctor | W59: ='QC-C-019 (Cono Arena)'!W62 -> C
B60: CARACTERÍSTICAS FÍSICAS DEL MATERIAL | N60: Máxima densidad seca (Corregida Proctor) | Q60: 2.132 | R60: =+Q60 -> 2.132 | S60: =+R60 -> 2.132 | T60: Codigo de Ensayo | W60: ='QC-C-019 (Cono Arena)'!W63 -> SGS-C-Z3-020
B61: % Mínimo de Compactación Especificado EETT | G61: 98 | H61: Clasificación SUCS | J61: SC | K61: Límite Líquido | M61: =W63 -> 29 | N61: % de compactación (Fracción fina corregida) | Q61: =IF(Q21="-","",ROUND(+(Q55/Q59)*100,1)) -> 150.9 | R61: =IF(R21="-","",ROUND(+(R55/R59)*100,1)) -> #DIV/0! | S61: =IF(S21="-","",ROUND(+(S55/S59)*100,1)) -> 0 | T61: % Ret. de Material Extra Dimencioando | W61: ='QC-C-019 (Cono Arena)'!W64 -> 20.3
B62: Método de Ensayo (ASTM D698 Proctor Estándar) | G62: =W59 -> C | H62: Pasa Tamiz N° 200 | J62: =W62 -> 16.5 | K62: Limite Plástico | M62: =W64 -> 17 | N62: % de compactación (Muestra total) | Q62: =Q56/Q60*100 -> 137.75797 | R62: =R56/R60*100 -> #DIV/0! | S62: =S56/S60*100 -> 0 | T62: % Pasante Tamiz N°200 | W62: ='QC-C-019 (Cono Arena)'!W66 -> 16.5
B63: Óptimo Contenido de Humedad (Corregido) % | G63: =W56 -> 8.2 | H63: Peso especif. Piedra | J63: =W57 -> 2.48 | K63: Índice Plástico | M63: =W65 -> 12 | N63: Difrencia en % compactado | Q63: =Q61-Q62 -> 13.142026 | R63: =R61-R62 -> #DIV/0! | S63: =S61-S62 -> 0 | T63: Limite Liquido | W63: ='QC-C-019 (Cono Arena)'!W67 -> 29
B64: Observaciones: | D64: La compactación para la capa se realizo con rodillo BOMAG pata de cabra 13 Tn en la capa 3 (9 ciclos) los puntos para la realización de las pruebas 21 y 22, las | N64: Difrencia en % Grava | Q64: =Q57-Q58 -> -6.9 | R64: =R57-R58 -> #DIV/0! | S64: =S57-S58 -> -25 | T64: Limite Plastico | W64: ='QC-C-019 (Cono Arena)'!W68 -> 17
B65: ha designado la contratista OPEMIP, los ensayos de densidad por el método cono de arena es en soporte a la contratista OPEMIP. En coordinación con QA STANTEC. Los datos para | N65: VOLUMEN | O65: 371.06 | P65: M3 | Q65: =IF(Q21="-","",IF(Q61>=$G$61,"CUMPLE","NO CUMPLE")) -> CUMPLE | R65: =IF(R21="-","",IF(R61>=$G$61,"CUMPLE","NO CUMPLE")) -> #DIV/0! | S65: =IF(S21="-","",IF(S61>=$G$61,"CUMPLE","NO CUMPLE")) -> NO CUMPLE | T65: Indice Deplasticidad | W65: ='QC-C-019 (Cono Arena)'!W69 -> 12
B66: el caculo corresponden a los ensayos de la Pila N°14 con N° de Registro: (STN-SD5-Z7-123).
T69: 1.995
O70: 0.972
O71: 30604
O72: =ROUND(+O71*O70,0) -> 29747
C73: Item | E73: Código de Ensayo | F73: Registro Nº | G73: Nº Ensayo | H73: Sistema | I73: Fecha de Ensayo | J73: Ubicación | L73: N° Capa | M73: Espesor Capa (mm) | N73: Profund. Muestra (mm) | O73: Procedencia | P73: Laboratorio | S73: Grado de Compact. Especif. (%) | T73: Campo | W73: ¿Conforme o No Conforme? | X73: Equipo Utilizado
P74: Reg. Laboratorio (Proctor) | Q74: Maxima Densidad Seca Corregida (gr/cm3) | R74: Humedad Óptima Corregida (%) | T74: Densidad Seca (gr/cm3) | U74: Contenido Humedad (%) | V74: Grado Compact. (%)
J75: Sector | K75: Lado
C76: 1 | E76: =+L14 -> SGS-CA12-Z3-045 | F76: QC-C-19 | G76: 1 | H76: =+E13 -> SD5 - COT - Capa Nº 45 (12 Ciclos) | I76: =+L13 -> 46120 | J76: SD5 | K76: =+I17 -> Inboard | L76: =+I19 -> 45 | M76: 300 | N76: 150 | O76: =+E14 -> Zona 3 - Núcleo | P76: BV-LAB-Z7TF-003 | Q76: =+I57 -> 2.078 | R76: =+G63 -> 8.2 | S76: 98 | T76: =+I55 -> 3.062 | U76: =+I44 -> -20.4 | V76: =IF(T76="","",100*T76/(Q76)) -> 147.35322 | W76: =IF(V76>=S76,"Conforme","No Conforme") -> Conforme | X76: =+IF(MID(E76,8,2)="CA","CONO DE ARENA",IF(MID(E76,8,2)="DN","DENSÍMETRO NUCLEAR",IF(MID(E76,8,2)="RA","REEMPLAZO POR AGUA"))) -> FALSE
C77: =+C76+1 -> 2 | E77: =+E76 -> SGS-CA12-Z3-045 | F77: QC-C-19 | G77: 2 | H77: =+H76 -> SD5 - COT - Capa Nº 45 (12 Ciclos) | I77: =+I76 -> 46120 | J77: SD5 | K77: =+J17 -> 0 | L77: =+J19 -> 0 | M77: 300 | N77: 150 | O77: =+O76 -> Zona 3 - Núcleo | P77: BV-LAB-Z7TF-003 | Q77: =+Q76 -> 2.078 | R77: =+R76 -> 8.2 | S77: 98 | T77: =+J55 -> #DIV/0! | U77: =+J44 -> #DIV/0! | V77: =IF(T77="","",100*T77/(Q77)) -> #DIV/0! | W77: =IF(V77="","",IF(V77>=S77,"Conforme","No Conforme")) -> #DIV/0! | X77: =+IF(MID(E77,8,2)="CA","CONO DE ARENA",IF(MID(E77,8,2)="DN","DENSÍMETRO NUCLEAR",IF(MID(E77,8,2)="RA","REEMPLAZO POR AGUA"))) -> FALSE
C78: =+C77+1 -> 3 | E78: =+E77 -> SGS-CA12-Z3-045 | F78: QC-C-19 | G78: 3 | H78: =+H77 -> SD5 - COT - Capa Nº 45 (12 Ciclos) | I78: =+I77 -> 46120 | J78: SD5 | K78: =+K17 -> 0 | L78: =+K19 -> 0 | M78: 300 | N78: 150 | O78: =+O77 -> Zona 3 - Núcleo | P78: BV-LAB-Z7TF-003 | Q78: =+Q77 -> 2.078 | R78: =+R77 -> 8.2 | S78: 98 | T78: =+K55 -> 0 | U78: =+K44 -> 0 | V78: =IF(T78="","",100*T78/(Q78)) -> 0 | W78: =IF(V78="","",IF(V78>=S78,"Conforme","No Conforme")) -> No Conforme | X78: =+IF(MID(E78,8,2)="CA","CONO DE ARENA",IF(MID(E78,8,2)="DN","DENSÍMETRO NUCLEAR",IF(MID(E78,8,2)="RA","REEMPLAZO POR AGUA"))) -> FALSE
C79: =+C78+1 -> 4 | E79: =+E78 -> SGS-CA12-Z3-045 | F79: QC-C-19 | G79: 4 | H79: =+H78 -> SD5 - COT - Capa Nº 45 (12 Ciclos) | I79: =+I78 -> 46120 | J79: SD5 | K79: =+L17 -> 0 | L79: =+L19 -> 0 | M79: 300 | N79: 150 | O79: =+O78 -> Zona 3 - Núcleo | P79: BV-LAB-Z7TF-003 | Q79: =+Q78 -> 2.078 | R79: =+R78 -> 8.2 | S79: 98 | T79: =+L55 -> 0 | U79: =+L54 -> 0 | V79: =IF(T79="","",100*T79/(Q79)) -> 0 | W79: =IF(V79="","",IF(V79>=S79,"Conforme","No Conforme")) -> No Conforme | X79: =+IF(MID(E79,8,2)="CA","CONO DE ARENA",IF(MID(E79,8,2)="DN","DENSÍMETRO NUCLEAR",IF(MID(E79,8,2)="RA","REEMPLAZO POR AGUA"))) -> FALSE
C81: Ítem | D81: Código de Registro | E81: Fecha de Ensayo (Muestreo) | F81: Procedencia de la Muestra | H81: N° Capa | I81: Espesor Capa (mm) | J81: Profund. Muestra (mm) | K81: N° Ciclos | L81: Equipo Utilizado para Compactación de la Capa | N81: Progresivas | Q81: Cota | R81: Coordenadas | T81: Ensayo realizado | U81: Datos Laboratorio (Proctor ASTM D698) | AA81: Grado de Compact. EETT. (%) | AB81: Datos Campo (Cono de Arena ADTM D1556) | AH81: Grado de Compact. EETT. (%) | AI81: Cumplimiento EETT (Cumple / No Cumple) | AJ81: Equipo de Densidad Utilizado | AK81: Procedencia de Material para la Capa | AL81: Observaciones
L82: Rodillo Pata de Cabra 825h (33 Tn) | M82: Rodillo Pata de Cabra Bomag (13 Tn) | U82: Reg. Laboratorio | V82: Densidad Seca Sin Corregir (g/cm3) | W82: Humedad Óptima Sin Corregir (%) | X82: Material Sobretamaño (%) | Y82: Humedad Óptima Corregida (%) | Z82: Método Utilizado para Corrección | AB82: Densidad Húmeda (g/cm3) | AC82: Contenido Humedad Total (%) | AD82: Material Sobretamaño (%) | AE82: Densidad Seca Sin Corregir (g/cm3) | AF82: Contenido Humedad Fracción Fina (%) | AG82: Grado Compact. (%)
F83: Lado | G83: Ubicación | N83: Inicio | O83: Final | P83: Ensayo | R83: Norte | S83: Este
C84: =I16 -> 49 | D84: =L14 -> SGS-CA12-Z3-045 | E84: =L13 -> 46120 | F84: =I17 -> Inboard | G84: =E13 -> SD5 - COT - Capa Nº 45 (12 Ciclos) | H84: =I19 -> 45 | I84: =I18*10 -> 300 | J84: =R11 -> 150 | K84: =R13 -> 5 | L84: =R13 -> 5 | M84: =R14 -> 0 | N84: 1215.25 | O84: 1271.25 | P84: 1249.75 | Q84: =I22 -> 2674.315 | R84: =I20 -> 8166207.5 | S84: =I21 -> 222746.07 | T84: Cono de Arena | U84: =W60 -> SGS-C-Z3-020 | V84: =I57 -> 2.078 | W84: =W55 -> 9.2 | X84: =W61 -> 20.3 | Y84: =G63 -> 8.2 | Z84: =G62 -> C | AA84: =G61 -> 98 | AB84: =I35 -> 2.338 | AC84: =I44 -> -20.4 | AD84: =I50 -> 18.1 | AE84: =I55 -> 3.062 | AF84: =I43 -> -25.607552 | AG84: =IF(AE84="","",100*AE84/(V84)) -> 147.35322 | AH84: 98 | AI84: =IF(AG84>=AH84,"Cumple","No Cumple") -> Cumple | AJ84: Cono de Arena 6" | AK84: Pila N°14 | AL84: Capa retirada, no cumple EETT
C85: =J16 -> 0 | D85: =L14 -> SGS-CA12-Z3-045 | E85: =L13 -> 46120 | F85: =J17 -> 0 | G85: =E13 -> SD5 - COT - Capa Nº 45 (12 Ciclos) | H85: =J19 -> 0 | I85: =I18*10 -> 300 | J85: =R11 -> 150 | K85: =S13 -> 5 | L85: =R13 -> 5 | M85: =R14 -> 0 | N85: 1215.75 | O85: 1269.75 | P85: =R15 -> 1235.85 | Q85: =J22 -> 0 | R85: =J20 -> 0 | S85: =J21 -> 0 | T85: =T84 -> Cono de Arena | U85: =U84 -> SGS-C-Z3-020 | V85: =V84 -> 2.078 | W85: =W84 -> 9.2 | X85: =X84 -> 20.3 | Y85: =Y84 -> 8.2 | Z85: =Z84 -> C | AA85: =AA84 -> 98 | AB85: =J35 -> #DIV/0! | AC85: =J44 -> #DIV/0! | AD85: =J50 -> #DIV/0! | AE85: =J55 -> #DIV/0! | AF85: =J43 -> -100 | AG85: =J58 -> #DIV/0! | AH85: =AH84 -> 98 | AI85: =AI84 -> Cumple | AJ85: =AJ84 -> Cono de Arena 6" | AK85: =AK84 -> Pila N°14 | AL85: =AL84 -> Capa retirada, no cumple EETT
C86: =C85 -> 0 | D86: =D85 -> SGS-CA12-Z3-045 | E86: =E85 -> 46120 | F86: =C85 -> 0 | G86: =G85 -> SD5 - COT - Capa Nº 45 (12 Ciclos) | H86: =H85 -> 0 | I86: =I85 -> 300 | J86: =J85 -> 150 | K86: =K85 -> 5 | L86: =L85 -> 5 | M86: =M85 -> 0 | N86: =N85 -> 1215.75 | ... AL86: =AL85 -> Capa retirada, no cumple EETT
