Workbook

Sheet Cono de Arena
C1: Control de Calidad | F1: DENSIDAD DE CAMPO | J1: CV-GC-QC-FORCA-002
C2: Depósito de Relaves Enlozada | F2: CONO DE ARENA | J2: Ver. | K2: 0
F3: ASTM D1556 | J3: Fecha | K3: 46091
A4: Proyecto | C4: : Tailings Storage Facility | F4: Reporte Nº: | I4: =CONCATENATE("CV-DRE-QC-RCA-",TEXT(C10,"yy"),TEXT(MONTH(C10),"0#"),TEXT(DAY(C10),"0#"),"-",D10) -> CV-DRE-QC-RCA-250427-A
A5: Propietario | C5: : Sociedad Minera Cerro Verde | F5: Código de ensayo: | I5: CA-260000
A6: Gerencia | C6: : Relaves y Aguas | F6: Tipo de material: | I6: Arena de relaves
A7: Area | C7: : Operaciones Relaves C1 | F7: Ubicación: | I7: Depósito de Relaves Enlozada
A8: Guardia N° | C8: : 4 | F8: Fecha: | I8: =C10 -> 45774
A10: Fecha Muestreo: | C10: 45774 | D10: A | F10: Muestreado por: | I10: Anderson Apaza
A11: Fecha Ensayo: | C11: =C10 -> 45774 | D11: =D10 -> A | F11: Cono Ensayado por: | I11: Anderson Apaza
A12: Ubicacion ensayo: | C12: =CONCATENATE("Cancha ", 'Cono de Arena'!D17," , ",'Cono de Arena'!D18) -> Cancha 3A-M , Sp 39 | F12: Granul. ensayado por: | I12: Anderson Apaza | V12: Tecnicos
A13: Procedencia: | C13: Underflow de relaves ciclones N°2 | F13: Revisado por: | I13: Gustavo Muñoz | P13: Verificar última fecha de Calibraciones | T13: =HLOOKUP(Q16,P18:R21,4) -> 46116 | V13: Juan Carlos Marín
V14: Sergio Zapana
A15: CONO DE ARENA | V15: Francisco Vilcapaza
A16: Datos generales | F16: Contenido de humedad | J16: Muestra | K16: Pto proctor | P16: Colocar el N° de molde | Q16: 14 | V16: Paul Paz
A17: Cancha-Zona | D17: 3A-M | F17: N° Tara | J17: 22 | K17: 40 | V17: Hebert Asqui
A18: Spray Bar (Sb) - Spool (Sp) - Pórtico (P) | D18: Sp 39 | F18: Peso suelo húmedo + tara (g) | J18: 1029.5 | K18: 1098.1 | N18: Molde # | P18: 12 | Q18: 13 | R18: 14 | V18: Pablo Hinojosa
A19: Progresiva de Presa (E-O) | D19: 1273.74 | F19: Peso suelo seco + tara (g) | J19: 992.6 | K19: 1045.2 | N19: Peso | P19: 4118.4 | Q19: 4111.7 | R19: 4285.1 | V19: Edwin Chullo
A20: Distancia a eje de Presa (aguas abajo) (S-N) | D20: 385.12 | F20: Peso de la tara (g) | J20: 653.1 | K20: 721.6 | N20: Volumen | P20: 938.7 | Q20: 937.4 | R20: 940.8 | V20: Felix Tarqui M
A21: Cota de elevación (msnm) | D21: 2531.73 | F21: Peso del agua (g) | J21: =J18-J19 -> 36.9 | K21: =K18-K19 -> 52.9 | P21: 46116 | Q21: 46116 | R21: 46116 | V21: Gerson Gallegos
A22: Cono número | D22: 28 | F22: Peso del suelo seco (g) | J22: =J19-J20 -> 339.5 | K22: =K19-K20 -> 323.6 | V22: Jorge Pulcha
A23: Equipo utilizado | D23: D6R+B6T | F23: Contenido de humedad (%) | J23: =J21/J22 -> 0.10868925 | K23: =K21/K22 -> 0.16347342 | P23: Verificar última fecha de Calibraciones | T23: =HLOOKUP(D22,P24:R28,5) -> 46125 | V23: Brian Fernandez
A24: Nº de pasadas | D24: 8 | F24: Peso seco total (g) | J24: =+J22 -> 339.5 | N24: Cono # | P24: 28 | Q24: 29 | R24: 31 | V24: Niuler Mamani
V25: Juan Herrera
A26: Datos del ensayo y resultados | F26: Punto proctor, selección de curva y resultados | N26: Peso | P26: 1807 | Q26: 1813 | R26: 1904 | V26: Guillermo Perez
A27: Peso del material bruto (g) | D27: 4782 | F27: P. mat. + molde | G27: P. molde | H27: P. material | I27: Vol. molde | J27: D. húmeda | K27: D. seca | N27: Densidad | P27: 1.551 | Q27: 1.551 | R27: 1.541 | V27: Anderson Apaza
A28: Peso de la tara (g) | D28: 10 | F28: 6184 | G28: =IF(Q16=P18,P19,IF(Q16=Q18,Q19,IF(Q16=R18,R19))) -> 4285.1 | H28: =+F28-G28 -> 1898.9 | I28: =IF(Q16=P18,P20,IF(Q16=Q18,Q20,IF(Q16=R18,R20))) -> 940.8 | J28: =+H28/I28 -> 2.0183886 | K28: =J28/(1+K23) -> 1.7347956 | P28: 46125 | Q28: 46125 | R28: 46127 | V28: Jhon Villalobos
A29: Peso del suelo húmedo (g) | D29: =IF(D27=0,"",(D27-D28)) -> 4772 | F29: Curva adoptada | K29: Pto.Pr.
A30: Peso de la arena + frasco (g) | D30: 7800 | F30: Máxima densidad seca (g/cm3) | K30: 1.735
A31: Peso de la arena del cono (g) | D31: =IF(D22=P24,P26,IF(D22=Q24,Q26,IF(D22=R24,R26,IF(D22=S24,S26,IF(D22=T24,T26))))) -> 1807 | F31: Humedad óptima (%) | K31: 16.3
A32: Peso de la arena que queda + el frasco (g) | D32: 2108 | F32: Porcentaje de compactación (%) | K32: =D38/K30*100 -> 99.040288 | P32: Para Corrección de Granulometría
A33: Peso neto de la arena empleada (g) | D33: =IF(D30=0,"",(D30-D31-D32)) -> 3885 | F33: Compactación especificada (%) | K33: 0.98
A34: Densidad de la arena (g/cm³) | D34: =IF(D22=P24,P27,IF(D22=Q24,Q27,IF(D22=R24,R27,IF(D22=S24,S27,IF(D22=T24,T27))))) -> 1.551 | F34: Profundidad de ensayo (m) | K34: 0.15 | P34: =+J17 -> 22 | Q34: 22
A35: Volumen del hueco (cm³) | D35: =+D33/D34 -> 2504.8356 | F35: Valor asignado a densímetro (g/cm3) | K35: 1.727 | P35: =+J18 -> 1029.5 | Q35: 1029.5 | V35: Supervisores
A36: Densidad del suelo húmedo (g/cm3) | D36: =+D29/D35 -> 1.9051151 | F36: Porcentaje de compactación según densímetro (%) | K36: 100.9 | P36: =+J19 -> 992.6 | Q36: =(P36-P37)*(Q35-Q37)/(P35-P37)+Q37 -> 992.6 | V36: Francisco Vilcapaza
A37: Humedad contenida en el suelo (%) | D37: =+J23 -> 0.10868925 | F37: Pasó/Falló | K37: =IF(K32<=98,"Falló","Pasó") -> Pasó | P37: =+J20 -> 653.1 | Q37: 653.1 | V37: Guillermo Torres
A38: Densidad del suelo seco (g/cm3) | D38: =+D36/(1+D37) -> 1.718349 | F38: Ensayo de Densímetro asociado, código | K38: DN-260410 | V38: Gustavo Muñoz
A39: GRANULOMETRIA | V39: Juan Carlos Marin
F40: Tamices ASTM | G40: Abertura ( µm) | H40: Peso Ret. (g) | I40: % Ret. | J40: % Acum. | K40: % Pasa | V40: Robert Salas
V41: Sergio Zapana
F42: Nº 8 | G42: 2360 | H42: 0 | I42: =H42/'Cono de Arena'!$J$24*100 -> 0 | J42: =I42 -> 0 | K42: =100-J42 -> 100
F43: Nº 16 | G43: 1180 | H43: 0 | I43: =H43/'Cono de Arena'!$J$24*100 -> 0 | J43: =I43+J42 -> 0 | K43: =100-J43 -> 100
F44: Nº 30 | G44: 600 | H44: 5.5 | I44: =H44/'Cono de Arena'!$J$24*100 -> 1.6200295 | J44: =I44+J43 -> 1.6200295 | K44: =100-J44 -> 98.379971
F45: Nº 40 | G45: 425 | H45: 22 | I45: =H45/'Cono de Arena'!$J$24*100 -> 6.4801178 | J45: =I45+J44 -> 8.1001473 | K45: =100-J45 -> 91.899853 | V45: STANTEC
F46: Nº 50 | G46: 300 | H46: 59.6 | I46: =H46/'Cono de Arena'!$J$24*100 -> 17.555228 | J46: =I46+J45 -> 25.655376 | K46: =100-J46 -> 74.344624 | V46: Augusto Cotrina
F47: Nº 70 | G47: 212 | H47: 71.8 | I47: =H47/'Cono de Arena'!$J$24*100 -> 21.148748 | J47: =I47+J46 -> 46.804124 | K47: =100-J47 -> 53.195876 | V47: Baltazar Huayllani
F48: Nº 100 | G48: 150 | H48: 70.4 | I48: =H48/'Cono de Arena'!$J$24*100 -> 20.736377 | J48: =I48+J47 -> 67.540501 | K48: =100-J48 -> 32.459499 | V48: Dilman Arenas
F49: Nº 200 | G49: =0.075*1000 -> 75 | H49: 68.4 | I49: =H49/'Cono de Arena'!$J$24*100 -> 20.147275 | J49: =I49+J48 -> 87.687776 | K49: =100-J49 -> 12.312224 | V49: Edgar Valenzuela
F50: Fondo | H50: =J24-SUM(H42:H49) -> 41.8 | I50: =H50/$J$24*100 -> 12.312224 | J50: 0 | K50: 0 | V50: Edgard Sutta
H51: =SUM(H42:H50) -> 339.5 | K51: =+J24-H51 -> 0 | V51: Einor Arenas
A52: Observaciones: | V52: Fernando Valenzuela
V53: Jesus Zeballos
A54: Participan | B54: Participan | C54: Participan | D54: Nombres | I54: Firmas | V54: Juan Occ
A55: Ensaya cono arena -Técnico QA/QC | V55: Luis Diaz
A56: Ensaya granulometría - Técnico QA/QC | V56: Octavio Castro
A57: Revisa - Supervisor QC - SMCV | V57: Orlando Huanqui
A58: Verifica - Supervisor QA - STANTEC | V58: Philippe Lopez
V59: Rafael Pampachura
V60: Renzo Valdeiglesias
V61: Roger Dávila
V62: Victor Yañez
B64: RESUMEN DE GRANULOMETRIA
B65: Fecha | C65: Código | D65: Hora | F65: Cancha | G65: Sp, Sb, A8, A9 | H65: Este Oeste | I65: Sur Norte | J65: Cota | K65: Ensayo | L65: Peso de muestra (g) | M65: Porcentaje acumulado Pasante | U65: Responsable | V65: Turno
M66: Nº 8 | N66: Nº 16 | O66: Nº 30 | P66: Nº 40 | Q66: Nº 50 | R66: Nº 70 | S66: Nº 100 | T66: Nº 200
M67: 2.36 | N67: 1.19 | O67: 0.59 | P67: 0.42 | Q67: 0.297 | R67: 0.212 | S67: 0.15 | T67: 0.075
B68: =+C11 -> 45774 | C68: =+I5 -> CA-260000 | E68: SMCV | F68: =D17 -> 3A-M | G68: =D18 -> Sp 39 | H68: =D19 -> 1273.74 | I68: =D20 -> 385.12 | J68: =D21 -> 2531.73 | K68: Cono de arena | L68: =J24 -> 339.5 | M68: =K42 -> 100 | N68: =K43 -> 100 | O68: =K44 -> 98.379971 | P68: =K45 -> 91.899853 | Q68: =K46 -> 74.344624 | R68: =K47 -> 53.195876 | S68: =K48 -> 32.459499 | T68: =K49 -> 12.312224 | U68: =CHOOSE(LEN($D$57) - LEN(SUBSTITUTE($D$57," ","")) + 1, LEFT($D$57), LEFT($D$57, 1) & MID($D$57, FIND(" ", $D$57) + 1, 1), LEFT($D$57, 1) & MID($D$57, FIND(" ", $D$57) + 1, 1) & MID($D$57, FIND(" ", $D$57, FIND(" ", $D$57) + 1) + 1, 1)) | V68: =D10 -> A
B69: RESUMEN GENERAL
B70: Test No./ code (1) | C70: File No. | D70: Resp. Guar. | E70: Turn | F70: Lift No. | G70: Date | H70: Location | Y70: SPECIFIED COMPACTION: | AC70: 98 | AD70: % | AE70: Proctor Compaction | AH70: One-Point Proctor
H71: Easting | I71: Northing | J71: Elev. | K71: Cancha | L71: Sb/ Sp No. | M71: Depth (cm) | N71: No. Dens | O71: Corr. Moisture | P71: Moisture, % (6) | R71: Dry Density g/cm3 | T71: Wet density Dens | U71: Method (9) | V71: Compactor (5) | W71: Passes | X71: Real Passes | Y71: Specific Gravity | Z71: Max. Particle size | AA71: Percent passing (Control) | AE71: Max. Dry Density | AF71: Optimum Moisture | AG71: Curve Code | AH71: Dry Density | AI71: Wet density | AJ71: Moisture | AK71: Select. Curve | AL71: Moisture | AM71: Compaction % | AO71: Opinion (8) | AP71: Retest de/con | AQ71: Remarks
B72: SMCV-QC | O72: k | P72: Oven | Q72: Dens. | R72: Corr. | S72: Dens. | U72: N/S/PR | W72: # | X72: # | Y72: g/cm3 | AA72: No. 30 | AB72: No. 50 | AC72: No. 100 | AD72: No. 200 | AE72: g/cm3 | AF72: % | AH72: g/cm3 | AI72: g/cm3 | AJ72: % | AK72: No. | AL72: +/- | AM72: Pass | AN72: Failure
B73: IdCV | C73: File | D73: Resp. | E73: Turn | F73: Lift | G73: Date | H73: Este | I73: Norte | J73: Elev. | K73: Cancha | L73: SB | M73: e= | N73: #Dens | O73: k | P73: Hhorn | Q73: Hdens | R73: DDCorr | S73: DDDens | T73: WDDens | U73: N/S/PR | V73: EqComp | W73: Passes | Y73: GE | Z73: TM | AA73: No. 30 | AB73: No. 50 | AC73: No. 100 | AD73: No. 200 | AE73: PCMDD | AF73: Hópt | AG73: Curva | AH73: OPDD | AI73: OPWD | AJ73: OPHum | AK73: CurvRepr | AL73: HumCurv | AM73: Pass | AN73: Failure | AO73: Ok/No | AP73: Rtst
B74: =+C68 -> CA-260000 | D74: =CHOOSE(LEN($D$57) - LEN(SUBSTITUTE($D$57," ","")) + 1, LEFT($D$57), LEFT($D$57, 1) & MID($D$57, FIND(" ", $D$57) + 1, 1), LEFT($D$57, 1) & MID($D$57, FIND(" ", $D$57) + 1, 1) & MID($D$57, FIND(" ", $D$57, FIND(" ", $D$57) + 1) + 1, 1)) | E74: =+D11 -> A | G74: =+B68 -> 45774 | H74: =H68 -> 1273.74 | I74: =I68 -> 385.12 | J74: =J68 -> 2531.73 | K74: =F68 -> 3A-M | L74: =G68 -> Sp 39 | M74: 15 | P74: =J23*100 -> 10.868925 | R74: =D38 -> 1.718349 | T74: =D36 -> 1.9051151 | U74: S | V74: =+D23 -> D6R+B6T | W74: =IF(X74=8,6,"4/4") -> 4/4 | X74: =+D24 -> 8 | Z74: =IF(H43=0,"N° 16",IF(H42=0,"N° 8","N° 16")) -> N° 16 | AA74: =O68 -> 98.379971 | AB74: =Q68 -> 74.344624 | AC74: =S68 -> 32.459499 | AD74: =T68 -> 12.312224 | AE74: =+K30 -> 1.735 | AF74: =+K31 -> 16.3 | AG74: =+K29 -> Pto.Pr. | AH74: =+K28 -> 1.7347956 | AI74: =+J28 -> 2.0183886 | AJ74: =+K23*100 -> 16.347342 | AK74: =AG74 -> Pto.Pr. | AL74: =+(AF74-AJ74) -> -0.047342398 | AM74: =+IF(K32>=98,K32,"") -> 99.040288 | AN74: =+IF(K32>=98,"",K32) | AO74: =IF(AN74="","OK","NO") -> OK | AP74: =C52 -> 0 | AQ74: =+K38 -> DN-260410
B75: RESUMEN PROTOCOLO
B76: Test No./ code (1) | C76: Turn | D76: Date | L76: Proctor Compaction
E77: easting | F77: northing | G77: Elev. | H77: Cancha | I77: Sb/ Sp No. | J77: Moisture, % (6) | K77: Dry Density g/cm3 | L77: Max. Dry Density | M77: Select. Curve | N77: Compaction % | O77: Retest
B78: SMCV-QC | J78: Oven | K78: Corr. | L78: g/cm3 | M78: No.
B79: IdCV | C79: Turn | D79: Date | E79: Este | F79: Norte | G79: Elev. | H79: Cancha | I79: SB | J79: Hhorn | K79: DDCorr | L79: PCMDD | M79: CurvRepr
B80: =B74 -> CA-260000 | C80: =D11 -> A | D80: =G74 -> 45774 | E80: =D19 -> 1273.74 | F80: =I74 -> 385.12 | G80: =J74 -> 2531.73 | H80: =K74 -> 3A-M | I80: =L74 -> Sp 39 | J80: =P74 -> 10.868925 | K80: =R74 -> 1.718349 | L80: =+AE74 -> 1.735 | M80: =AG74 -> Pto.Pr. | N80: =IF(AM74>=98,AM74,AN74) -> 99.040288 | O80: =+C52 -> 0
B85: RESUMEN DE GRANULOMETRIA PROTOCOLO
B86: =+B68 -> 45774 | C86: =+B80 -> CA-260000 | D86: =+F68 -> 3A-M | E86: =D18 -> Sp 39 | F86: =+H68 -> 1273.74 | G86: =+I68 -> 385.12 | H86: =J68 -> 2531.73 | I86: =+T68 -> 12.312224 | J86: =+AQ74 -> DN-260410
B89: REPORTE DIARIO
B90: Ubicación de los ensayo | D90: =D17 -> 3A-M
B91: Código de ensayo | D91: =I5 -> CA-260000
B92: % de compactacion | D92: =K32 -> 99.040288
B93: % de finos | D93: =K49 -> 12.312224
